Protocollo;Gruppo;DataOraIncidente;Localizzazione1;STRADA1;Localizzazione2;STRADA2;Strada02;Chilometrica;DaSpecificare;NaturaIncidente;particolaritastrade;TipoStrada;FondoStradale;Pavimentazione;Segnaletica;CondizioneAtmosferica;Traffico;Visibilita;Illuminazione;NUM_FERITI;NUM_RISERVATA;NUM_MORTI;NUM_ILLESI;Longitudine;Latitudine;Confermato;Progressivo;TipoVeicolo;StatoVeicolo;Marca;Modello;TipoPersona;AnnoNascita;Sesso;Tipolesione;Deceduto;DecedutoDopo;CinturaCascoUtilizzato;Airbag;
3667059;11;02/02/2018 16:15:00;Strada Urbana;VIA DEL SERAFICO;in corrispondenza;;del civico n.;1;;Scontro frontale/laterale SX fra veicoli in marcia;Rettilineo;Una carreggiata a doppio senso;Bagnato (pioggia);Asfaltata;Verticale ed orizzontale;Nuvoloso;Normale;Buona;Ore Diurne;0;0;0;4;;;0;2;Autovettura privata;In marcia / fermata / arresto;Nissan;QASHQAI;Conducente;1966;M;Illeso;0;;Non accertato;Inesploso
3667059;11;02/02/2018 16:15:00;Strada Urbana;VIA DEL SERAFICO;in corrispondenza;;del civico n.;1;;Scontro frontale/laterale SX fra veicoli in marcia;Rettilineo;Una carreggiata a doppio senso;Bagnato (pioggia);Asfaltata;Verticale ed orizzontale;Nuvoloso;Normale;Buona;Ore Diurne;0;0;0;4;;;0;2;Autovettura privata;In marcia / fermata / arresto;Nissan;QASHQAI;Passeggero;1976;M;Illeso;0;;Non accertato;Inesploso
3667079;17;02/02/2018 10:30:00;Strada Urbana;VIA SABOTINO;all'intersezione con;VIA MONTE SANTO;VIA MONTE SANTO;;;Scontro frontale/laterale SX fra veicoli in marcia;Incrocio;Due carreggiate;Bagnato (umidità in atto);Asfaltata;Verticale ed orizzontale;Nuvoloso;Normale;Buona;Ore Diurne;0;0;0;2;12,46085;41,91672;0;1;Autovettura privata;In marcia / fermata / arresto;Renault;Clio;Conducente;1983;F;Illeso;0;;;
3667079;17;02/02/2018 10:30:00;Strada Urbana;VIA SABOTINO;all'intersezione con;VIA MONTE SANTO;VIA MONTE SANTO;;;Scontro frontale/laterale SX fra veicoli in marcia;Incrocio;Due carreggiate;Bagnato (umidità in atto);Asfaltata;Verticale ed orizzontale;Nuvoloso;Normale;Buona;Ore Diurne;0;0;0;2;12,46085;41,91672;0;2;Autovettura privata;In marcia / fermata / arresto;Ford;Focus;Conducente;1980;M;Illeso;0;;;
3667089;11;02/02/2018 17:50:00;Strada Urbana;VIA LAURENTINA;da specificare;;;;prossimità VIA DEL SERAFICO;Scontro laterale fra veicoli in marcia;Rettilineo;Due carreggiate;Bagnato (pioggia);Asfaltata;Verticale ed orizzontale;Nuvoloso;Normale;Buona;Sufficiente;0;0;0;1;12,48047;41,83005;0;1;Autovettura privata;In marcia / fermata / arresto;Ford;Fiesta;Conducente;1987;M;Illeso;0;;Non accertato;Inesploso
3667138;6;02/02/2018 17:15:00;Strada Urbana;VIA DI ACQUA BULLICANTE;in corrispondenza;;del civico n.;146;;Investimento di pedone;Rettilineo;Una carreggiata a doppio senso;Asciutto;Asfaltata;Verticale ed orizzontale;Nuvoloso;Intenso;Buona;Ore Diurne;1;0;0;1;12,54347;41,88561;-1;;;;;;Pedone;2001;M;Rifiuta cure immediate;0;NON DECEDUTO;;
3667138;6;02/02/2018 17:15:00;Strada Urbana;VIA DI ACQUA BULLICANTE;in corrispondenza;;del civico n.;146;;Investimento di pedone;Rettilineo;Una carreggiata a doppio senso;Asciutto;Asfaltata;Verticale ed orizzontale;Nuvoloso;Intenso;Buona;Ore Diurne;1;0;0;1;12,54347;41,88561;-1;1;Autovettura privata;In marcia / fermata / arresto;Renault;Clio;Conducente;1959;F;Illeso;0;;Non accertato;Inesploso
3667148;18;02/02/2018 17:50:00;Strada Urbana;VIA S. SECONDA;in corrispondenza;;del civico n.;15D;;Veicolo in marcia contro veicolo fermo;Pendenza;Una carreggiata a doppio senso;Asciutto;Asfaltata;Assente;Sereno;Normale;Buona;Sufficiente;1;0;0;1;12,3677;41,91748;-1;1;Autovettura privata;In marcia / fermata / arresto;Seat;Cordoba;Conducente;1972;M;Illeso;0;;Non accertato;Inesploso
3667148;18;02/02/2018 17:50:00;Strada Urbana;VIA S. SECONDA;in corrispondenza;;del civico n.;15D;;Veicolo in marcia contro veicolo fermo;Pendenza;Una carreggiata a doppio senso;Asciutto;Asfaltata;Assente;Sereno;Normale;Buona;Sufficiente;1;0;0;1;12,3677;41,91748;-1;2;Autovettura privata;In marcia / fermata / arresto;Fiat;Panda;Conducente;1928;M;Rifiuta cure immediate;0;NON DECEDUTO;Non accertato;Inesistente
3667162;8;02/02/2018 07:00:00;;VIA MARTINO ROTA;in prossimità;;del civico n.;45;;Veicolo in marcia contro ostacolo accidentale;;;;;;;;;;0;0;0;1;12,62747;41,87057;0;1;Autovettura privata;In marcia / fermata / arresto;Fiat;Panda;Conducente;1988;;Illeso;0;;;
3667170;8;02/02/2018 11:00:00;;VIALE OXFORD;da specificare;;;;prox piazzale Oxford;Veicolo in marcia contro ostacolo fisso;;;;;;;;;;0;0;0;1;12,62653;41,85666;0;1;Autovettura privata;In marcia / fermata / arresto;Renault;Twingo;Conducente;1990;;Illeso;0;;;
3667172;8;02/02/2018 12:00:00;;VIA CISTERNINO;in prossimità;;del civico n.;51;;Scontro frontale/laterale SX fra veicoli in marcia;;;;;;;;;;0;0;0;1;12,61494;41,88303;0;1;Autovettura privata;In marcia / fermata / arresto;Mercedes;C200;Conducente;1974;M;Illeso;0;;Non accertato;Inesploso
3667176;1;02/02/2018 16:30:00;Strada Urbana;VIA EMANUELE FILIBERTO;in corrispondenza;;del civico n.;179;;Scontro frontale/laterale DX fra veicoli in marcia;Rettilineo;Una carreggiata a doppio senso;Bagnato (umidità in atto);Asfaltata;Verticale ed orizzontale;Nuvoloso;Normale;Sufficiente;Ore Diurne;0;0;0;2;12,50684;41,88976;-1;1;Autovettura privata;In marcia / fermata / arresto;Toyota;Rav 4;Conducente;1952;M;Illeso;0;;Non accertato;Inesploso
3667176;1;02/02/2018 16:30:00;Strada Urbana;VIA EMANUELE FILIBERTO;in corrispondenza;;del civico n.;179;;Scontro frontale/laterale DX fra veicoli in marcia;Rettilineo;Una carreggiata a doppio senso;Bagnato (umidità in atto);Asfaltata;Verticale ed orizzontale;Nuvoloso;Normale;Sufficiente;Ore Diurne;0;0;0;2;12,50684;41,88976;-1;2;Autovettura privata;In marcia / fermata / arresto;Suzuki;Swift;Conducente;1976;M;Illeso;0;;Non accertato;Inesploso
3667177;8;02/02/2018 16:40:00;;VIA BORGHESIANA;all'intersezione con;VIA MONTELEPRE;VIA MONTELEPRE;;;Tamponamento Multiplo;;;;;;;;;;0;0;0;3;12,66828;41,88363;0;2;Autovettura privata;In marcia / fermata / arresto;Toyota;Yaris;Conducente;1995;;Illeso;0;;;
3667177;8;02/02/2018 16:40:00;;VIA BORGHESIANA;all'intersezione con;VIA MONTELEPRE;VIA MONTELEPRE;;;Tamponamento Multiplo;;;;;;;;;;0;0;0;3;12,66828;41,88363;0;3;Autovettura privata;In marcia / fermata / arresto;Opel;Meriva;Conducente;1990;;Illeso;0;;;
3667177;8;02/02/2018 16:40:00;;VIA BORGHESIANA;all'intersezione con;VIA MONTELEPRE;VIA MONTELEPRE;;;Tamponamento Multiplo;;;;;;;;;;0;0;0;3;12,66828;41,88363;0;3;Autovettura privata;In marcia / fermata / arresto;Opel;Meriva;Passeggero;2000;F;Illeso;0;;;
3667181;15;02/02/2018 18:45:00;Strada Urbana;VIA PORTUENSE;in corrispondenza;;del civico n.;558;;Scontro laterale fra veicoli in marcia;Rettilineo;Una carreggiata a doppio senso;Asciutto;Asfaltata;Orizzontale;Nuvoloso;Normale;Buona;Sufficiente;0;0;0;2;;;0;1;Autovettura privata;In marcia / fermata / arresto;Toyota;Yaris;Conducente;1966;M;Illeso;0;;Non accertato;Inesploso
3667181;15;02/02/2018 18:45:00;Strada Urbana;VIA PORTUENSE;in corrispondenza;;del civico n.;558;;Scontro laterale fra veicoli in marcia;Rettilineo;Una carreggiata a doppio senso;Asciutto;Asfaltata;Orizzontale;Nuvoloso;Normale;Buona;Sufficiente;0;0;0;2;;;0;2;Autovettura privata;In marcia / fermata / arresto;Toyota;VERSO;Conducente;1972;M;Illeso;0;;Non accertato;Inesploso
3667183;8;01/02/2018 21:00:00;;VIA DEL FOSSO DI S. MAURA;all'intersezione con;VIALE ANTONIO CIAMARRA;VIALE ANTONIO CIAMARRA;;;Scontro frontale/laterale SX fra veicoli in marcia;;;;;;;;;;0;0;0;2;12,59146;41,85865;0;1;Autovettura privata;In marcia / fermata / arresto;Fiat;Seicento;Conducente;1991;M;Illeso;0;;;
3667183;8;01/02/2018 21:00:00;;VIA DEL FOSSO DI S. MAURA;all'intersezione con;VIALE ANTONIO CIAMARRA;VIALE ANTONIO CIAMARRA;;;Scontro frontale/laterale SX fra veicoli in marcia;;;;;;;;;;0;0;0;2;12,59146;41,85865;0;2;Autovettura privata;In marcia / fermata / arresto;Alfa Romeo;MITO;Conducente;1991;F;Illeso;0;;Non accertato;Esploso
3667205;19;02/02/2018 08:50:00;Strada Urbana;GALLERIA GIOVANNI XXIII;in prossimità;;della chilometrica;2.5;;Veicolo in marcia contro ostacolo fisso;Galleria illuminata;Una carreggiata a senso unico di marcia;Bagnato (pioggia);Asfaltata;Orizzontale;Pioggia in atto;Normale;Buona;Ore Diurne;0;0;0;2;12,44128;41,94052;0;1;Autovettura privata;In marcia / fermata / arresto;Renault;Megane Scenic;Conducente;1967;F;Illeso;0;;Non accertato;Inesploso
3667205;19;02/02/2018 08:50:00;Strada Urbana;GALLERIA GIOVANNI XXIII;in prossimità;;della chilometrica;2.5;;Veicolo in marcia contro ostacolo fisso;Galleria illuminata;Una carreggiata a senso unico di marcia;Bagnato (pioggia);Asfaltata;Orizzontale;Pioggia in atto;Normale;Buona;Ore Diurne;0;0;0;2;12,44128;41,94052;0;1;Autovettura privata;In marcia / fermata / arresto;Renault;Megane Scenic;Passeggero;1963;M;Illeso;0;;Non accertato;Esploso
3667214;19;02/02/2018 11:50:00;Strada Urbana;VIA DEL FORTE TRIONFALE;in prossimità;;del civico n.;8;;Scontro laterale fra veicoli in marcia;Rettilineo;Una carreggiata a doppio senso;Asciutto;Asfaltata;Orizzontale;Nuvoloso;Normale;Buona;Ore Diurne;0;0;0;2;12,4327;41,93837;-1;1;Autovettura privata;In marcia / fermata / arresto;Fiat;500;Conducente;1970;F;Illeso;0;;;
3667214;19;02/02/2018 11:50:00;Strada Urbana;VIA DEL FORTE TRIONFALE;in prossimità;;del civico n.;8;;Scontro laterale fra veicoli in marcia;Rettilineo;Una carreggiata a doppio senso;Asciutto;Asfaltata;Orizzontale;Nuvoloso;Normale;Buona;Ore Diurne;0;0;0;2;12,4327;41,93837;-1;2;Autovettura privata;In marcia / fermata / arresto;Fiat;500 abarth;Conducente;1979;M;Illeso;0;;;
3667224;15;02/02/2018 16:10:00;;VIA LEONARDO GREPPI;all'intersezione con;VIALE DI VIGNA PIA;VIALE DI VIGNA PIA;;;Scontro frontale/laterale SX fra veicoli in marcia;;;;;;;;;;1;0;0;1;12,45882;41,86276;0;1;Autovettura privata;In marcia / fermata / arresto;Citroen;C 3;Conducente;0;F;Illeso;0;;;
3667224;15;02/02/2018 16:10:00;;VIA LEONARDO GREPPI;all'intersezione con;VIALE DI VIGNA PIA;VIALE DI VIGNA PIA;;;Scontro frontale/laterale SX fra veicoli in marcia;;;;;;;;;;1;0;0;1;12,45882;41,86276;0;2;Motociclo a solo;In marcia / fermata / arresto;Piaggio;Liberty;Conducente;1977;F;Rifiuta cure immediate;0;NON DECEDUTO;Utilizzato;
3667563;15;03/02/2018 03:00:00;Strada Urbana;LUNGOTEVERE DI PIETRA PAPA;all'intersezione con;VIA ENRICO FERMI;VIA ENRICO FERMI;;;Veicolo in marcia contro ostacolo fisso;Rotatoria;Due carreggiate;Bagnato (pioggia);Asfaltata;Orizzontale;Pioggia in atto;Scarso;Buona;Sufficiente;1;0;0;2;12,47431;41,86288;-1;1;Autovettura privata;In marcia / fermata / arresto;Fiat;500;Conducente;1995;M;Illeso;0;;Non accertato;
3667563;15;03/02/2018 03:00:00;Strada Urbana;LUNGOTEVERE DI PIETRA PAPA;all'intersezione con;VIA ENRICO FERMI;VIA ENRICO FERMI;;;Veicolo in marcia contro ostacolo fisso;Rotatoria;Due carreggiate;Bagnato (pioggia);Asfaltata;Orizzontale;Pioggia in atto;Scarso;Buona;Sufficiente;1;0;0;2;12,47431;41,86288;-1;1;Autovettura privata;In marcia / fermata / arresto;Fiat;500;Passeggero;1993;M;Rimandato;0;NON DECEDUTO;Non accertato;
3667563;15;03/02/2018 03:00:00;Strada Urbana;LUNGOTEVERE DI PIETRA PAPA;all'intersezione con;VIA ENRICO FERMI;VIA ENRICO FERMI;;;Veicolo in marcia contro ostacolo fisso;Rotatoria;Due carreggiate;Bagnato (pioggia);Asfaltata;Orizzontale;Pioggia in atto;Scarso;Buona;Sufficiente;1;0;0;2;12,47431;41,86288;-1;1;Autovettura privata;In marcia / fermata / arresto;Fiat;500;Passeggero;1999;M;Illeso;0;;Non accertato;
3667564;8;02/02/2018 23:40:00;;VIA MEROPE;in prossimità;;del civico n.;15;;Scontro frontale/laterale DX fra veicoli in marcia;;;;;;;;;;0;0;0;6;12,61793;41,87275;0;1;Autovettura privata;In marcia / fermata / arresto;Ford;Fiesta;Conducente;1992;M;Illeso;0;;Non accertato;Inesploso
3667564;8;02/02/2018 23:40:00;;VIA MEROPE;in prossimità;;del civico n.;15;;Scontro frontale/laterale DX fra veicoli in marcia;;;;;;;;;;0;0;0;6;12,61793;41,87275;0;1;Autovettura privata;In marcia / fermata / arresto;Ford;Fiesta;Passeggero;1996;M;Illeso;0;;Non accertato;Inesploso
3667564;8;02/02/2018 23:40:00;;VIA MEROPE;in prossimità;;del civico n.;15;;Scontro frontale/laterale DX fra veicoli in marcia;;;;;;;;;;0;0;0;6;12,61793;41,87275;0;2;Autovettura privata;In marcia / fermata / arresto;Fiat;Uno;Conducente;1961;;Illeso;0;;;
3667564;8;02/02/2018 23:40:00;;VIA MEROPE;in prossimità;;del civico n.;15;;Scontro frontale/laterale DX fra veicoli in marcia;;;;;;;;;;0;0;0;6;12,61793;41,87275;0;2;Autovettura privata;In marcia / fermata / arresto;Fiat;Uno;Passeggero;1999;M;Illeso;0;;Non accertato;Inesistente
3667564;8;02/02/2018 23:40:00;;VIA MEROPE;in prossimità;;del civico n.;15;;Scontro frontale/laterale DX fra veicoli in marcia;;;;;;;;;;0;0;0;6;12,61793;41,87275;0;2;Autovettura privata;In marcia / fermata / arresto;Fiat;Uno;Passeggero;2000;M;Illeso;0;;Non accertato;Inesploso
3667568;8;03/02/2018 00:15:00;;VIA DEL TORRACCIO DI TORRENOVA;in prossimità;;del civico n.;91/d;;Veicolo in marcia contro veicolo fermo;;;;;;;;;;0;0;0;2;12,62714;41,86693;0;1;Autovettura privata;In marcia / fermata / arresto;BMW;320;Conducente;1990;M;Illeso;0;;Non accertato;Inesploso
3667568;8;03/02/2018 00:15:00;;VIA DEL TORRACCIO DI TORRENOVA;in prossimità;;del civico n.;91/d;;Veicolo in marcia contro veicolo fermo;;;;;;;;;;0;0;0;2;12,62714;41,86693;0;1;Autovettura privata;In marcia / fermata / arresto;BMW;320;Passeggero;1981;M;Illeso;0;;;
3667570;8;03/02/2018 03:50:00;;VIA ESTERZILI;in prossimità;;del civico n.;30;;Veicolo in marcia contro veicolo fermo;;;;;;;;;;0;0;0;2;12,68276;41,88816;0;1;Autocarro inferiore 35 q.;In marcia / fermata / arresto;Citroen;Jumpy;Conducente;1991;M;Illeso;0;;Non accertato;Inesploso
3667570;8;03/02/2018 03:50:00;;VIA ESTERZILI;in prossimità;;del civico n.;30;;Veicolo in marcia contro veicolo fermo;;;;;;;;;;0;0;0;2;12,68276;41,88816;0;2;Autovettura privata;In marcia / fermata / arresto;Fiat-Lancia;YPSILON;Conducente;1976;M;Illeso;0;;Non accertato;Esploso
3667639;20;02/02/2018 18:30:00;Strada Urbana;CORSO DI FRANCIA;da specificare;;;;in prossimità di via Villa Severini;Investimento di pedone;Rettilineo;Più di due carreggiate;Asciutto;Asfaltata;Orizzontale;Nuvoloso;Intenso;Sufficiente;Sufficiente;1;0;0;4;;;0;;;;;;Pedone;1934;M;Rimandato;0;NON DECEDUTO;;
3667639;20;02/02/2018 18:30:00;Strada Urbana;CORSO DI FRANCIA;da specificare;;;;in prossimità di via Villa Severini;Investimento di pedone;Rettilineo;Più di due carreggiate;Asciutto;Asfaltata;Orizzontale;Nuvoloso;Intenso;Sufficiente;Sufficiente;1;0;0;4;;;0;1;Autovettura privata;In marcia / fermata / arresto;Alfa Lancia;Y;Conducente;1966;M;Illeso;0;;Non accertato;
3667639;20;02/02/2018 18:30:00;Strada Urbana;CORSO DI FRANCIA;da specificare;;;;in prossimità di via Villa Severini;Investimento di pedone;Rettilineo;Più di due carreggiate;Asciutto;Asfaltata;Orizzontale;Nuvoloso;Intenso;Sufficiente;Sufficiente;1;0;0;4;;;0;1;Autovettura privata;In marcia / fermata / arresto;Alfa Lancia;Y;Passeggero;1971;M;Illeso;0;;;
3667639;20;02/02/2018 18:30:00;Strada Urbana;CORSO DI FRANCIA;da specificare;;;;in prossimità di via Villa Severini;Investimento di pedone;Rettilineo;Più di due carreggiate;Asciutto;Asfaltata;Orizzontale;Nuvoloso;Intenso;Sufficiente;Sufficiente;1;0;0;4;;;0;1;Autovettura privata;In marcia / fermata / arresto;Alfa Lancia;Y;Passeggero;1994;F;Illeso;0;;;
3667639;20;02/02/2018 18:30:00;Strada Urbana;CORSO DI FRANCIA;da specificare;;;;in prossimità di via Villa Severini;Investimento di pedone;Rettilineo;Più di due carreggiate;Asciutto;Asfaltata;Orizzontale;Nuvoloso;Intenso;Sufficiente;Sufficiente;1;0;0;4;;;0;2;Motociclo a solo;In marcia / fermata / arresto;Honda;SH 300;Conducente;1956;M;Illeso;0;;;
3667655;23;02/02/2018 15:55:00;Strada Urbana;VIA CRISTOFORO COLOMBO;all'intersezione con;VIA ALESSANDRO STRADELLA;VIA ALESSANDRO STRADELLA;;;Scontro frontale/laterale DX fra veicoli in marcia;Intersezione stradale segnalata;Più di due carreggiate;Bagnato (pioggia);Asfaltata;Verticale;Nuvoloso;Normale;Buona;Ore Diurne;0;0;0;3;12,35334;41,74201;-1;1;Autovettura privata;In marcia / fermata / arresto;Nissan;Micra;Conducente;1998;M;Illeso;0;;Non accertato;Inesploso
3667655;23;02/02/2018 15:55:00;Strada Urbana;VIA CRISTOFORO COLOMBO;all'intersezione con;VIA ALESSANDRO STRADELLA;VIA ALESSANDRO STRADELLA;;;Scontro frontale/laterale DX fra veicoli in marcia;Intersezione stradale segnalata;Più di due carreggiate;Bagnato (pioggia);Asfaltata;Verticale;Nuvoloso;Normale;Buona;Ore Diurne;0;0;0;3;12,35334;41,74201;-1;1;Autovettura privata;In marcia / fermata / arresto;Nissan;Micra;Passeggero;2001;F;Illeso;0;;Non accertato;Inesploso
3667655;23;02/02/2018 15:55:00;Strada Urbana;VIA CRISTOFORO COLOMBO;all'intersezione con;VIA ALESSANDRO STRADELLA;VIA ALESSANDRO STRADELLA;;;Scontro frontale/laterale DX fra veicoli in marcia;Intersezione stradale segnalata;Più di due carreggiate;Bagnato (pioggia);Asfaltata;Verticale;Nuvoloso;Normale;Buona;Ore Diurne;0;0;0;3;12,35334;41,74201;-1;2;Autocarro inferiore 35 q.;In marcia / fermata / arresto;Fiat;Doblo';Conducente;1999;M;Illeso;0;;Non accertato;Inesploso
3667674;19;02/02/2018 16:40:00;;VIA TRIONFALE;all'intersezione con;VIA PIER PAOLO PASOLINI;VIA PIER PAOLO PASOLINI;;;Scontro frontale fra veicoli in marcia;;;;;;;;;;2;0;0;4;12,42294;41,94086;0;1;Autovettura privata;In marcia / fermata / arresto;Lancia;Ypsilon;Conducente;1995;M;Illeso;0;;;
3667674;19;02/02/2018 16:40:00;;VIA TRIONFALE;all'intersezione con;VIA PIER PAOLO PASOLINI;VIA PIER PAOLO PASOLINI;;;Scontro frontale fra veicoli in marcia;;;;;;;;;;2;0;0;4;12,42294;41,94086;0;1;Autovettura privata;In marcia / fermata / arresto;Lancia;Ypsilon;Passeggero;1967;M;Illeso;0;;Non accertato;Inesploso
3667674;19;02/02/2018 16:40:00;;VIA TRIONFALE;all'intersezione con;VIA PIER PAOLO PASOLINI;VIA PIER PAOLO PASOLINI;;;Scontro frontale fra veicoli in marcia;;;;;;;;;;2;0;0;4;12,42294;41,94086;0;1;Autovettura privata;In marcia / fermata / arresto;Lancia;Ypsilon;Passeggero;1969;F;Illeso;0;;Non accertato;Inesploso
3667674;19;02/02/2018 16:40:00;;VIA TRIONFALE;all'intersezione con;VIA PIER PAOLO PASOLINI;VIA PIER PAOLO PASOLINI;;;Scontro frontale fra veicoli in marcia;;;;;;;;;;2;0;0;4;12,42294;41,94086;0;1;Autovettura privata;In marcia / fermata / arresto;Lancia;Ypsilon;Passeggero;1996;F;Illeso;0;;Non accertato;Inesploso
3667674;19;02/02/2018 16:40:00;;VIA TRIONFALE;all'intersezione con;VIA PIER PAOLO PASOLINI;VIA PIER PAOLO PASOLINI;;;Scontro frontale fra veicoli in marcia;;;;;;;;;;2;0;0;4;12,42294;41,94086;0;2;Motociclo a solo;In marcia / fermata / arresto;Yamaha;X-City;Conducente;1977;M;Rifiuta cure immediate;0;NON DECEDUTO;;
3667674;19;02/02/2018 16:40:00;;VIA TRIONFALE;all'intersezione con;VIA PIER PAOLO PASOLINI;VIA PIER PAOLO PASOLINI;;;Scontro frontale fra veicoli in marcia;;;;;;;;;;2;0;0;4;12,42294;41,94086;0;2;Motociclo a solo;In marcia / fermata / arresto;Yamaha;X-City;Passeggero;0;F;Rimandato;0;NON DECEDUTO;Non utilizzato;
3667676;20;02/02/2018 21:25:00;Strada Urbana;VIA FLAMINIA NUOVA;da specificare;;;;Km. 7,800;Veicolo in marcia contro ostacolo accidentale;Rettilineo;Due carreggiate;Asciutto;Asfaltata;Verticale ed orizzontale;Sereno;Normale;Buona;Sufficiente;0;0;0;2;12,47917;41,96087;-1;1;Autovettura privata;In marcia / fermata / arresto;Mercedes;220;Conducente;1987;M;Illeso;0;;;
3667676;20;02/02/2018 21:25:00;Strada Urbana;VIA FLAMINIA NUOVA;da specificare;;;;Km. 7,800;Veicolo in marcia contro ostacolo accidentale;Rettilineo;Due carreggiate;Asciutto;Asfaltata;Verticale ed orizzontale;Sereno;Normale;Buona;Sufficiente;0;0;0;2;12,47917;41,96087;-1;1;Autovettura privata;In marcia / fermata / arresto;Mercedes;220;Passeggero;1990;F;Illeso;0;;;
3667719;19;02/02/2018 17:50:00;;VIA DI TORREVECCHIA;in corrispondenza;;del civico n.;595;;Investimento di pedone;;;;;;;;;;1;0;0;1;12,41156;41,92234;0;;;;;;Pedone;1962;F;Rimandato;0;NON DECEDUTO;;
3667719;19;02/02/2018 17:50:00;;VIA DI TORREVECCHIA;in corrispondenza;;del civico n.;595;;Investimento di pedone;;;;;;;;;;1;0;0;1;12,41156;41,92234;0;1;Autovettura privata;In marcia / fermata / arresto;Smart ;-;Conducente;1966;F;Illeso;0;;Non accertato;Inesploso
3667765;10;03/02/2018 10:10:00;Strada Urbana;VIALE PALMIRO TOGLIATTI;all'intersezione con;VIA CESARE VIVANTE;VIA CESARE VIVANTE;;;Scontro laterale fra veicoli in marcia;Incrocio;Più di due carreggiate;Bagnato (umidità in atto);Asfaltata;Verticale ed orizzontale;Nuvoloso;Normale;Buona;Ore Diurne;1;0;0;3;12,57097;41,85825;0;1;Motociclo a solo;In marcia / fermata / arresto;Honda;SW T 400;Conducente;1963;M;Rimandato;0;NON DECEDUTO;Non accertato;
3667765;10;03/02/2018 10:10:00;Strada Urbana;VIALE PALMIRO TOGLIATTI;all'intersezione con;VIA CESARE VIVANTE;VIA CESARE VIVANTE;;;Scontro laterale fra veicoli in marcia;Incrocio;Più di due carreggiate;Bagnato (umidità in atto);Asfaltata;Verticale ed orizzontale;Nuvoloso;Normale;Buona;Ore Diurne;1;0;0;3;12,57097;41,85825;0;2;Autovettura privata;In marcia / fermata / arresto;Citroen;C3;Conducente;1982;F;Illeso;0;;Non accertato;Inesploso
3667765;10;03/02/2018 10:10:00;Strada Urbana;VIALE PALMIRO TOGLIATTI;all'intersezione con;VIA CESARE VIVANTE;VIA CESARE VIVANTE;;;Scontro laterale fra veicoli in marcia;Incrocio;Più di due carreggiate;Bagnato (umidità in atto);Asfaltata;Verticale ed orizzontale;Nuvoloso;Normale;Buona;Ore Diurne;1;0;0;3;12,57097;41,85825;0;2;Autovettura privata;In marcia / fermata / arresto;Citroen;C3;Passeggero;2006;M;Illeso;0;;Non accertato;Inesploso
3667765;10;03/02/2018 10:10:00;Strada Urbana;VIALE PALMIRO TOGLIATTI;all'intersezione con;VIA CESARE VIVANTE;VIA CESARE VIVANTE;;;Scontro laterale fra veicoli in marcia;Incrocio;Più di due carreggiate;Bagnato (umidità in atto);Asfaltata;Verticale ed orizzontale;Nuvoloso;Normale;Buona;Ore Diurne;1;0;0;3;12,57097;41,85825;0;2;Autovettura privata;In marcia / fermata / arresto;Citroen;C3;Passeggero;2010;F;Illeso;0;;Non accertato;Inesploso
3667790;1;02/02/2018 18:15:00;Strada Urbana;LUNGOTEVERE DEI PIERLEONI;all'intersezione con;VIA DEL FORO OLITORIO;VIA DEL FORO OLITORIO;;;Scontro laterale fra veicoli in marcia;Incrocio;Una carreggiata a senso unico di marcia;Asciutto;Asfaltata;Verticale ed orizzontale;Nuvoloso;Normale;Sufficiente;Sufficiente;0;0;0;2;12,47949;41,8906;-1;1;Autocarro inferiore 35 q.;In marcia / fermata / arresto;Fiat;Fiorino;Conducente;1954;M;Illeso;0;;Non accertato;Inesploso
3667790;1;02/02/2018 18:15:00;Strada Urbana;LUNGOTEVERE DEI PIERLEONI;all'intersezione con;VIA DEL FORO OLITORIO;VIA DEL FORO OLITORIO;;;Scontro laterale fra veicoli in marcia;Incrocio;Una carreggiata a senso unico di marcia;Asciutto;Asfaltata;Verticale ed orizzontale;Nuvoloso;Normale;Sufficiente;Sufficiente;0;0;0;2;12,47949;41,8906;-1;2;Autovettura privata;In marcia / fermata / arresto;Renault;Clio;Conducente;1989;M;Illeso;0;;Non accertato;Inesploso
3667820;9;03/02/2018 09:15:00;;VIA DERUTA;da specificare;;;;altezza via G. Costamagna;Scontro laterale fra veicoli in marcia;;;;;;;;;;1;0;0;1;;;0;1;Autovettura privata;In marcia / fermata / arresto;Fiat;Panda;Conducente;1982;M;Illeso;0;;;
3667820;9;03/02/2018 09:15:00;;VIA DERUTA;da specificare;;;;altezza via G. Costamagna;Scontro laterale fra veicoli in marcia;;;;;;;;;;1;0;0;1;;;0;2;Motociclo a solo;In marcia / fermata / arresto;Peugeot;Tweet;Conducente;1995;F;Rimandato;0;NON DECEDUTO;;
3667830;19;03/02/2018 08:45:00;Strada Urbana;VIA TEMISTOCLE CALISTI;in corrispondenza;;del civico n.;86;;Veicolo in marcia contro veicolo in sosta;Rettilineo;Una carreggiata a senso unico di marcia;Bagnato (pioggia);Asfaltata;Verticale;Pioggia in atto;Scarso;Buona;Ore Diurne;0;0;0;2;12,39115;41,90658;-1;1;Autovettura di polizia;In marcia / fermata / arresto;Peugeot;208;Conducente;1979;F;Illeso;0;;Non accertato;Inesploso
3667830;19;03/02/2018 08:45:00;Strada Urbana;VIA TEMISTOCLE CALISTI;in corrispondenza;;del civico n.;86;;Veicolo in marcia contro veicolo in sosta;Rettilineo;Una carreggiata a senso unico di marcia;Bagnato (pioggia);Asfaltata;Verticale;Pioggia in atto;Scarso;Buona;Ore Diurne;0;0;0;2;12,39115;41,90658;-1;1;Autovettura di polizia;In marcia / fermata / arresto;Peugeot;208;Passeggero;1966;F;Illeso;0;;Non accertato;Inesploso