Protocollo;Gruppo;DataOraIncidente;Localizzazione1;STRADA1;Localizzazione2;STRADA2;Strada02;Chilometrica;DaSpecificare;NaturaIncidente;particolaritastrade;TipoStrada;FondoStradale;Pavimentazione;Segnaletica;CondizioneAtmosferica;Traffico;Visibilita;Illuminazione;NUM_FERITI;NUM_RISERVATA;NUM_MORTI;NUM_ILLESI;Longitudine;Latitudine;Confermato;Progressivo;TipoVeicolo;StatoVeicolo;Marca;Modello;TipoPersona;AnnoNascita;Sesso;Tipolesione;Deceduto;DecedutoDopo;CinturaCascoUtilizzato;Airbag;
3667840;3;01/02/2018 16:40:00;;LARGO DI VILLA MASSIMO;da specificare;;;;Ffronte Via A.Nibby;Scontro laterale fra veicoli in marcia;;;;;;;;;;0;0;0;2;;;0;1;Altro;In marcia / fermata / arresto; Mercedes ;(non accertato);Conducente;0;M;Illeso;0;;;
3667840;3;01/02/2018 16:40:00;;LARGO DI VILLA MASSIMO;da specificare;;;;Ffronte Via A.Nibby;Scontro laterale fra veicoli in marcia;;;;;;;;;;0;0;0;2;;;0;2;Autovettura privata;In marcia / fermata / arresto;Smart ;.;Conducente;0;M;Illeso;0;;;
3667858;3;02/02/2018 09:25:00;Strada Urbana;VIA IMPERIA;all'intersezione con;VIA CHIETI;VIA CHIETI;;;Scontro frontale/laterale SX fra veicoli in marcia;Intersezione stradale segnalata;Una carreggiata a senso unico di marcia;Bagnato (pioggia);Asfaltata;Verticale;Nuvoloso;Normale;Buona;Ore Diurne;1;0;0;2;12,5152;41,909;0;1;Autovettura privata;In marcia / fermata / arresto;Fiat;600;Conducente;1957;F;Rimandato;0;NON DECEDUTO;Non accertato;
3667858;3;02/02/2018 09:25:00;Strada Urbana;VIA IMPERIA;all'intersezione con;VIA CHIETI;VIA CHIETI;;;Scontro frontale/laterale SX fra veicoli in marcia;Intersezione stradale segnalata;Una carreggiata a senso unico di marcia;Bagnato (pioggia);Asfaltata;Verticale;Nuvoloso;Normale;Buona;Ore Diurne;1;0;0;2;12,5152;41,909;0;2;Autovettura privata;In marcia / fermata / arresto;Daimler Chrysler Mercedes; C 220;Conducente;1975;M;Illeso;0;;Non accertato;
3667858;3;02/02/2018 09:25:00;Strada Urbana;VIA IMPERIA;all'intersezione con;VIA CHIETI;VIA CHIETI;;;Scontro frontale/laterale SX fra veicoli in marcia;Intersezione stradale segnalata;Una carreggiata a senso unico di marcia;Bagnato (pioggia);Asfaltata;Verticale;Nuvoloso;Normale;Buona;Ore Diurne;1;0;0;2;12,5152;41,909;0;2;Autovettura privata;In marcia / fermata / arresto;Daimler Chrysler Mercedes; C 220;Passeggero;1985;F;Illeso;0;;Non accertato;
3667861;3;02/02/2018 05:50:00;;VIALE REGINA MARGHERITA;all'intersezione con;VIA GIOVANNI BATTISTA MORGAGNI;VIA GIOVANNI BATTISTA MORGAGNI;;;Investimento di pedone;;;;;;;;;;1;0;0;1;;;0;;;;;;Pedone;0;M;Rifiuta cure immediate;0;NON DECEDUTO;;
3667861;3;02/02/2018 05:50:00;;VIALE REGINA MARGHERITA;all'intersezione con;VIA GIOVANNI BATTISTA MORGAGNI;VIA GIOVANNI BATTISTA MORGAGNI;;;Investimento di pedone;;;;;;;;;;1;0;0;1;;;0;1;Autovettura privata;In marcia / fermata / arresto;Citroen;C3 Picasso;Conducente;0;M;Illeso;0;;;
3667903;1;02/02/2018 18:20:00;Strada Urbana;VIALE DELLE TERME DI CARACALLA;in prossimità;;del palo luce n.;90;;Infortunio per sola frenata improvvisa;Curva a visuale libera;Più di due carreggiate;Bagnato (umidità in atto);Asfaltata;Orizzontale;Nuvoloso;Intenso;Buona;Sufficiente;1;0;0;1;;;0;1;Autovettura privata;In marcia / fermata / arresto;Kia;Rio;Conducente;1977;M;Illeso;0;;;
3667903;1;02/02/2018 18:20:00;Strada Urbana;VIALE DELLE TERME DI CARACALLA;in prossimità;;del palo luce n.;90;;Infortunio per sola frenata improvvisa;Curva a visuale libera;Più di due carreggiate;Bagnato (umidità in atto);Asfaltata;Orizzontale;Nuvoloso;Intenso;Buona;Sufficiente;1;0;0;1;;;0;2;Motociclo a solo;In marcia / fermata / arresto;BMW;R1150R;Conducente;1958;M;Rimandato;0;NON DECEDUTO;;
3667909;17;03/02/2018 10:00:00;Strada Urbana;VIA EDMONDO DE AMICIS;in corrispondenza;;del palo luce n.;fr.13;;Infortunio per sola frenata improvvisa;Curva senza visuale libera;Una carreggiata a doppio senso;Bagnato (pioggia);Asfaltata;Orizzontale;Nuvoloso;Scarso;Buona;Ore Diurne;0;0;0;2;12,44828;41,93266;0;1;Autovettura privata;In marcia / fermata / arresto;Fiat;Panda;Conducente;1945;M;Illeso;0;;;
3667909;17;03/02/2018 10:00:00;Strada Urbana;VIA EDMONDO DE AMICIS;in corrispondenza;;del palo luce n.;fr.13;;Infortunio per sola frenata improvvisa;Curva senza visuale libera;Una carreggiata a doppio senso;Bagnato (pioggia);Asfaltata;Orizzontale;Nuvoloso;Scarso;Buona;Ore Diurne;0;0;0;2;12,44828;41,93266;0;1;Autovettura privata;In marcia / fermata / arresto;Fiat;Panda;Passeggero;1936;M;Illeso;0;;;
3667937;19;03/02/2018 02:30:00;;VIA DEL FORO ITALICO;in corrispondenza;;del civico n.;611;;Veicolo in marcia contro ostacolo fisso;;;;;;;;;;0;0;1;1;12,5004;41,9406;0;1;Autovettura privata;In marcia / fermata / arresto;Jaguar;XF;Conducente;1998;M;Illeso;0;;;
3667937;19;03/02/2018 02:30:00;;VIA DEL FORO ITALICO;in corrispondenza;;del civico n.;611;;Veicolo in marcia contro ostacolo fisso;;;;;;;;;;0;0;1;1;12,5004;41,9406;0;1;Autovettura privata;In marcia / fermata / arresto;Jaguar;XF;Passeggero;1996;M;Deceduto sul posto;-1;;;
3667972;1;03/02/2018 00:30:00;Strada Urbana;VIA DI S. FRANCESCO DI SALES;in corrispondenza;;del civico n.;13 A;;Veicolo in marcia contro veicolo in sosta;Rettilineo;Una carreggiata a senso unico di marcia;Bagnato (umidità in atto);Acciotolata;Verticale ed orizzontale;Nuvoloso;Scarso;Buona;Sufficiente;1;0;0;1;;;0;1;Quadriciclo leggero;In marcia / fermata / arresto;AIXAM;-;Conducente;2001;F;Rimandato;0;NON DECEDUTO;;
3667972;1;03/02/2018 00:30:00;Strada Urbana;VIA DI S. FRANCESCO DI SALES;in corrispondenza;;del civico n.;13 A;;Veicolo in marcia contro veicolo in sosta;Rettilineo;Una carreggiata a senso unico di marcia;Bagnato (umidità in atto);Acciotolata;Verticale ed orizzontale;Nuvoloso;Scarso;Buona;Sufficiente;1;0;0;1;;;0;1;Quadriciclo leggero;In marcia / fermata / arresto;AIXAM;-;Passeggero;2002;F;Illeso;0;;;
3668011;1;03/02/2018 03:30:00;Strada Urbana;PASSEGGIATA DI RIPETTA;in corrispondenza;;del palo luce n.;8;;Veicolo in marcia contro ostacolo fisso;Curva a visuale libera;Una carreggiata a senso unico di marcia;Bagnato (pioggia);In cubetti di porfido;Verticale ed orizzontale;Pioggia in atto;Scarso;Sufficiente;Sufficiente;0;0;0;2;;;0;1;Autovettura privata;In marcia / fermata / arresto;Toyota;(non accertato);Conducente;1997;M;Illeso;0;;;
3668011;1;03/02/2018 03:30:00;Strada Urbana;PASSEGGIATA DI RIPETTA;in corrispondenza;;del palo luce n.;8;;Veicolo in marcia contro ostacolo fisso;Curva a visuale libera;Una carreggiata a senso unico di marcia;Bagnato (pioggia);In cubetti di porfido;Verticale ed orizzontale;Pioggia in atto;Scarso;Sufficiente;Sufficiente;0;0;0;2;;;0;1;Autovettura privata;In marcia / fermata / arresto;Toyota;(non accertato);Passeggero;1998;M;Illeso;0;;;
3668067;1;03/02/2018 03:30:00;Strada Urbana;LUNGOTEVERE IN AUGUSTA;all'intersezione con;PASSEGGIATA DI RIPETTA;PASSEGGIATA DI RIPETTA;;;Veicolo in marcia contro ostacolo fisso;Incrocio;Una carreggiata a doppio senso;Bagnato (pioggia);Acciotolata;Verticale ed orizzontale;Pioggia in atto;Scarso;Buona;Sufficiente;0;0;0;1;12,47475;41,90763;0;1;Autovettura privata;In marcia / fermata / arresto;Fiat;Punto;Conducente;1994;M;Illeso;0;;;
3668133;1;03/02/2018 07:45:00;Strada Urbana;VIA DEL COLLEGIO CAPRANICA;all'intersezione con;VIA DELLE COLONNELLE;VIA DELLE COLONNELLE;;;Scontro frontale/laterale SX fra veicoli in marcia;Incrocio;Una carreggiata a senso unico di marcia;Bagnato (pioggia);In cubetti di porfido;Verticale;Pioggia in atto;Scarso;Buona;Ore Diurne;1;0;0;1;12,47749;41,90006;-1;1;Motociclo a solo;In marcia / fermata / arresto;Kimco;AGILITY;Conducente;1991;M;Illeso;0;;Non accertato;
3668133;1;03/02/2018 07:45:00;Strada Urbana;VIA DEL COLLEGIO CAPRANICA;all'intersezione con;VIA DELLE COLONNELLE;VIA DELLE COLONNELLE;;;Scontro frontale/laterale SX fra veicoli in marcia;Incrocio;Una carreggiata a senso unico di marcia;Bagnato (pioggia);In cubetti di porfido;Verticale;Pioggia in atto;Scarso;Buona;Ore Diurne;1;0;0;1;12,47749;41,90006;-1;2;Motociclo a solo;In marcia / fermata / arresto;Piaggio;Vespa;Conducente;1961;F;Rifiuta cure immediate;0;NON DECEDUTO;Non accertato;
3668145;1;03/02/2018 11:00:00;Strada Urbana;PIAZZA DI PORTA MAGGIORE;in prossimità;;del civico n.;11;;Scontro laterale fra veicoli in marcia;Rettilineo;Una carreggiata a senso unico di marcia;Bagnato (pioggia);Asfaltata;Verticale ed orizzontale;Nuvoloso;Normale;Buona;Ore Diurne;0;0;0;2;;;0;1;Autovettura privata;In marcia / fermata / arresto;Citroen;C 3;Conducente;1963;F;Illeso;0;;Non accertato;Inesploso
3668145;1;03/02/2018 11:00:00;Strada Urbana;PIAZZA DI PORTA MAGGIORE;in prossimità;;del civico n.;11;;Scontro laterale fra veicoli in marcia;Rettilineo;Una carreggiata a senso unico di marcia;Bagnato (pioggia);Asfaltata;Verticale ed orizzontale;Nuvoloso;Normale;Buona;Ore Diurne;0;0;0;2;;;0;2;Autovettura privata;In marcia / fermata / arresto;Opel;Meriva;Conducente;1945;M;Illeso;0;;Non accertato;Inesploso
3668169;13;02/02/2018 11:45:00;Strada Urbana;VIA ISOLE DEL CAPO VERDE;all'intersezione semaforizzata con;VIA DELLE BALENIERE;VIA DELLE BALENIERE;;;Tamponamento;Intersezione semaforizzata;Due carreggiate;Asciutto;Asfaltata;Verticale ed orizzontale;Nuvoloso;Normale;Buona;Ore Diurne;0;0;0;2;12,27388;41,73786;0;1;Autovettura privata;In marcia / fermata / arresto;Citroen;C 3;Conducente;1967;F;Illeso;0;;Non accertato;Inesploso
3668169;13;02/02/2018 11:45:00;Strada Urbana;VIA ISOLE DEL CAPO VERDE;all'intersezione semaforizzata con;VIA DELLE BALENIERE;VIA DELLE BALENIERE;;;Tamponamento;Intersezione semaforizzata;Due carreggiate;Asciutto;Asfaltata;Verticale ed orizzontale;Nuvoloso;Normale;Buona;Ore Diurne;0;0;0;2;12,27388;41,73786;0;2;Autovettura privata;In marcia / fermata / arresto;Mercedes;Smart Forfour;Conducente;1988;F;Illeso;0;;Non accertato;Inesploso
3668183;13;02/02/2018 22:30:00;;VIA ERNESTO BOEZI;in prossimità;;del civico n.;15;;Veicolo in marcia contro ostacolo fisso;;;;;;;;;;0;0;0;1;12,36084;41,73645;0;1;Autovettura privata;In marcia / fermata / arresto;Ford;Focus;Conducente;1965;F;Illeso;0;;Non accertato;Inesploso
3668204;13;02/02/2018 17:30:00;;VIA DI PRATO CORNELIO;da specificare;;;;area parcheggio Eurospin;Veicolo in marcia contro veicolo fermo;;;;;;;;;;0;0;0;4;12,36255;41,77379;0;1;Autovettura privata;In marcia / fermata / arresto;Renault;Laguna;Conducente;1965;M;Illeso;0;;Non accertato;Inesploso
3668204;13;02/02/2018 17:30:00;;VIA DI PRATO CORNELIO;da specificare;;;;area parcheggio Eurospin;Veicolo in marcia contro veicolo fermo;;;;;;;;;;0;0;0;4;12,36255;41,77379;0;1;Autovettura privata;In marcia / fermata / arresto;Renault;Laguna;Passeggero;1974;F;Illeso;0;;Non accertato;Inesploso
3668204;13;02/02/2018 17:30:00;;VIA DI PRATO CORNELIO;da specificare;;;;area parcheggio Eurospin;Veicolo in marcia contro veicolo fermo;;;;;;;;;;0;0;0;4;12,36255;41,77379;0;2;Autovettura privata;In marcia / fermata / arresto;Hyundai;Atos Prime;Conducente;1978;M;Illeso;0;;Non accertato;Inesploso
3668204;13;02/02/2018 17:30:00;;VIA DI PRATO CORNELIO;da specificare;;;;area parcheggio Eurospin;Veicolo in marcia contro veicolo fermo;;;;;;;;;;0;0;0;4;12,36255;41,77379;0;2;Autovettura privata;In marcia / fermata / arresto;Hyundai;Atos Prime;Passeggero;1980;F;Illeso;0;;Non accertato;Inesploso
3668210;1;03/02/2018 13:30:00;Strada Urbana;VIA DI S. GREGORIO;da specificare;;;;corrispondenza ALBERO N.6;Veicolo in marcia contro ostacolo fisso;Rettilineo;Due carreggiate;Asciutto;In cubetti di porfido;Verticale ed orizzontale;Nuvoloso;Normale;Buona;Ore Diurne;0;0;0;1;;;0;1;Autovettura privata;In marcia / fermata / arresto;Jaguar;(non accertato);Conducente;1984;M;Illeso;0;;;
3668222;13;02/02/2018 17:00:00;Strada Urbana;VIA GINO BONICHI;all'intersezione con;VIA TELEMACO SIGNORINI;VIA TELEMACO SIGNORINI;;;Scontro frontale/laterale DX fra veicoli in marcia;Incrocio;Una carreggiata a doppio senso;Bagnato (pioggia);Asfaltata;Verticale;Nuvoloso;Normale;Buona;Ore Diurne;0;0;0;5;12,35883;41,7766;-1;1;Autovettura privata;In marcia / fermata / arresto;Renault;Clio;Conducente;1976;F;Illeso;0;;Non accertato;Inesploso
3668222;13;02/02/2018 17:00:00;Strada Urbana;VIA GINO BONICHI;all'intersezione con;VIA TELEMACO SIGNORINI;VIA TELEMACO SIGNORINI;;;Scontro frontale/laterale DX fra veicoli in marcia;Incrocio;Una carreggiata a doppio senso;Bagnato (pioggia);Asfaltata;Verticale;Nuvoloso;Normale;Buona;Ore Diurne;0;0;0;5;12,35883;41,7766;-1;1;Autovettura privata;In marcia / fermata / arresto;Renault;Clio;Passeggero;2011;F;Illeso;0;;Non accertato;Inesploso
3668222;13;02/02/2018 17:00:00;Strada Urbana;VIA GINO BONICHI;all'intersezione con;VIA TELEMACO SIGNORINI;VIA TELEMACO SIGNORINI;;;Scontro frontale/laterale DX fra veicoli in marcia;Incrocio;Una carreggiata a doppio senso;Bagnato (pioggia);Asfaltata;Verticale;Nuvoloso;Normale;Buona;Ore Diurne;0;0;0;5;12,35883;41,7766;-1;1;Autovettura privata;In marcia / fermata / arresto;Renault;Clio;Passeggero;2013;F;Illeso;0;;Non accertato;Inesploso
3668222;13;02/02/2018 17:00:00;Strada Urbana;VIA GINO BONICHI;all'intersezione con;VIA TELEMACO SIGNORINI;VIA TELEMACO SIGNORINI;;;Scontro frontale/laterale DX fra veicoli in marcia;Incrocio;Una carreggiata a doppio senso;Bagnato (pioggia);Asfaltata;Verticale;Nuvoloso;Normale;Buona;Ore Diurne;0;0;0;5;12,35883;41,7766;-1;2;Autovettura privata;In marcia / fermata / arresto;Seat;Ibiza;Conducente;1967;M;Illeso;0;;Non accertato;Inesploso
3668222;13;02/02/2018 17:00:00;Strada Urbana;VIA GINO BONICHI;all'intersezione con;VIA TELEMACO SIGNORINI;VIA TELEMACO SIGNORINI;;;Scontro frontale/laterale DX fra veicoli in marcia;Incrocio;Una carreggiata a doppio senso;Bagnato (pioggia);Asfaltata;Verticale;Nuvoloso;Normale;Buona;Ore Diurne;0;0;0;5;12,35883;41,7766;-1;2;Autovettura privata;In marcia / fermata / arresto;Seat;Ibiza;Passeggero;1964;F;Illeso;0;;Non accertato;Inesploso
3668226;1;03/02/2018 13:55:00;Strada Urbana;LUNGOTEVERE DEI VALLATI;in prossimità;;del civico n.;19;;Veicolo in marcia contro veicolo fermo;Rettilineo;Una carreggiata a senso unico di marcia;Asciutto;Asfaltata;Verticale ed orizzontale;Nuvoloso;Normale;Buona;Ore Diurne;0;0;0;2;;;0;1;Autovettura privata;In marcia / fermata / arresto;Peugeot;206;Conducente;1994;M;Illeso;0;;;
3668226;1;03/02/2018 13:55:00;Strada Urbana;LUNGOTEVERE DEI VALLATI;in prossimità;;del civico n.;19;;Veicolo in marcia contro veicolo fermo;Rettilineo;Una carreggiata a senso unico di marcia;Asciutto;Asfaltata;Verticale ed orizzontale;Nuvoloso;Normale;Buona;Ore Diurne;0;0;0;2;;;0;1;Autovettura privata;In marcia / fermata / arresto;Peugeot;206;Passeggero;1993;F;Illeso;0;;;
3668255;13;03/02/2018 17:20:00;Strada Urbana;VIALE DEI PROMONTORI;in corrispondenza;;del civico n.;269;;Scontro frontale/laterale DX fra veicoli in marcia;Rettilineo;Una carreggiata a doppio senso;Asciutto;Asfaltata;Verticale ed orizzontale;Vento forte;Scarso;Buona;Ore Diurne;0;0;0;3;;;0;1;Autovettura privata;In marcia / fermata / arresto;Opel;KARL;Conducente;1997;M;Illeso;0;;Non accertato;Inesploso
3668255;13;03/02/2018 17:20:00;Strada Urbana;VIALE DEI PROMONTORI;in corrispondenza;;del civico n.;269;;Scontro frontale/laterale DX fra veicoli in marcia;Rettilineo;Una carreggiata a doppio senso;Asciutto;Asfaltata;Verticale ed orizzontale;Vento forte;Scarso;Buona;Ore Diurne;0;0;0;3;;;0;1;Autovettura privata;In marcia / fermata / arresto;Opel;KARL;Passeggero;1940;M;Illeso;0;;Non accertato;Inesploso
3668255;13;03/02/2018 17:20:00;Strada Urbana;VIALE DEI PROMONTORI;in corrispondenza;;del civico n.;269;;Scontro frontale/laterale DX fra veicoli in marcia;Rettilineo;Una carreggiata a doppio senso;Asciutto;Asfaltata;Verticale ed orizzontale;Vento forte;Scarso;Buona;Ore Diurne;0;0;0;3;;;0;2;Autovettura privata;In marcia / fermata / arresto;Toyota;Yaris;Conducente;1985;M;Illeso;0;;Non accertato;Inesploso
3668276;13;02/02/2018 13:30:00;Provinciale;VIA DI TOR BOACCIANA;da specificare;;;;in prossimità Ponte di Tor Boacciana;Tamponamento;Rettilineo;Una carreggiata a doppio senso;Asciutto;Asfaltata;Verticale ed orizzontale;Sereno;Intenso;Buona;Ore Diurne;0;0;0;2;12,28973;41,75134;0;1;Autovettura privata;In marcia / fermata / arresto;Opel;Corsa Adam;Conducente;1992;M;Illeso;0;;Non accertato;Inesploso
3668276;13;02/02/2018 13:30:00;Provinciale;VIA DI TOR BOACCIANA;da specificare;;;;in prossimità Ponte di Tor Boacciana;Tamponamento;Rettilineo;Una carreggiata a doppio senso;Asciutto;Asfaltata;Verticale ed orizzontale;Sereno;Intenso;Buona;Ore Diurne;0;0;0;2;12,28973;41,75134;0;2;Autovettura privata;In marcia / fermata / arresto;Mercedes;Smart Fortwo;Conducente;1999;F;Illeso;0;;Non accertato;Inesploso
3668277;6;02/02/2018 20:15:00;Provinciale entro l'abitato;VIA PRENESTINA;in corrispondenza;;del civico n.;95;;Tamponamento Multiplo;Rettilineo;Più di due carreggiate;Asciutto;Asfaltata;Verticale ed orizzontale;Sereno;Normale;Buona;Sufficiente;2;0;0;1;12,53168;41,89216;-1;1;Autovettura privata;In marcia / fermata / arresto;Mercedes;GLA 180;Conducente;1966;M;Illeso;0;;;
3668277;6;02/02/2018 20:15:00;Provinciale entro l'abitato;VIA PRENESTINA;in corrispondenza;;del civico n.;95;;Tamponamento Multiplo;Rettilineo;Più di due carreggiate;Asciutto;Asfaltata;Verticale ed orizzontale;Sereno;Normale;Buona;Sufficiente;2;0;0;1;12,53168;41,89216;-1;2;Autovettura privata;In marcia / fermata / arresto;Fiat;500;Conducente;1988;F;Rimandato;0;NON DECEDUTO;Non accertato;Inesploso
3668277;6;02/02/2018 20:15:00;Provinciale entro l'abitato;VIA PRENESTINA;in corrispondenza;;del civico n.;95;;Tamponamento Multiplo;Rettilineo;Più di due carreggiate;Asciutto;Asfaltata;Verticale ed orizzontale;Sereno;Normale;Buona;Sufficiente;2;0;0;1;12,53168;41,89216;-1;3;Autovettura privata;In marcia / fermata / arresto;Renault;NEW TWINGO;Conducente;1956;F;Rifiuta cure immediate;0;NON DECEDUTO;;
3668279;6;03/02/2018 09:20:00;Strada Urbana;VIA LUCHINO DAL VERME;all'intersezione con;VIA RENZO DA CERI;VIA RENZO DA CERI;;;Investimento di pedone;Incrocio;Una carreggiata a senso unico di marcia;Bagnato (umidità in atto);Asfaltata;Verticale ed orizzontale;Nuvoloso;Normale;Buona;Ore Diurne;1;0;0;2;12,53866;41,88869;-1;;;;;;Pedone;1968;F;Rimandato;0;NON DECEDUTO;;
3668279;6;03/02/2018 09:20:00;Strada Urbana;VIA LUCHINO DAL VERME;all'intersezione con;VIA RENZO DA CERI;VIA RENZO DA CERI;;;Investimento di pedone;Incrocio;Una carreggiata a senso unico di marcia;Bagnato (umidità in atto);Asfaltata;Verticale ed orizzontale;Nuvoloso;Normale;Buona;Ore Diurne;1;0;0;2;12,53866;41,88869;-1;1;Autovettura privata;In marcia / fermata / arresto;Mercedes;Smart Fortwo;Conducente;1943;M;Illeso;0;;;
3668279;6;03/02/2018 09:20:00;Strada Urbana;VIA LUCHINO DAL VERME;all'intersezione con;VIA RENZO DA CERI;VIA RENZO DA CERI;;;Investimento di pedone;Incrocio;Una carreggiata a senso unico di marcia;Bagnato (umidità in atto);Asfaltata;Verticale ed orizzontale;Nuvoloso;Normale;Buona;Ore Diurne;1;0;0;2;12,53866;41,88869;-1;1;Autovettura privata;In marcia / fermata / arresto;Mercedes;Smart Fortwo;Passeggero;1947;F;Illeso;0;;;
3668282;17;03/02/2018 17:00:00;Strada Urbana;VIALE GIULIO CESARE;in corrispondenza;;del civico n.;225/A;;Veicolo in marcia contro veicolo fermo;Rettilineo;Una carreggiata a senso unico di marcia;Asciutto;Asfaltata;Verticale ed orizzontale;Nuvoloso;Normale;Buona;Ore Diurne;0;0;0;2;12,45604;41,90873;0;1;Autovettura privata;In marcia / fermata / arresto;Opel;Corsa;Conducente;1943;M;Illeso;0;;;
3668282;17;03/02/2018 17:00:00;Strada Urbana;VIALE GIULIO CESARE;in corrispondenza;;del civico n.;225/A;;Veicolo in marcia contro veicolo fermo;Rettilineo;Una carreggiata a senso unico di marcia;Asciutto;Asfaltata;Verticale ed orizzontale;Nuvoloso;Normale;Buona;Ore Diurne;0;0;0;2;12,45604;41,90873;0;2;Autovettura privata;In marcia / fermata / arresto;Toyota;Yaris;Conducente;1951;F;Illeso;0;;;
3668368;18;03/02/2018 18:30:00;Strada Urbana;VIA DI BOCCEA;in prossimità;;del civico n.;617;;Tamponamento Multiplo;Rettilineo;Una carreggiata a doppio senso;Asciutto;Asfaltata;Verticale ed orizzontale;Nuvoloso;Normale;Sufficiente;Sufficiente;0;0;0;5;12,37681;41,91949;-1;1;Autovettura privata;In marcia / fermata / arresto;Fiat-Lancia;Dedra;Conducente;1970;M;Illeso;0;;Non accertato;Inesistente
3668368;18;03/02/2018 18:30:00;Strada Urbana;VIA DI BOCCEA;in prossimità;;del civico n.;617;;Tamponamento Multiplo;Rettilineo;Una carreggiata a doppio senso;Asciutto;Asfaltata;Verticale ed orizzontale;Nuvoloso;Normale;Sufficiente;Sufficiente;0;0;0;5;12,37681;41,91949;-1;2;Autovettura privata;In marcia / fermata / arresto;Audi;A3;Conducente;1975;F;Illeso;0;;Non accertato;Inesploso
3668368;18;03/02/2018 18:30:00;Strada Urbana;VIA DI BOCCEA;in prossimità;;del civico n.;617;;Tamponamento Multiplo;Rettilineo;Una carreggiata a doppio senso;Asciutto;Asfaltata;Verticale ed orizzontale;Nuvoloso;Normale;Sufficiente;Sufficiente;0;0;0;5;12,37681;41,91949;-1;2;Autovettura privata;In marcia / fermata / arresto;Audi;A3;Passeggero;2008;M;Illeso;0;;Non accertato;Inesploso
3668368;18;03/02/2018 18:30:00;Strada Urbana;VIA DI BOCCEA;in prossimità;;del civico n.;617;;Tamponamento Multiplo;Rettilineo;Una carreggiata a doppio senso;Asciutto;Asfaltata;Verticale ed orizzontale;Nuvoloso;Normale;Sufficiente;Sufficiente;0;0;0;5;12,37681;41,91949;-1;3;Autovettura privata;In marcia / fermata / arresto;BMW;118 D;Conducente;1981;M;Illeso;0;;Non accertato;Inesploso
3668662;15;04/02/2018 01:50:00;;VIA CRISTOFORO COLOMBO;all'intersezione semaforizzata con;VIA COSTANTINO;VIA COSTANTINO;;;Tamponamento;;;;;;;;;;1;0;0;2;;;0;1;Autovettura privata;In marcia / fermata / arresto;Audi;A1;Conducente;0;M;Illeso;0;;;
3668662;15;04/02/2018 01:50:00;;VIA CRISTOFORO COLOMBO;all'intersezione semaforizzata con;VIA COSTANTINO;VIA COSTANTINO;;;Tamponamento;;;;;;;;;;1;0;0;2;;;0;2;Autovettura privata;In marcia / fermata / arresto;Fiat;Panda;Conducente;0;M;Rimandato;0;NON DECEDUTO;;
3668662;15;04/02/2018 01:50:00;;VIA CRISTOFORO COLOMBO;all'intersezione semaforizzata con;VIA COSTANTINO;VIA COSTANTINO;;;Tamponamento;;;;;;;;;;1;0;0;2;;;0;3;Autovettura privata;In marcia / fermata / arresto;Fiat;Seicento;Conducente;1978;M;Illeso;0;;Utilizzato;Inesploso
3668673;6;03/02/2018 16:55:00;Strada Urbana;VIA CASILINA;all'intersezione semaforizzata con;VIA ORAZIO PIEROZZI;VIA ORAZIO PIEROZZI;;;Tamponamento;Intersezione semaforizzata;Due carreggiate;Asciutto;Asfaltata;Verticale ed orizzontale;Nuvoloso;Normale;Buona;Ore Diurne;1;0;0;2;12,55108;41,87735;-1;1;Autovettura privata;In marcia / fermata / arresto;Toyota;Aygo;Conducente;1989;F;Illeso;0;;Non accertato;
3668673;6;03/02/2018 16:55:00;Strada Urbana;VIA CASILINA;all'intersezione semaforizzata con;VIA ORAZIO PIEROZZI;VIA ORAZIO PIEROZZI;;;Tamponamento;Intersezione semaforizzata;Due carreggiate;Asciutto;Asfaltata;Verticale ed orizzontale;Nuvoloso;Normale;Buona;Ore Diurne;1;0;0;2;12,55108;41,87735;-1;2;Autovettura privata;In marcia / fermata / arresto;Opel;Meriva;Conducente;1972;M;Illeso;0;;Non accertato;Inesploso
3668673;6;03/02/2018 16:55:00;Strada Urbana;VIA CASILINA;all'intersezione semaforizzata con;VIA ORAZIO PIEROZZI;VIA ORAZIO PIEROZZI;;;Tamponamento;Intersezione semaforizzata;Due carreggiate;Asciutto;Asfaltata;Verticale ed orizzontale;Nuvoloso;Normale;Buona;Ore Diurne;1;0;0;2;12,55108;41,87735;-1;2;Autovettura privata;In marcia / fermata / arresto;Opel;Meriva;Passeggero;1965;M;Rifiuta cure immediate;0;NON DECEDUTO;Non accertato;Inesploso