Protocollo;Gruppo;DataOraIncidente;Localizzazione1;STRADA1;Localizzazione2;STRADA2;Strada02;Chilometrica;DaSpecificare;NaturaIncidente;particolaritastrade;TipoStrada;FondoStradale;Pavimentazione;Segnaletica;CondizioneAtmosferica;Traffico;Visibilita;Illuminazione;NUM_FERITI;NUM_RISERVATA;NUM_MORTI;NUM_ILLESI;Longitudine;Latitudine;Confermato;Progressivo;TipoVeicolo;StatoVeicolo;Marca;Modello;TipoPersona;AnnoNascita;Sesso;Tipolesione;Deceduto;DecedutoDopo;CinturaCascoUtilizzato;Airbag;
3668678;15;03/02/2018 23:35:00;Strada Urbana;VIA DELLE COMETE;da specificare;;;;FRONTE PALO ACEA N. 9;Veicolo in marcia contro ostacolo accidentale;Rettilineo;Una carreggiata a senso unico di marcia;Bagnato (pioggia);Asfaltata;Orizzontale;Pioggia in atto;Scarso;Buona;Sufficiente;0;0;0;1;12,45227;41,81149;0;1;Autovettura privata;In marcia / fermata / arresto;Citroen;C 3;Conducente;1974;M;Illeso;0;;Non accertato;Inesploso
3668684;15;03/02/2018 12:15:00;Strada Urbana;VIALE GUGLIELMO MARCONI;in corrispondenza;;del civico n.;306;;Scontro frontale/laterale DX fra veicoli in marcia;Rettilineo;Due carreggiate;Bagnato (pioggia);Asfaltata;Orizzontale;Pioggia in atto;Normale;Buona;Ore Diurne;0;0;0;2;12,46963;41,86215;0;1;Autovettura privata;In marcia / fermata / arresto;Peugeot;206;Conducente;1985;M;Illeso;0;;Non accertato;Inesploso
3668684;15;03/02/2018 12:15:00;Strada Urbana;VIALE GUGLIELMO MARCONI;in corrispondenza;;del civico n.;306;;Scontro frontale/laterale DX fra veicoli in marcia;Rettilineo;Due carreggiate;Bagnato (pioggia);Asfaltata;Orizzontale;Pioggia in atto;Normale;Buona;Ore Diurne;0;0;0;2;12,46963;41,86215;0;2;Autovettura privata;In marcia / fermata / arresto;Ford;C - MAX;Conducente;1955;F;Illeso;0;;Non accertato;Inesploso
3668696;6;04/02/2018 00:45:00;Strada Urbana;VIA DI CENTOCELLE;in corrispondenza;;del civico n.;110;;Scontro frontale/laterale SX fra veicoli in marcia;Curva a visuale libera;Una carreggiata a senso unico di marcia;Bagnato (pioggia);Asfaltata;Assente;Pioggia in atto;Scarso;Sufficiente;Sufficiente;1;0;0;2;12,54959;41,87362;0;1;Autovettura privata;In marcia / fermata / arresto;Fiat;Panda;Conducente;1954;M;Illeso;0;;Non accertato;Inesploso
3668696;6;04/02/2018 00:45:00;Strada Urbana;VIA DI CENTOCELLE;in corrispondenza;;del civico n.;110;;Scontro frontale/laterale SX fra veicoli in marcia;Curva a visuale libera;Una carreggiata a senso unico di marcia;Bagnato (pioggia);Asfaltata;Assente;Pioggia in atto;Scarso;Sufficiente;Sufficiente;1;0;0;2;12,54959;41,87362;0;1;Autovettura privata;In marcia / fermata / arresto;Fiat;Panda;Passeggero;1958;F;Illeso;0;;;
3668696;6;04/02/2018 00:45:00;Strada Urbana;VIA DI CENTOCELLE;in corrispondenza;;del civico n.;110;;Scontro frontale/laterale SX fra veicoli in marcia;Curva a visuale libera;Una carreggiata a senso unico di marcia;Bagnato (pioggia);Asfaltata;Assente;Pioggia in atto;Scarso;Sufficiente;Sufficiente;1;0;0;2;12,54959;41,87362;0;2;Motociclo a solo;In marcia / fermata / arresto;Honda;SH 300;Conducente;1992;M;Rimandato;0;NON DECEDUTO;Non accertato;
3668703;18;04/02/2018 05:15:00;Strada Urbana;VIA DI BOCCEA;in prossimità;;del civico n.;547/b;;Veicolo in marcia contro veicoli in sosta;Rettilineo;Una carreggiata a senso unico di marcia;Bagnato (pioggia);Asfaltata;Verticale ed orizzontale;Nuvoloso;Scarso;Sufficiente;Sufficiente;0;0;0;1;12,38523;41,91471;-1;1;Autovettura privata;In marcia / fermata / arresto;Lancia;Ypsilon;Conducente;1959;M;Illeso;0;;Non accertato;Inesploso
3668727;13;03/02/2018 09:30:00;;VIA AMEDEO BOCCHI;da specificare;;;;ALTEZZA VIA UMBERTO LILLONI;Veicolo in marcia contro veicoli in sosta;;;;;;;;;;0;0;0;1;;;0;1;Autovettura privata;In marcia / fermata / arresto;Opel;AGILA;Conducente;1927;M;Illeso;0;;Non accertato;Inesploso
3668778;13;04/02/2018 02:30:00;Strada Urbana;VIALE CHARLES LENORMANT;in corrispondenza;;del civico n.;236;;Veicolo in marcia contro ostacolo accidentale;Rettilineo;Una carreggiata a doppio senso;Bagnato (pioggia);Asfaltata;Verticale ed orizzontale;Sereno;Scarso;Buona;Sufficiente;0;0;0;1;12,3339;41,77432;-1;1;Autovettura privata;In marcia / fermata / arresto;Audi;A3;Conducente;1993;M;Illeso;0;;Non accertato;
3668791;20;03/02/2018 09:30:00;Strada Urbana;VIA DEL FORO ITALICO;da specificare;;;;PROSS. VIA MONTI DELLA fARNESINA;Tamponamento Multiplo;Rettilineo;Una carreggiata a senso unico di marcia;Bagnato (umidità in atto);Asfaltata;Orizzontale;Nuvoloso;Normale;Buona;Ore Diurne;0;0;0;3;;;0;1;Autovettura privata;In marcia / fermata / arresto;Nissan;Micra;Conducente;1990;F;Illeso;0;;;
3668791;20;03/02/2018 09:30:00;Strada Urbana;VIA DEL FORO ITALICO;da specificare;;;;PROSS. VIA MONTI DELLA fARNESINA;Tamponamento Multiplo;Rettilineo;Una carreggiata a senso unico di marcia;Bagnato (umidità in atto);Asfaltata;Orizzontale;Nuvoloso;Normale;Buona;Ore Diurne;0;0;0;3;;;0;2;Autovettura privata;In marcia / fermata / arresto;Ford;Fiesta;Conducente;1986;M;Illeso;0;;;
3668791;20;03/02/2018 09:30:00;Strada Urbana;VIA DEL FORO ITALICO;da specificare;;;;PROSS. VIA MONTI DELLA fARNESINA;Tamponamento Multiplo;Rettilineo;Una carreggiata a senso unico di marcia;Bagnato (umidità in atto);Asfaltata;Orizzontale;Nuvoloso;Normale;Buona;Ore Diurne;0;0;0;3;;;0;3;Autovettura privata;In marcia / fermata / arresto;Lancia;Y;Conducente;1986;F;Illeso;0;;;
3668795;13;04/02/2018 03:30:00;Strada Urbana;VIADOTTO ZELIA NUTTALL;da specificare;;;;corrispondenza rampa di accesso v. dei Romagnoli;Veicolo in marcia contro ostacolo fisso;Rettilineo;Due carreggiate;Asciutto;Asfaltata;Verticale ed orizzontale;Sereno;Scarso;Buona;Sufficiente;0;0;0;1;12,3366;41,77444;-1;1;Autovettura privata;In marcia / fermata / arresto;Citroen;C 3;Conducente;1975;M;Illeso;0;;Non accertato;Inesploso
3668807;20;04/02/2018 02:30:00;Regionale entro l'abitato;VIA CASSIA;in prossimità;;del civico n.;1196;;Veicolo in marcia contro veicolo in sosta;Curva a visuale libera;Una carreggiata a doppio senso;Bagnato (pioggia);Asfaltata;Orizzontale;Pioggia in atto;Scarso;Buona;Sufficiente;1;0;0;0;;;0;1;Autovettura privata;In marcia / fermata / arresto;Fiat;Punto;Conducente;1983;M;Rimandato;0;NON DECEDUTO;Non accertato;
3668820;20;03/02/2018 16:50:00;Strada Urbana;LARGO DI VIGNA STELLUTI;all'intersezione con;VIA DI VIGNA STELLUTI;VIA DI VIGNA STELLUTI;;;Veicolo in marcia contro veicolo arresto;Intersezione non regolata/non segnalata;Una carreggiata a doppio senso;Asciutto;Asfaltata;Orizzontale;Sereno;Intenso;Buona;Ore Diurne;0;0;0;3;12,46576;41,94765;-1;1;Autovettura privata;In marcia / fermata / arresto;Volkswagen;Polo;Conducente;1965;F;Illeso;0;;;
3668820;20;03/02/2018 16:50:00;Strada Urbana;LARGO DI VIGNA STELLUTI;all'intersezione con;VIA DI VIGNA STELLUTI;VIA DI VIGNA STELLUTI;;;Veicolo in marcia contro veicolo arresto;Intersezione non regolata/non segnalata;Una carreggiata a doppio senso;Asciutto;Asfaltata;Orizzontale;Sereno;Intenso;Buona;Ore Diurne;0;0;0;3;12,46576;41,94765;-1;1;Autovettura privata;In marcia / fermata / arresto;Volkswagen;Polo;Passeggero;2001;F;Illeso;0;;;
3668820;20;03/02/2018 16:50:00;Strada Urbana;LARGO DI VIGNA STELLUTI;all'intersezione con;VIA DI VIGNA STELLUTI;VIA DI VIGNA STELLUTI;;;Veicolo in marcia contro veicolo arresto;Intersezione non regolata/non segnalata;Una carreggiata a doppio senso;Asciutto;Asfaltata;Orizzontale;Sereno;Intenso;Buona;Ore Diurne;0;0;0;3;12,46576;41,94765;-1;2;Autovettura privata;In marcia / fermata / arresto;Daimler Smart;FORTWO COUPE;Conducente;1974;M;Illeso;0;;;
3668826;1;03/02/2018 16:40:00;Strada Urbana;VIA LABICANA;in corrispondenza;;del civico n.;125;;Infortunio per sola frenata improvvisa;Rettilineo;Più di due carreggiate;Asciutto;Asfaltata;Verticale ed orizzontale;Sereno;Normale;Buona;Ore Diurne;0;0;0;2;;;0;;;;;;Pedone;1959;F;Illeso;0;;;
3668826;1;03/02/2018 16:40:00;Strada Urbana;VIA LABICANA;in corrispondenza;;del civico n.;125;;Infortunio per sola frenata improvvisa;Rettilineo;Più di due carreggiate;Asciutto;Asfaltata;Verticale ed orizzontale;Sereno;Normale;Buona;Ore Diurne;0;0;0;2;;;0;1;Motociclo con passeggero;In marcia / fermata / arresto;Honda;SH 125;Conducente;1972;M;Illeso;0;;;
3668829;13;04/02/2018 05:40:00;;VIA CRISTOFORO COLOMBO;in prossimità;;della chilometrica;17.2;;Tamponamento;;;;;;;;;;0;0;0;2;;;0;1;Autovettura privata;In marcia / fermata / arresto;Renault;Clio;Conducente;1971;M;Illeso;0;;Non accertato;Inesploso
3668829;13;04/02/2018 05:40:00;;VIA CRISTOFORO COLOMBO;in prossimità;;della chilometrica;17.2;;Tamponamento;;;;;;;;;;0;0;0;2;;;0;2;Autovettura privata;In marcia / fermata / arresto;Daimler Smart;FORTWO COUPE;Conducente;1995;M;Illeso;0;;;
3668834;1;04/02/2018 03:00:00;Strada Urbana;VIA MARSALA;da specificare;;;;all'intersezione con SOTTOPASSO TURBICO;Veicolo in marcia contro ostacolo fisso;Rettilineo;Due carreggiate;Bagnato (pioggia);Acciotolata;Orizzontale;Pioggia in atto;Scarso;Sufficiente;Sufficiente;0;0;0;3;12,50552;41,90042;-1;1;Autovettura privata;In marcia / fermata / arresto;Ford;Fiesta;Conducente;1995;M;Illeso;0;;;
3668834;1;04/02/2018 03:00:00;Strada Urbana;VIA MARSALA;da specificare;;;;all'intersezione con SOTTOPASSO TURBICO;Veicolo in marcia contro ostacolo fisso;Rettilineo;Due carreggiate;Bagnato (pioggia);Acciotolata;Orizzontale;Pioggia in atto;Scarso;Sufficiente;Sufficiente;0;0;0;3;12,50552;41,90042;-1;1;Autovettura privata;In marcia / fermata / arresto;Ford;Fiesta;Passeggero;1997;M;Illeso;0;;;
3668850;2;04/02/2018 09:50:00;Strada Urbana;CIRCONVALLAZIONE SALARIA;da specificare;;;;alt. rampa imm.ne da VIA SALARIA dir. S. Giovanni;Scontro laterale fra veicoli in marcia;Rettilineo;Più di due carreggiate;Asciutto;Asfaltata;Orizzontale;Sereno;Normale;Buona;Ore Diurne;0;0;0;5;12,50856;41,93744;-1;1;Autovettura privata;In marcia / fermata / arresto;Renault;Clio;Conducente;1960;M;Illeso;0;;Non accertato;Inesploso
3668850;2;04/02/2018 09:50:00;Strada Urbana;CIRCONVALLAZIONE SALARIA;da specificare;;;;alt. rampa imm.ne da VIA SALARIA dir. S. Giovanni;Scontro laterale fra veicoli in marcia;Rettilineo;Più di due carreggiate;Asciutto;Asfaltata;Orizzontale;Sereno;Normale;Buona;Ore Diurne;0;0;0;5;12,50856;41,93744;-1;1;Autovettura privata;In marcia / fermata / arresto;Renault;Clio;Passeggero;1960;F;Illeso;0;;Non accertato;Inesploso
3668850;2;04/02/2018 09:50:00;Strada Urbana;CIRCONVALLAZIONE SALARIA;da specificare;;;;alt. rampa imm.ne da VIA SALARIA dir. S. Giovanni;Scontro laterale fra veicoli in marcia;Rettilineo;Più di due carreggiate;Asciutto;Asfaltata;Orizzontale;Sereno;Normale;Buona;Ore Diurne;0;0;0;5;12,50856;41,93744;-1;2;Autovettura privata;In marcia / fermata / arresto;Daimler Chrysler;B180;Conducente;1974;M;Illeso;0;;Non accertato;Inesploso
3668850;2;04/02/2018 09:50:00;Strada Urbana;CIRCONVALLAZIONE SALARIA;da specificare;;;;alt. rampa imm.ne da VIA SALARIA dir. S. Giovanni;Scontro laterale fra veicoli in marcia;Rettilineo;Più di due carreggiate;Asciutto;Asfaltata;Orizzontale;Sereno;Normale;Buona;Ore Diurne;0;0;0;5;12,50856;41,93744;-1;2;Autovettura privata;In marcia / fermata / arresto;Daimler Chrysler;B180;Passeggero;1975;F;Illeso;0;;Non accertato;
3668850;2;04/02/2018 09:50:00;Strada Urbana;CIRCONVALLAZIONE SALARIA;da specificare;;;;alt. rampa imm.ne da VIA SALARIA dir. S. Giovanni;Scontro laterale fra veicoli in marcia;Rettilineo;Più di due carreggiate;Asciutto;Asfaltata;Orizzontale;Sereno;Normale;Buona;Ore Diurne;0;0;0;5;12,50856;41,93744;-1;2;Autovettura privata;In marcia / fermata / arresto;Daimler Chrysler;B180;Passeggero;2011;F;Illeso;0;;Non accertato;Inesploso
3668854;2;01/02/2018 23:00:00;;VIALE DEL MURO TORTO;in prossimità;;del civico n.;5;;Tamponamento;;;;;;;;;;1;0;0;0;;;0;1;Motociclo a solo;In marcia / fermata / arresto;Honda;CBR 125;Conducente;1993;M;Rifiuta cure immediate;0;NON DECEDUTO;Non accertato;
3668871;13;04/02/2018 11:30:00;Strada Urbana;VIA ERMANNO WOLF FERRARI;all'intersezione con;VIALE DI CASTEL PORZIANO;VIALE DI CASTEL PORZIANO;;;Scontro laterale fra veicoli in marcia;Incrocio;Una carreggiata a doppio senso;Bagnato (umidità in atto);Asfaltata;Verticale ed orizzontale;Sereno;Normale;Buona;Ore Diurne;0;0;0;2;12,37794;41,74817;0;1;Autovettura privata;In marcia / fermata / arresto;Audi;A6;Conducente;1974;M;Illeso;0;;Non accertato;Inesploso
3668871;13;04/02/2018 11:30:00;Strada Urbana;VIA ERMANNO WOLF FERRARI;all'intersezione con;VIALE DI CASTEL PORZIANO;VIALE DI CASTEL PORZIANO;;;Scontro laterale fra veicoli in marcia;Incrocio;Una carreggiata a doppio senso;Bagnato (umidità in atto);Asfaltata;Verticale ed orizzontale;Sereno;Normale;Buona;Ore Diurne;0;0;0;2;12,37794;41,74817;0;2;Velocipede;Allontanatosi;(non accertato);(ignoto);Conducente;1989;M;Illeso;0;;Esente;
3668891;1;03/02/2018 19:45:00;Strada Urbana;VIA DEL COLLEGIO ROMANO;all'intersezione con;VIA DEL CARAVITA;VIA DEL CARAVITA;;;Tamponamento;Incrocio;Una carreggiata a senso unico di marcia;Asciutto;In cubetti di porfido;Verticale ed orizzontale;Sereno;Normale;Sufficiente;Sufficiente;0;0;0;2;;;0;1;Autovettura privata;In marcia / fermata / arresto;Ferrari;(non accertato);Conducente;1973;M;Illeso;0;;;
3668891;1;03/02/2018 19:45:00;Strada Urbana;VIA DEL COLLEGIO ROMANO;all'intersezione con;VIA DEL CARAVITA;VIA DEL CARAVITA;;;Tamponamento;Incrocio;Una carreggiata a senso unico di marcia;Asciutto;In cubetti di porfido;Verticale ed orizzontale;Sereno;Normale;Sufficiente;Sufficiente;0;0;0;2;;;0;2;Motociclo con passeggero;In marcia / fermata / arresto;Honda;SH150;Conducente;1968;M;Illeso;0;;;
3668912;6;04/02/2018 10:15:00;Strada Urbana;CIRCONVALLAZIONE CASILINA;in corrispondenza;;del civico n.;37;;Scontro frontale/laterale SX fra veicoli in marcia;Rettilineo;Una carreggiata a senso unico di marcia;Bagnato (umidità in atto);Asfaltata;Verticale ed orizzontale;Sereno;Scarso;Buona;Ore Diurne;1;0;0;1;;;0;1;Autovettura privata;In marcia / fermata / arresto;Volkswagen;Passat  sw;Conducente;1966;M;Illeso;0;;Non accertato;Inesploso
3668912;6;04/02/2018 10:15:00;Strada Urbana;CIRCONVALLAZIONE CASILINA;in corrispondenza;;del civico n.;37;;Scontro frontale/laterale SX fra veicoli in marcia;Rettilineo;Una carreggiata a senso unico di marcia;Bagnato (umidità in atto);Asfaltata;Verticale ed orizzontale;Sereno;Scarso;Buona;Ore Diurne;1;0;0;1;;;0;2;Motociclo a solo;In marcia / fermata / arresto;Honda;SH;Conducente;1978;M;Rimandato;0;NON DECEDUTO;Non accertato;
3668935;1;04/02/2018 00:10:00;Strada Urbana;PIAZZALE OSTIENSE;in prossimità;;del civico n.;10;;Investimento di pedone;Rettilineo;Una carreggiata a doppio senso;Bagnato (pioggia);Asfaltata;Orizzontale;Pioggia in atto;Scarso;Insufficiente;Insufficiente;1;0;0;4;;;0;;;;;;Pedone;1968;M;Rimandato;0;NON DECEDUTO;;
3668935;1;04/02/2018 00:10:00;Strada Urbana;PIAZZALE OSTIENSE;in prossimità;;del civico n.;10;;Investimento di pedone;Rettilineo;Una carreggiata a doppio senso;Bagnato (pioggia);Asfaltata;Orizzontale;Pioggia in atto;Scarso;Insufficiente;Insufficiente;1;0;0;4;;;0;1;Autovettura privata;In marcia / fermata / arresto;Citroen;C 3;Conducente;1990;F;Illeso;0;;;
3668935;1;04/02/2018 00:10:00;Strada Urbana;PIAZZALE OSTIENSE;in prossimità;;del civico n.;10;;Investimento di pedone;Rettilineo;Una carreggiata a doppio senso;Bagnato (pioggia);Asfaltata;Orizzontale;Pioggia in atto;Scarso;Insufficiente;Insufficiente;1;0;0;4;;;0;1;Autovettura privata;In marcia / fermata / arresto;Citroen;C 3;Passeggero;1990;F;Illeso;0;;;
3668935;1;04/02/2018 00:10:00;Strada Urbana;PIAZZALE OSTIENSE;in prossimità;;del civico n.;10;;Investimento di pedone;Rettilineo;Una carreggiata a doppio senso;Bagnato (pioggia);Asfaltata;Orizzontale;Pioggia in atto;Scarso;Insufficiente;Insufficiente;1;0;0;4;;;0;1;Autovettura privata;In marcia / fermata / arresto;Citroen;C 3;Passeggero;2013;M;Illeso;0;;;
3669026;9;03/02/2018 11:00:00;;VIA APPIA NUOVA;da specificare;;;;altezza via Carlo Cipolla;Scontro laterale fra veicoli in marcia;;;;;;;;;;0;0;0;2;;;0;1;Autovettura privata;In marcia / fermata / arresto;Fiat;500 abarth;Conducente;1996;M;Illeso;0;;;
3669026;9;03/02/2018 11:00:00;;VIA APPIA NUOVA;da specificare;;;;altezza via Carlo Cipolla;Scontro laterale fra veicoli in marcia;;;;;;;;;;0;0;0;2;;;0;2;Autocarro inferiore 35 q.;In marcia / fermata / arresto;Fiat;Iveco;Conducente;1978;M;Illeso;0;;;
3669049;9;03/02/2018 13:00:00;;VIA CAMERIA;all'intersezione con;VIALE DELLE MURA LATINE;VIALE DELLE MURA LATINE;;;Scontro frontale/laterale SX fra veicoli in marcia;;;;;;;;;;0;0;0;2;;;0;1;Autovettura privata;In marcia / fermata / arresto;Nissan;Micra;Conducente;1986;F;Illeso;0;;;
3669049;9;03/02/2018 13:00:00;;VIA CAMERIA;all'intersezione con;VIALE DELLE MURA LATINE;VIALE DELLE MURA LATINE;;;Scontro frontale/laterale SX fra veicoli in marcia;;;;;;;;;;0;0;0;2;;;0;2;Autovettura privata;In marcia / fermata / arresto;Lancia;Musa;Conducente;1989;F;Illeso;0;;;
3669052;1;03/02/2018 18:49:00;Strada Urbana;VIA DELLO STATUTO;in corrispondenza;;del civico n.;45;;Scontro laterale fra veicoli in marcia;Rettilineo;Una carreggiata a doppio senso;Asciutto;In cubetti di porfido;Verticale ed orizzontale;Nuvoloso;Normale;Buona;Sufficiente;0;0;0;2;;;0;1;Autovettura privata;In marcia / fermata / arresto;Fiat;Punto;Conducente;1964;F;Illeso;0;;Non accertato;Inesploso
3669052;1;03/02/2018 18:49:00;Strada Urbana;VIA DELLO STATUTO;in corrispondenza;;del civico n.;45;;Scontro laterale fra veicoli in marcia;Rettilineo;Una carreggiata a doppio senso;Asciutto;In cubetti di porfido;Verticale ed orizzontale;Nuvoloso;Normale;Buona;Sufficiente;0;0;0;2;;;0;2;Autocarro inferiore 35 q.;In marcia / fermata / arresto;Fiat Iveco;Magirus;Conducente;1985;M;Illeso;0;;Non accertato;Inesploso
3669062;1;04/02/2018 00:15:00;Strada Urbana;VIA CAVOUR;in prossimità;;del civico n.;95;;Investimento di pedone;Rettilineo;Una carreggiata a doppio senso;Bagnato (pioggia);Asfaltata;Verticale ed orizzontale;Pioggia in atto;Scarso;Sufficiente;Sufficiente;1;0;0;1;12,49581;41,8972;-1;;;;;;Pedone;1999;F;Rimandato;0;NON DECEDUTO;;
3669062;1;04/02/2018 00:15:00;Strada Urbana;VIA CAVOUR;in prossimità;;del civico n.;95;;Investimento di pedone;Rettilineo;Una carreggiata a doppio senso;Bagnato (pioggia);Asfaltata;Verticale ed orizzontale;Pioggia in atto;Scarso;Sufficiente;Sufficiente;1;0;0;1;12,49581;41,8972;-1;1;Autovettura privata;In marcia / fermata / arresto;Toyota;(non accertato);Conducente;1966;M;Illeso;0;;Non accertato;Inesploso
3669066;9;04/02/2018 03:55:00;;VIA PRENESTINA NUOVA;da specificare;;;;prossimità via di Rocca Cencia;Scontro laterale fra veicoli in marcia;;;;;;;;;;0;0;0;2;;;0;2;Autovettura privata;In marcia / fermata / arresto;Mini;(ignoto);Conducente;1996;M;Illeso;0;;;
3669066;9;04/02/2018 03:55:00;;VIA PRENESTINA NUOVA;da specificare;;;;prossimità via di Rocca Cencia;Scontro laterale fra veicoli in marcia;;;;;;;;;;0;0;0;2;;;0;2;Autovettura privata;In marcia / fermata / arresto;Mini;(ignoto);Passeggero;1995;M;Illeso;0;;;
3669095;1;04/02/2018 00:40:00;Strada Urbana;VIA DEI CERCHI;all'intersezione semaforizzata con;VIA DI S. TEODORO;VIA DI S. TEODORO;;;Scontro frontale/laterale DX fra veicoli in marcia;Intersezione semaforizzata;Una carreggiata a senso unico di marcia;Bagnato (pioggia);In cubetti di porfido;Verticale ed orizzontale;Pioggia in atto;Scarso;Sufficiente;Sufficiente;2;0;0;1;;;0;1;Autovettura privata;In marcia / fermata / arresto;Ford;Fiesta;Conducente;1988;F;Rifiuta cure immediate;0;NON DECEDUTO;;
3669095;1;04/02/2018 00:40:00;Strada Urbana;VIA DEI CERCHI;all'intersezione semaforizzata con;VIA DI S. TEODORO;VIA DI S. TEODORO;;;Scontro frontale/laterale DX fra veicoli in marcia;Intersezione semaforizzata;Una carreggiata a senso unico di marcia;Bagnato (pioggia);In cubetti di porfido;Verticale ed orizzontale;Pioggia in atto;Scarso;Sufficiente;Sufficiente;2;0;0;1;;;0;1;Autovettura privata;In marcia / fermata / arresto;Ford;Fiesta;Passeggero;1991;M;Rifiuta cure immediate;0;NON DECEDUTO;;
3669095;1;04/02/2018 00:40:00;Strada Urbana;VIA DEI CERCHI;all'intersezione semaforizzata con;VIA DI S. TEODORO;VIA DI S. TEODORO;;;Scontro frontale/laterale DX fra veicoli in marcia;Intersezione semaforizzata;Una carreggiata a senso unico di marcia;Bagnato (pioggia);In cubetti di porfido;Verticale ed orizzontale;Pioggia in atto;Scarso;Sufficiente;Sufficiente;2;0;0;1;;;0;2;Autovettura privata;In marcia / fermata / arresto;Jeep;Renegade;Conducente;1986;F;Illeso;0;;;
3669110;10;02/02/2018 12:25:00;;VIA TUSCOLANA;all'intersezione con;VIA DI PASSOLOMBARDO;VIA DI PASSOLOMBARDO;;;Scontro frontale/laterale SX fra veicoli in marcia;;;;;;;;;;0;0;0;2;12,64349;41,82264;0;1;Autovettura privata;In marcia / fermata / arresto;Mercedes;Smart Fortwo;Conducente;1961;F;Illeso;0;;Non accertato;Inesploso
3669110;10;02/02/2018 12:25:00;;VIA TUSCOLANA;all'intersezione con;VIA DI PASSOLOMBARDO;VIA DI PASSOLOMBARDO;;;Scontro frontale/laterale SX fra veicoli in marcia;;;;;;;;;;0;0;0;2;12,64349;41,82264;0;2;Autovettura privata;In marcia / fermata / arresto;Fiat;Punto;Conducente;1989;M;Illeso;0;;Non accertato;Inesploso
3669113;1;04/02/2018 03:30:00;Strada Urbana;VIA EMANUELE FILIBERTO;all'intersezione semaforizzata con;VIA STATILIA;VIA STATILIA;;;Scontro frontale/laterale DX fra veicoli in marcia;Intersezione semaforizzata;Una carreggiata a doppio senso;Bagnato (umidità in atto);Asfaltata;Verticale ed orizzontale;Nuvoloso;Scarso;Buona;Sufficiente;0;0;0;6;12,50694;41,88994;0;1;Autovettura privata;In marcia / fermata / arresto;Smart ;ForTwo Coupé;Conducente;1988;F;Illeso;0;;Non accertato;Inesploso
3669113;1;04/02/2018 03:30:00;Strada Urbana;VIA EMANUELE FILIBERTO;all'intersezione semaforizzata con;VIA STATILIA;VIA STATILIA;;;Scontro frontale/laterale DX fra veicoli in marcia;Intersezione semaforizzata;Una carreggiata a doppio senso;Bagnato (umidità in atto);Asfaltata;Verticale ed orizzontale;Nuvoloso;Scarso;Buona;Sufficiente;0;0;0;6;12,50694;41,88994;0;2;Autovettura privata;In marcia / fermata / arresto;Volkswagen;Polo;Conducente;1980;M;Illeso;0;;Non accertato;
3669113;1;04/02/2018 03:30:00;Strada Urbana;VIA EMANUELE FILIBERTO;all'intersezione semaforizzata con;VIA STATILIA;VIA STATILIA;;;Scontro frontale/laterale DX fra veicoli in marcia;Intersezione semaforizzata;Una carreggiata a doppio senso;Bagnato (umidità in atto);Asfaltata;Verticale ed orizzontale;Nuvoloso;Scarso;Buona;Sufficiente;0;0;0;6;12,50694;41,88994;0;2;Autovettura privata;In marcia / fermata / arresto;Volkswagen;Polo;Passeggero;1971;M;Illeso;0;;Non accertato;Inesploso
3669113;1;04/02/2018 03:30:00;Strada Urbana;VIA EMANUELE FILIBERTO;all'intersezione semaforizzata con;VIA STATILIA;VIA STATILIA;;;Scontro frontale/laterale DX fra veicoli in marcia;Intersezione semaforizzata;Una carreggiata a doppio senso;Bagnato (umidità in atto);Asfaltata;Verticale ed orizzontale;Nuvoloso;Scarso;Buona;Sufficiente;0;0;0;6;12,50694;41,88994;0;2;Autovettura privata;In marcia / fermata / arresto;Volkswagen;Polo;Passeggero;1993;M;Illeso;0;;Non accertato;Inesploso
3669113;1;04/02/2018 03:30:00;Strada Urbana;VIA EMANUELE FILIBERTO;all'intersezione semaforizzata con;VIA STATILIA;VIA STATILIA;;;Scontro frontale/laterale DX fra veicoli in marcia;Intersezione semaforizzata;Una carreggiata a doppio senso;Bagnato (umidità in atto);Asfaltata;Verticale ed orizzontale;Nuvoloso;Scarso;Buona;Sufficiente;0;0;0;6;12,50694;41,88994;0;2;Autovettura privata;In marcia / fermata / arresto;Volkswagen;Polo;Passeggero;1995;F;Illeso;0;;Non accertato;Inesploso
3669120;1;04/02/2018 03:00:00;Strada Urbana;PIAZZA VITTORIO EMANUELE II;in prossimità;;del palo luce n.;8;;Veicolo in marcia contro ostacolo fisso;Rettilineo;Una carreggiata a doppio senso;Bagnato (pioggia);In cubetti di porfido;Verticale ed orizzontale;Nuvoloso;Normale;Buona;Sufficiente;0;0;0;1;;;0;1;Autovettura privata;In marcia / fermata / arresto;Volkswagen;FOX;Conducente;1984;M;Illeso;0;;Non accertato;Inesploso