Protocollo;Gruppo;DataOraIncidente;Localizzazione1;STRADA1;Localizzazione2;STRADA2;Strada02;Chilometrica;DaSpecificare;NaturaIncidente;particolaritastrade;TipoStrada;FondoStradale;Pavimentazione;Segnaletica;CondizioneAtmosferica;Traffico;Visibilita;Illuminazione;NUM_FERITI;NUM_RISERVATA;NUM_MORTI;NUM_ILLESI;Longitudine;Latitudine;Confermato;Progressivo;TipoVeicolo;StatoVeicolo;Marca;Modello;TipoPersona;AnnoNascita;Sesso;Tipolesione;Deceduto;DecedutoDopo;CinturaCascoUtilizzato;Airbag;
3669712;18;02/02/2018 21:45:00;Strada Urbana;CIRCONVALLAZIONE CORNELIA;in prossimità;;del civico n.;9;;Scontro laterale fra veicoli in marcia;Rettilineo;Due carreggiate;Asciutto;Asfaltata;Verticale ed orizzontale;Nuvoloso;Normale;Buona;Sufficiente;0;0;0;4;12,42693;41,8993;0;2;Autovettura privata;In marcia / fermata / arresto;Opel;Corsa;Conducente;1997;M;Illeso;0;;;
3669712;18;02/02/2018 21:45:00;Strada Urbana;CIRCONVALLAZIONE CORNELIA;in prossimità;;del civico n.;9;;Scontro laterale fra veicoli in marcia;Rettilineo;Due carreggiate;Asciutto;Asfaltata;Verticale ed orizzontale;Nuvoloso;Normale;Buona;Sufficiente;0;0;0;4;12,42693;41,8993;0;2;Autovettura privata;In marcia / fermata / arresto;Opel;Corsa;Passeggero;2000;F;Illeso;0;;;
3669713;13;04/02/2018 14:35:00;;VIA CREMOSANO;in prossimità;;del civico n.;129;;Veicolo in marcia contro veicolo in sosta;;;;;;;;;;0;0;0;2;12,32822;41,78159;0;1;Autovettura privata;Sosta;Renault;Clio;Passeggero;1962;F;Illeso;0;;Non accertato;Inesploso
3669713;13;04/02/2018 14:35:00;;VIA CREMOSANO;in prossimità;;del civico n.;129;;Veicolo in marcia contro veicolo in sosta;;;;;;;;;;0;0;0;2;12,32822;41,78159;0;2;Autovettura privata;In marcia / fermata / arresto;Hyundai;Athos;Conducente;1985;M;Illeso;0;;Non accertato;Inesploso
3669716;20;05/02/2018 03:00:00;;VIA TIBERINA;all'intersezione con;VIA TENUTA PICCIRILLI;VIA TENUTA PICCIRILLI;;;Scontro frontale/laterale SX fra veicoli in marcia;Intersezione non regolata/non segnalata;;Bagnato (pioggia);Asfaltata;Orizzontale;Pioggia in atto;Scarso;Buona;Sufficiente;0;0;0;1;;;0;1;Autovettura privata;In marcia / fermata / arresto;Peugeot;207;Conducente;1975;M;Illeso;0;;Non accertato;
3669717;11;04/02/2018 16:30:00;Strada Urbana;VIALE GUGLIELMO MARCONI;da specificare;;;;fronte civico 700;Veicolo in marcia contro ostacolo accidentale;Curva a visuale libera;Una carreggiata a senso unico di marcia;Asciutto;Con buche;Verticale;Nuvoloso;Normale;Buona;Ore Diurne;0;0;0;2;12,47533;41,84206;0;1;Autovettura privata;In marcia / fermata / arresto;Ford;C - MAX;Conducente;1962;M;Illeso;0;;;
3669717;11;04/02/2018 16:30:00;Strada Urbana;VIALE GUGLIELMO MARCONI;da specificare;;;;fronte civico 700;Veicolo in marcia contro ostacolo accidentale;Curva a visuale libera;Una carreggiata a senso unico di marcia;Asciutto;Con buche;Verticale;Nuvoloso;Normale;Buona;Ore Diurne;0;0;0;2;12,47533;41,84206;0;1;Autovettura privata;In marcia / fermata / arresto;Ford;C - MAX;Passeggero;1962;M;Illeso;0;;;
3669719;13;04/02/2018 16:30:00;Strada Urbana;VIA PIETRO BENEDETTI;all'intersezione con;VIA CARLO CASINI;VIA CARLO CASINI;;;Scontro frontale/laterale SX fra veicoli in marcia;Incrocio;Una carreggiata a senso unico di marcia;Asciutto;Asfaltata;Verticale;Nuvoloso;Normale;Sufficiente;Ore Diurne;0;0;0;2;12,3415;41,77769;0;1;Autovettura privata;In marcia / fermata / arresto;Fiat;600;Conducente;1944;F;Illeso;0;;;
3669719;13;04/02/2018 16:30:00;Strada Urbana;VIA PIETRO BENEDETTI;all'intersezione con;VIA CARLO CASINI;VIA CARLO CASINI;;;Scontro frontale/laterale SX fra veicoli in marcia;Incrocio;Una carreggiata a senso unico di marcia;Asciutto;Asfaltata;Verticale;Nuvoloso;Normale;Sufficiente;Ore Diurne;0;0;0;2;12,3415;41,77769;0;2;Autovettura privata;In marcia / fermata / arresto;Mercedes;glc;Conducente;1971;M;Illeso;0;;;
3669728;11;04/02/2018 17:30:00;Strada Urbana;VIA OSTIENSE;all'intersezione con;VIA DEI CONCIATORI;VIA DEI CONCIATORI;;;Investimento di pedone;Intersezione stradale segnalata;Più di due carreggiate;Asciutto;Asfaltata;Verticale ed orizzontale;Nuvoloso;Normale;Buona;Sufficiente;2;0;0;2;;;0;;;;;;Pedone;1943;M;Rimandato;0;NON DECEDUTO;;
3669728;11;04/02/2018 17:30:00;Strada Urbana;VIA OSTIENSE;all'intersezione con;VIA DEI CONCIATORI;VIA DEI CONCIATORI;;;Investimento di pedone;Intersezione stradale segnalata;Più di due carreggiate;Asciutto;Asfaltata;Verticale ed orizzontale;Nuvoloso;Normale;Buona;Sufficiente;2;0;0;2;;;0;;;;;;Pedone;1944;M;Rimandato;0;NON DECEDUTO;;
3669728;11;04/02/2018 17:30:00;Strada Urbana;VIA OSTIENSE;all'intersezione con;VIA DEI CONCIATORI;VIA DEI CONCIATORI;;;Investimento di pedone;Intersezione stradale segnalata;Più di due carreggiate;Asciutto;Asfaltata;Verticale ed orizzontale;Nuvoloso;Normale;Buona;Sufficiente;2;0;0;2;;;0;1;Autovettura privata;In marcia / fermata / arresto;Fiat;Panda;Conducente;1963;F;Illeso;0;;;
3669728;11;04/02/2018 17:30:00;Strada Urbana;VIA OSTIENSE;all'intersezione con;VIA DEI CONCIATORI;VIA DEI CONCIATORI;;;Investimento di pedone;Intersezione stradale segnalata;Più di due carreggiate;Asciutto;Asfaltata;Verticale ed orizzontale;Nuvoloso;Normale;Buona;Sufficiente;2;0;0;2;;;0;1;Autovettura privata;In marcia / fermata / arresto;Fiat;Panda;Passeggero;1968;M;Illeso;0;;;
3669731;11;05/02/2018 00:10:00;;VIA OSTIENSE;all'intersezione con;VIA PAVULLO NEL FRIGNANO;VIA PAVULLO NEL FRIGNANO;;;Scontro frontale fra veicoli in marcia;;;;;;;;;;0;0;1;1;;;0;1;Autovettura privata;In marcia / fermata / arresto;Ford;Fiesta;Conducente;1985;F;Deceduto sul posto;-1;;Utilizzato;Esploso
3669731;11;05/02/2018 00:10:00;;VIA OSTIENSE;all'intersezione con;VIA PAVULLO NEL FRIGNANO;VIA PAVULLO NEL FRIGNANO;;;Scontro frontale fra veicoli in marcia;;;;;;;;;;0;0;1;1;;;0;2;Autobus di linea;In marcia / fermata / arresto;Breda;Menaribus;Conducente;1972;M;Illeso;0;;Non accertato;
3669736;18;03/02/2018 22:20:00;Strada Urbana;VIA MATTIA BATTISTINI;all'intersezione semaforizzata con;VIA ENNIO BONIFAZI;VIA ENNIO BONIFAZI;;;Scontro frontale/laterale SX fra veicoli in marcia;Intersezione semaforizzata;Due carreggiate;Bagnato (pioggia);Asfaltata;Verticale ed orizzontale;Pioggia in atto;Scarso;Sufficiente;Sufficiente;3;0;0;1;12,41843;41,91391;0;1;Autovettura privata;In marcia / fermata / arresto;Land Rover;(non accertato);Conducente;1986;M;Illeso;0;;Non accertato;Inesploso
3669736;18;03/02/2018 22:20:00;Strada Urbana;VIA MATTIA BATTISTINI;all'intersezione semaforizzata con;VIA ENNIO BONIFAZI;VIA ENNIO BONIFAZI;;;Scontro frontale/laterale SX fra veicoli in marcia;Intersezione semaforizzata;Due carreggiate;Bagnato (pioggia);Asfaltata;Verticale ed orizzontale;Pioggia in atto;Scarso;Sufficiente;Sufficiente;3;0;0;1;12,41843;41,91391;0;2;Autovettura privata;In marcia / fermata / arresto;Nissan;Micra;Conducente;1996;M;Rimandato;0;NON DECEDUTO;Non accertato;Esploso
3669736;18;03/02/2018 22:20:00;Strada Urbana;VIA MATTIA BATTISTINI;all'intersezione semaforizzata con;VIA ENNIO BONIFAZI;VIA ENNIO BONIFAZI;;;Scontro frontale/laterale SX fra veicoli in marcia;Intersezione semaforizzata;Due carreggiate;Bagnato (pioggia);Asfaltata;Verticale ed orizzontale;Pioggia in atto;Scarso;Sufficiente;Sufficiente;3;0;0;1;12,41843;41,91391;0;2;Autovettura privata;In marcia / fermata / arresto;Nissan;Micra;Passeggero;1999;M;Rimandato;0;NON DECEDUTO;Non accertato;Inesploso
3669736;18;03/02/2018 22:20:00;Strada Urbana;VIA MATTIA BATTISTINI;all'intersezione semaforizzata con;VIA ENNIO BONIFAZI;VIA ENNIO BONIFAZI;;;Scontro frontale/laterale SX fra veicoli in marcia;Intersezione semaforizzata;Due carreggiate;Bagnato (pioggia);Asfaltata;Verticale ed orizzontale;Pioggia in atto;Scarso;Sufficiente;Sufficiente;3;0;0;1;12,41843;41,91391;0;2;Autovettura privata;In marcia / fermata / arresto;Nissan;Micra;Passeggero;2002;F;Rimandato;0;NON DECEDUTO;Non accertato;Inesistente
3669751;5;02/02/2018 06:25:00;Strada Urbana;VIA TIBURTINA;all'intersezione con;VIA DI SETTECAMINI;VIA DI SETTECAMINI;;;Tamponamento;Incrocio;Due carreggiate;Bagnato (umidità in atto);Asfaltata;Temporanea di cantiere;Nuvoloso;Intenso;Buona;Ore Diurne;0;0;0;2;12,62123;41,93793;-1;1;Autovettura privata;In marcia / fermata / arresto;Ford;Fiesta;Conducente;1984;M;Illeso;0;;Non accertato;Inesploso
3669751;5;02/02/2018 06:25:00;Strada Urbana;VIA TIBURTINA;all'intersezione con;VIA DI SETTECAMINI;VIA DI SETTECAMINI;;;Tamponamento;Incrocio;Due carreggiate;Bagnato (umidità in atto);Asfaltata;Temporanea di cantiere;Nuvoloso;Intenso;Buona;Ore Diurne;0;0;0;2;12,62123;41,93793;-1;2;Autoarticolato;In marcia / fermata / arresto;Daf;XF;Conducente;1959;M;Illeso;0;;Non accertato;Inesploso
3669755;20;04/02/2018 12:15:00;Strada Urbana;LARGO FERRARIS IV;da specificare;;;;prossimità Viale dello Stadio Olimpico;Investimento di pedone;Rettilineo;Una carreggiata a doppio senso;Asciutto;Asfaltata;Verticale ed orizzontale;Sereno;Scarso;Buona;Ore Diurne;1;0;0;1;12,45485;41,93591;0;;;;;;Pedone;0;F;Rimandato;0;NON DECEDUTO;;
3669755;20;04/02/2018 12:15:00;Strada Urbana;LARGO FERRARIS IV;da specificare;;;;prossimità Viale dello Stadio Olimpico;Investimento di pedone;Rettilineo;Una carreggiata a doppio senso;Asciutto;Asfaltata;Verticale ed orizzontale;Sereno;Scarso;Buona;Ore Diurne;1;0;0;1;12,45485;41,93591;0;1;Autovettura di polizia;In marcia / fermata / arresto;Peugeot;208;Conducente;1969;M;Illeso;0;;;
3669760;4;02/02/2018 08:30:00;;VIA VIRGILIO TALLI;all'intersezione con;VIA NAZZARENO DE ANGELIS;VIA NAZZARENO DE ANGELIS;;;Scontro laterale fra veicoli in marcia;;;;;;;;;;0;0;0;1;;;0;1;Autovettura privata;In marcia / fermata / arresto;Renault;Twingo;Conducente;1987;F;Illeso;0;;;
3669760;4;02/02/2018 08:30:00;;VIA VIRGILIO TALLI;all'intersezione con;VIA NAZZARENO DE ANGELIS;VIA NAZZARENO DE ANGELIS;;;Scontro laterale fra veicoli in marcia;;;;;;;;;;0;0;0;1;;;0;2;Autovettura privata;In marcia / fermata / arresto;Fiat;500;Conducente;1952;;Illeso;0;;;
3669761;5;02/02/2018 07:15:00;;VIA TIBURTINA;all'intersezione con;VIA DELLE CAVE DI PIETRALATA;VIA DELLE CAVE DI PIETRALATA;;;Scontro laterale fra veicoli in marcia;;;;;;;;;;0;0;0;2;12,53654;41,90847;0;1;Autocarro inferiore 35 q.;In marcia / fermata / arresto;Iveco;stralis;Conducente;0;M;Illeso;0;;;
3669761;5;02/02/2018 07:15:00;;VIA TIBURTINA;all'intersezione con;VIA DELLE CAVE DI PIETRALATA;VIA DELLE CAVE DI PIETRALATA;;;Scontro laterale fra veicoli in marcia;;;;;;;;;;0;0;0;2;12,53654;41,90847;0;2;Autovettura privata;In marcia / fermata / arresto;Toyota;Yaris;Conducente;0;F;Illeso;0;;;
3669769;5;02/02/2018 10:40:00;;NUOVA CIRCONVALLAZIONE INTERNA;da specificare;;;;prossimità uscita VIA TIBURTINA;Scontro laterale fra veicoli in marcia;;;;;;;;;;0;0;0;2;12,5337;41,90875;0;1;Autovettura privata;In marcia / fermata / arresto;Lancia;Ypsilon;Conducente;0;F;Illeso;0;;;
3669769;5;02/02/2018 10:40:00;;NUOVA CIRCONVALLAZIONE INTERNA;da specificare;;;;prossimità uscita VIA TIBURTINA;Scontro laterale fra veicoli in marcia;;;;;;;;;;0;0;0;2;12,5337;41,90875;0;2;Autovettura privata;In marcia / fermata / arresto;Peugeot;Expert;Conducente;0;M;Illeso;0;;;
3669777;18;03/02/2018 00:40:00;Strada Urbana;PIAZZA PIO XI;all'intersezione semaforizzata con;VIA LEONE XIII;VIA LEONE XIII;;;Veicolo in marcia contro ostacolo fisso;Intersezione semaforizzata;Due carreggiate;Bagnato (pioggia);Asfaltata;Verticale ed orizzontale;Pioggia in atto;Normale;Sufficiente;Sufficiente;0;0;0;1;12,43849;41,89504;0;1;Autovettura privata;In marcia / fermata / arresto;Nissan;Micra;Conducente;1996;M;Illeso;0;;;
3669778;20;04/02/2018 17:10:00;Strada Urbana;VIALE DI TOR DI QUINTO;in prossimità;;del civico n.;53;;Tamponamento;Rettilineo;Una carreggiata a doppio senso;Asciutto;Asfaltata;Orizzontale;Sereno;Normale;Buona;Ore Diurne;0;0;0;3;12,47705;41,93798;-1;1;Autovettura privata;In marcia / fermata / arresto;smart for two;(ignoto);Conducente;1996;M;Illeso;0;;;
3669778;20;04/02/2018 17:10:00;Strada Urbana;VIALE DI TOR DI QUINTO;in prossimità;;del civico n.;53;;Tamponamento;Rettilineo;Una carreggiata a doppio senso;Asciutto;Asfaltata;Orizzontale;Sereno;Normale;Buona;Ore Diurne;0;0;0;3;12,47705;41,93798;-1;2;Autovettura privata;In marcia / fermata / arresto;BMW;325;Conducente;1988;M;Illeso;0;;;
3669778;20;04/02/2018 17:10:00;Strada Urbana;VIALE DI TOR DI QUINTO;in prossimità;;del civico n.;53;;Tamponamento;Rettilineo;Una carreggiata a doppio senso;Asciutto;Asfaltata;Orizzontale;Sereno;Normale;Buona;Ore Diurne;0;0;0;3;12,47705;41,93798;-1;2;Autovettura privata;In marcia / fermata / arresto;BMW;325;Passeggero;1978;M;Illeso;0;;;
3669787;5;02/02/2018 10:45:00;Strada Urbana;VIALE ERETUM;all'intersezione con;VIA CRUSTUMERIUM;VIA CRUSTUMERIUM;;;Investimento di pedone;Incrocio;Una carreggiata a doppio senso;Bagnato (pioggia);Asfaltata;Verticale ed orizzontale;Nuvoloso;Normale;Sufficiente;Ore Diurne;1;0;0;1;12,60008;41,94354;0;;;;;;Pedone;1954;M;Rimandato;0;NON DECEDUTO;;
3669787;5;02/02/2018 10:45:00;Strada Urbana;VIALE ERETUM;all'intersezione con;VIA CRUSTUMERIUM;VIA CRUSTUMERIUM;;;Investimento di pedone;Incrocio;Una carreggiata a doppio senso;Bagnato (pioggia);Asfaltata;Verticale ed orizzontale;Nuvoloso;Normale;Sufficiente;Ore Diurne;1;0;0;1;12,60008;41,94354;0;1;Autovettura privata;In marcia / fermata / arresto;Smart ;Smart for two coupè;Conducente;1962;F;Illeso;0;;Non accertato;
3669789;4;02/02/2018 09:35:00;;VIA JACOPO SANNAZZARO;in corrispondenza;;del civico n.;23;;Veicolo in marcia contro ostacolo accidentale;;;;;;;;;;0;0;0;1;;;0;1;Autovettura privata;In marcia / fermata / arresto;Fiat;Panda;Conducente;1947;M;Illeso;0;;;
3669793;2;02/02/2018 18:30:00;Strada Urbana;VIA TOMMASO SALVINI;all'intersezione con;VIA ALAMANNO MORELLI;VIA ALAMANNO MORELLI;;;Scontro frontale/laterale SX fra veicoli in marcia;Incrocio;Una carreggiata a senso unico di marcia;Asciutto;Asfaltata;Verticale;Sereno;Normale;Buona;Sufficiente;0;0;0;2;12,49292;41,92964;-1;1;Autovettura privata;In marcia / fermata / arresto;Volkswagen;Golf;Conducente;1944;M;Illeso;0;;;
3669793;2;02/02/2018 18:30:00;Strada Urbana;VIA TOMMASO SALVINI;all'intersezione con;VIA ALAMANNO MORELLI;VIA ALAMANNO MORELLI;;;Scontro frontale/laterale SX fra veicoli in marcia;Incrocio;Una carreggiata a senso unico di marcia;Asciutto;Asfaltata;Verticale;Sereno;Normale;Buona;Sufficiente;0;0;0;2;12,49292;41,92964;-1;2;Autovettura pubblica;In marcia / fermata / arresto;Toyota;Auris;Conducente;1965;M;Illeso;0;;;
3669795;2;02/02/2018 19:40:00;;VIA CHIANA;all'intersezione con;VIA TRONTO;VIA TRONTO;;;Investimento di pedone;;;;;;;;;;1;0;0;1;;;0;;;;;;Pedone;1943;F;Rimandato;0;NON DECEDUTO;;
3669795;2;02/02/2018 19:40:00;;VIA CHIANA;all'intersezione con;VIA TRONTO;VIA TRONTO;;;Investimento di pedone;;;;;;;;;;1;0;0;1;;;0;1;Autovettura privata;In marcia / fermata / arresto;Opel;AGILA;Conducente;1964;M;Illeso;0;;;
3669796;5;02/02/2018 12:30:00;Strada Urbana;VIA DEL CASALE DI S. BASILIO;in prossimità;;del civico n.;39;;Tamponamento;Rettilineo;Una carreggiata a doppio senso;Asciutto;Asfaltata;Orizzontale;Sereno;Normale;Buona;Ore Diurne;1;0;0;1;12,56957;41,94412;-1;1;Autovettura privata;In marcia / fermata / arresto;Fiat;Punto;Conducente;1972;F;Rimandato;0;NON DECEDUTO;Non accertato;Inesploso
3669796;5;02/02/2018 12:30:00;Strada Urbana;VIA DEL CASALE DI S. BASILIO;in prossimità;;del civico n.;39;;Tamponamento;Rettilineo;Una carreggiata a doppio senso;Asciutto;Asfaltata;Orizzontale;Sereno;Normale;Buona;Ore Diurne;1;0;0;1;12,56957;41,94412;-1;2;Autovettura privata;In marcia / fermata / arresto;Mercedes;Smart Forfour;Conducente;1977;F;Illeso;0;;Non accertato;Inesploso
3669797;4;02/02/2018 08:43:00;;VIA SAN LEO;all'intersezione con;VIA INCISA IN VAL D'ARNO;VIA INCISA IN VAL D'ARNO;;;Scontro frontale/laterale DX fra veicoli in marcia;;;;;;;;;;1;0;0;4;;;0;1;Motociclo con passeggero;In marcia / fermata / arresto;Yamaha;Majesty;Conducente;1985;M;Illeso;0;;Non accertato;
3669797;4;02/02/2018 08:43:00;;VIA SAN LEO;all'intersezione con;VIA INCISA IN VAL D'ARNO;VIA INCISA IN VAL D'ARNO;;;Scontro frontale/laterale DX fra veicoli in marcia;;;;;;;;;;1;0;0;4;;;0;1;Motociclo con passeggero;In marcia / fermata / arresto;Yamaha;Majesty;Passeggero;0;F;Rifiuta cure immediate;0;NON DECEDUTO;;
3669797;4;02/02/2018 08:43:00;;VIA SAN LEO;all'intersezione con;VIA INCISA IN VAL D'ARNO;VIA INCISA IN VAL D'ARNO;;;Scontro frontale/laterale DX fra veicoli in marcia;;;;;;;;;;1;0;0;4;;;0;2;Autovettura privata;In marcia / fermata / arresto;Opel;AGILA;Conducente;1945;M;Illeso;0;;;
3669797;4;02/02/2018 08:43:00;;VIA SAN LEO;all'intersezione con;VIA INCISA IN VAL D'ARNO;VIA INCISA IN VAL D'ARNO;;;Scontro frontale/laterale DX fra veicoli in marcia;;;;;;;;;;1;0;0;4;;;0;2;Autovettura privata;In marcia / fermata / arresto;Opel;AGILA;Passeggero;0;F;Illeso;0;;;
3669799;7;02/02/2018 18:10:00;Strada Urbana;VIA DEI LAURI;all'intersezione con;VIA DELLE ROBINIE;VIA DELLE ROBINIE;;;Investimento di pedone;Incrocio;Una carreggiata a doppio senso;Asciutto;Asfaltata;Orizzontale;Nuvoloso;Normale;Buona;Sufficiente;1;0;0;1;12,56413;41,88278;0;;;;;;Pedone;1964;F;Rimandato;0;NON DECEDUTO;;
3669799;7;02/02/2018 18:10:00;Strada Urbana;VIA DEI LAURI;all'intersezione con;VIA DELLE ROBINIE;VIA DELLE ROBINIE;;;Investimento di pedone;Incrocio;Una carreggiata a doppio senso;Asciutto;Asfaltata;Orizzontale;Nuvoloso;Normale;Buona;Sufficiente;1;0;0;1;12,56413;41,88278;0;1;Autovettura privata;In marcia / fermata / arresto;Opel;Corsa;Conducente;1957;M;Illeso;0;;Non accertato;Inesploso
3669801;7;02/02/2018 21:10:00;Strada Urbana;VIA COLLATINA;in prossimità;;del civico n.;130 A;;Tamponamento Multiplo;Rettilineo;Una carreggiata a doppio senso;Asciutto;Asfaltata;Orizzontale;Sereno;Normale;Buona;Sufficiente;0;0;0;3;12,57013;41,90195;0;1;Autovettura privata;In marcia / fermata / arresto;Toyota;Yaris;Conducente;1973;F;Illeso;0;;;
3669801;7;02/02/2018 21:10:00;Strada Urbana;VIA COLLATINA;in prossimità;;del civico n.;130 A;;Tamponamento Multiplo;Rettilineo;Una carreggiata a doppio senso;Asciutto;Asfaltata;Orizzontale;Sereno;Normale;Buona;Sufficiente;0;0;0;3;12,57013;41,90195;0;2;Autovettura privata;In marcia / fermata / arresto;Mercedes;Smart Fortwo Coupè;Conducente;1978;M;Illeso;0;;;
3669801;7;02/02/2018 21:10:00;Strada Urbana;VIA COLLATINA;in prossimità;;del civico n.;130 A;;Tamponamento Multiplo;Rettilineo;Una carreggiata a doppio senso;Asciutto;Asfaltata;Orizzontale;Sereno;Normale;Buona;Sufficiente;0;0;0;3;12,57013;41,90195;0;3;Autovettura privata;In marcia / fermata / arresto;Dacia;Logan;Conducente;1970;M;Illeso;0;;;
3669803;5;02/02/2018 14:42:00;;VIA DEI CRISPOLTI;da specificare;;;;fronte civico 132;Veicolo in marcia contro ostacolo fisso;;;;;;;;;;0;0;0;1;12,55104;41,90974;0;1;Autovettura privata;In marcia / fermata / arresto;Nissan;Micra;Conducente;0;M;Illeso;0;;;
3669804;4;02/02/2018 08:35:00;;VIA SALARIA;in corrispondenza;;del civico n.;691;;Scontro laterale fra veicoli in marcia;;;;;;;;;;0;0;0;2;;;0;1;Autovettura privata;In marcia / fermata / arresto;Fiat;500;Conducente;1963;F;Illeso;0;;;
3669804;4;02/02/2018 08:35:00;;VIA SALARIA;in corrispondenza;;del civico n.;691;;Scontro laterale fra veicoli in marcia;;;;;;;;;;0;0;0;2;;;0;2;Motociclo a solo;In marcia / fermata / arresto;Triumph;Tiger;Conducente;1966;;Illeso;0;;;
3669812;5;02/02/2018 15:15:00;;VIA DI PORTONACCIO;all'intersezione semaforizzata con;VIA TIBURTINA;VIA TIBURTINA;;;Scontro laterale fra veicoli in marcia;;;;;;;;;;0;0;0;3;12,53428;41,90809;0;1;Autobus turistico;In marcia / fermata / arresto;VDL BOVA;(non accertato);Conducente;0;M;Illeso;0;;;
3669812;5;02/02/2018 15:15:00;;VIA DI PORTONACCIO;all'intersezione semaforizzata con;VIA TIBURTINA;VIA TIBURTINA;;;Scontro laterale fra veicoli in marcia;;;;;;;;;;0;0;0;3;12,53428;41,90809;0;1;Autobus turistico;In marcia / fermata / arresto;VDL BOVA;(non accertato);Passeggero;0;M;Illeso;0;;;
3669812;5;02/02/2018 15:15:00;;VIA DI PORTONACCIO;all'intersezione semaforizzata con;VIA TIBURTINA;VIA TIBURTINA;;;Scontro laterale fra veicoli in marcia;;;;;;;;;;0;0;0;3;12,53428;41,90809;0;2;Autovettura privata;In marcia / fermata / arresto;Mercedes;VITO;Conducente;0;M;Illeso;0;;;
3669818;17;02/02/2018 10:35:00;Strada Urbana;VIALE GIUSEPPE MAZZINI;in prossimità;;del civico n.;105;;Veicolo in marcia contro veicolo fermo;Rettilineo;Due carreggiate;Bagnato (umidità in atto);Asfaltata;Verticale ed orizzontale;Nuvoloso;Normale;Buona;Ore Diurne;0;0;0;2;12,46065;41,91497;0;1;Autocarro inferiore 35 q.;In marcia / fermata / arresto;Fiat;Iveco;Conducente;1986;M;Illeso;0;;;
3669818;17;02/02/2018 10:35:00;Strada Urbana;VIALE GIUSEPPE MAZZINI;in prossimità;;del civico n.;105;;Veicolo in marcia contro veicolo fermo;Rettilineo;Due carreggiate;Bagnato (umidità in atto);Asfaltata;Verticale ed orizzontale;Nuvoloso;Normale;Buona;Ore Diurne;0;0;0;2;12,46065;41,91497;0;2;Autovettura di soccorso;In marcia / fermata / arresto;Fiat;Punto;Conducente;1970;M;Illeso;0;;;
3669822;2;03/02/2018 01:25:00;;SOTTOVIA IGNAZIO GUIDI;da specificare;;;;dir. Castro Pretorio alt. immissione via Nomentana;Veicolo in marcia contro ostacolo fisso;;;;;;;;;;0;0;0;1;;;0;1;Autovettura privata;In marcia / fermata / arresto;Fiat;Punto;Conducente;1979;M;Illeso;0;;;
3669823;13;04/02/2018 05:55:00;Strada Urbana;VIA GUIDO CALZA;da specificare;;;;.;Veicolo in marcia contro ostacolo fisso;Curva a visuale libera;Una carreggiata a senso unico di marcia;Bagnato (umidità in atto);Asfaltata;Orizzontale;Nuvoloso;Scarso;Sufficiente;Inesistente;0;0;0;1;12,49637;41,90278;0;1;Autovettura privata;In marcia / fermata / arresto;Mini;Cooper;Conducente;1980;F;Illeso;0;;;
3669828;5;02/02/2018 18:00:00;;VIALE ETTORE FRANCESCHINI;in prossimità;;del civico n.;49;;Scontro laterale fra veicoli in marcia;;;;;;;;;;0;0;0;3;12,57536;41,91217;0;1;Autovettura privata;In marcia / fermata / arresto;Lancia;Ypsilon;Conducente;0;F;Illeso;0;;;
3669828;5;02/02/2018 18:00:00;;VIALE ETTORE FRANCESCHINI;in prossimità;;del civico n.;49;;Scontro laterale fra veicoli in marcia;;;;;;;;;;0;0;0;3;12,57536;41,91217;0;2;Autovettura privata;In marcia / fermata / arresto;Kia;Sportage;Conducente;0;M;Illeso;0;;;
3669828;5;02/02/2018 18:00:00;;VIALE ETTORE FRANCESCHINI;in prossimità;;del civico n.;49;;Scontro laterale fra veicoli in marcia;;;;;;;;;;0;0;0;3;12,57536;41,91217;0;2;Autovettura privata;In marcia / fermata / arresto;Kia;Sportage;Passeggero;0;F;Illeso;0;;;
3669829;18;04/02/2018 00:50:00;;VIA CARDINALE SILJ;da specificare;;;;IN PROSS. VIA GREGORIO VII;Scontro frontale/laterale DX fra veicoli in marcia;;;;;;;;;;0;0;0;2;12,44919;41,8967;0;1;Velocipede;In marcia / fermata / arresto;(ignoto);(non accertato);Conducente;0;M;Illeso;0;;Esente;
3669829;18;04/02/2018 00:50:00;;VIA CARDINALE SILJ;da specificare;;;;IN PROSS. VIA GREGORIO VII;Scontro frontale/laterale DX fra veicoli in marcia;;;;;;;;;;0;0;0;2;12,44919;41,8967;0;2;Autovettura privata;In marcia / fermata / arresto;Nissan;Micra;Conducente;0;F;Illeso;0;;;
3669832;19;03/02/2018 12:40:00;;VIA FEDERICO BORROMEO;all'intersezione con;VIA LODOVICO JACOBINI;VIA LODOVICO JACOBINI;;;Scontro frontale/laterale DX fra veicoli in marcia;;;;;;;;;;1;0;0;2;;;0;1;Motociclo a solo;In marcia / fermata / arresto;Honda;SH 300;Conducente;1989;M;Rimandato;0;NON DECEDUTO;;
3669832;19;03/02/2018 12:40:00;;VIA FEDERICO BORROMEO;all'intersezione con;VIA LODOVICO JACOBINI;VIA LODOVICO JACOBINI;;;Scontro frontale/laterale DX fra veicoli in marcia;;;;;;;;;;1;0;0;2;;;0;2;Autovettura privata;In marcia / fermata / arresto;Nissan;QASHQAI;Conducente;1953;M;Illeso;0;;;
3669832;19;03/02/2018 12:40:00;;VIA FEDERICO BORROMEO;all'intersezione con;VIA LODOVICO JACOBINI;VIA LODOVICO JACOBINI;;;Scontro frontale/laterale DX fra veicoli in marcia;;;;;;;;;;1;0;0;2;;;0;3;Autovettura privata;In marcia / fermata / arresto;Ford;Focus;Conducente;1984;M;Illeso;0;;;