Protocollo;Gruppo;DataOraIncidente;Localizzazione1;STRADA1;Localizzazione2;STRADA2;Strada02;Chilometrica;DaSpecificare;NaturaIncidente;particolaritastrade;TipoStrada;FondoStradale;Pavimentazione;Segnaletica;CondizioneAtmosferica;Traffico;Visibilita;Illuminazione;NUM_FERITI;NUM_RISERVATA;NUM_MORTI;NUM_ILLESI;Longitudine;Latitudine;Confermato;Progressivo;TipoVeicolo;StatoVeicolo;Marca;Modello;TipoPersona;AnnoNascita;Sesso;Tipolesione;Deceduto;DecedutoDopo;CinturaCascoUtilizzato;Airbag;
3669949;17;03/02/2018 21:45:00;Strada Urbana;VIALE DELLE MEDAGLIE D'ORO;da specificare;;;;.;Investimento di pedone;Rettilineo;Una carreggiata a doppio senso;Bagnato (pioggia);Asfaltata;Verticale ed orizzontale;Pioggia in atto;Scarso;Buona;Sufficiente;1;0;0;2;;;0;1;Motociclo con passeggero;In marcia / fermata / arresto;Piaggio;Liberty;Passeggero;1979;F;Illeso;0;;Non accertato;
3669950;5;04/02/2018 17:20:00;Strada Urbana;VIA TIBURTINA;da specificare;;;;altezza VIA FILIPPO FIORENTINI;Scontro laterale fra veicoli in marcia;Rettilineo;Due carreggiate;Asciutto;Asfaltata;Verticale ed orizzontale;Sereno;Normale;Buona;Sufficiente;0;0;0;6;12,55372;41,912;0;1;Autovettura privata;In marcia / fermata / arresto;Fiat;Marea;Conducente;1961;M;Illeso;0;;Non accertato;Inesistente
3669950;5;04/02/2018 17:20:00;Strada Urbana;VIA TIBURTINA;da specificare;;;;altezza VIA FILIPPO FIORENTINI;Scontro laterale fra veicoli in marcia;Rettilineo;Due carreggiate;Asciutto;Asfaltata;Verticale ed orizzontale;Sereno;Normale;Buona;Sufficiente;0;0;0;6;12,55372;41,912;0;1;Autovettura privata;In marcia / fermata / arresto;Fiat;Marea;Passeggero;1959;F;Illeso;0;;Non accertato;Inesistente
3669950;5;04/02/2018 17:20:00;Strada Urbana;VIA TIBURTINA;da specificare;;;;altezza VIA FILIPPO FIORENTINI;Scontro laterale fra veicoli in marcia;Rettilineo;Due carreggiate;Asciutto;Asfaltata;Verticale ed orizzontale;Sereno;Normale;Buona;Sufficiente;0;0;0;6;12,55372;41,912;0;1;Autovettura privata;In marcia / fermata / arresto;Fiat;Marea;Passeggero;2003;M;Illeso;0;;Non accertato;Inesistente
3669950;5;04/02/2018 17:20:00;Strada Urbana;VIA TIBURTINA;da specificare;;;;altezza VIA FILIPPO FIORENTINI;Scontro laterale fra veicoli in marcia;Rettilineo;Due carreggiate;Asciutto;Asfaltata;Verticale ed orizzontale;Sereno;Normale;Buona;Sufficiente;0;0;0;6;12,55372;41,912;0;2;Autovettura privata;In marcia / fermata / arresto;Fiat;Panda;Conducente;1971;M;Illeso;0;;Non accertato;Inesistente
3669950;5;04/02/2018 17:20:00;Strada Urbana;VIA TIBURTINA;da specificare;;;;altezza VIA FILIPPO FIORENTINI;Scontro laterale fra veicoli in marcia;Rettilineo;Due carreggiate;Asciutto;Asfaltata;Verticale ed orizzontale;Sereno;Normale;Buona;Sufficiente;0;0;0;6;12,55372;41,912;0;2;Autovettura privata;In marcia / fermata / arresto;Fiat;Panda;Passeggero;1972;M;Illeso;0;;Non accertato;Inesistente
3669950;5;04/02/2018 17:20:00;Strada Urbana;VIA TIBURTINA;da specificare;;;;altezza VIA FILIPPO FIORENTINI;Scontro laterale fra veicoli in marcia;Rettilineo;Due carreggiate;Asciutto;Asfaltata;Verticale ed orizzontale;Sereno;Normale;Buona;Sufficiente;0;0;0;6;12,55372;41,912;0;2;Autovettura privata;In marcia / fermata / arresto;Fiat;Panda;Passeggero;2001;M;Illeso;0;;Non accertato;Inesistente
3669960;8;03/02/2018 15:40:00;;VIA CASILINA;in prossimità;;del civico n.;1746;;Tamponamento;;;;;;;;;;0;0;0;1;;;0;1;Autovettura privata;In marcia / fermata / arresto;Chevrolet;spark;Conducente;1981;M;Illeso;0;;;
3669975;8;04/02/2018 18:00:00;Strada Urbana;VIA DEL FOSSO DI S. MAURA;all'intersezione con;VIALE ANTONIO CIAMARRA;VIALE ANTONIO CIAMARRA;;;Scontro laterale fra veicoli in marcia;Intersezione semaforizzata;Una carreggiata a doppio senso;Asciutto;Asfaltata;Verticale ed orizzontale;Sereno;Normale;Sufficiente;Sufficiente;0;0;0;8;12,59469;41,85795;-1;1;Autovettura privata;In marcia / fermata / arresto;Fiat;Punto;Conducente;1954;M;Illeso;0;;Non accertato;Inesploso
3669975;8;04/02/2018 18:00:00;Strada Urbana;VIA DEL FOSSO DI S. MAURA;all'intersezione con;VIALE ANTONIO CIAMARRA;VIALE ANTONIO CIAMARRA;;;Scontro laterale fra veicoli in marcia;Intersezione semaforizzata;Una carreggiata a doppio senso;Asciutto;Asfaltata;Verticale ed orizzontale;Sereno;Normale;Sufficiente;Sufficiente;0;0;0;8;12,59469;41,85795;-1;1;Autovettura privata;In marcia / fermata / arresto;Fiat;Punto;Passeggero;1962;F;Illeso;0;;Non accertato;Inesploso
3669975;8;04/02/2018 18:00:00;Strada Urbana;VIA DEL FOSSO DI S. MAURA;all'intersezione con;VIALE ANTONIO CIAMARRA;VIALE ANTONIO CIAMARRA;;;Scontro laterale fra veicoli in marcia;Intersezione semaforizzata;Una carreggiata a doppio senso;Asciutto;Asfaltata;Verticale ed orizzontale;Sereno;Normale;Sufficiente;Sufficiente;0;0;0;8;12,59469;41,85795;-1;1;Autovettura privata;In marcia / fermata / arresto;Fiat;Punto;Passeggero;1990;M;Illeso;0;;Non accertato;Inesploso
3669975;8;04/02/2018 18:00:00;Strada Urbana;VIA DEL FOSSO DI S. MAURA;all'intersezione con;VIALE ANTONIO CIAMARRA;VIALE ANTONIO CIAMARRA;;;Scontro laterale fra veicoli in marcia;Intersezione semaforizzata;Una carreggiata a doppio senso;Asciutto;Asfaltata;Verticale ed orizzontale;Sereno;Normale;Sufficiente;Sufficiente;0;0;0;8;12,59469;41,85795;-1;2;Autovettura privata;In marcia / fermata / arresto;Volkswagen;Caddy;Conducente;1979;M;Illeso;0;;Non accertato;Inesploso
3669975;8;04/02/2018 18:00:00;Strada Urbana;VIA DEL FOSSO DI S. MAURA;all'intersezione con;VIALE ANTONIO CIAMARRA;VIALE ANTONIO CIAMARRA;;;Scontro laterale fra veicoli in marcia;Intersezione semaforizzata;Una carreggiata a doppio senso;Asciutto;Asfaltata;Verticale ed orizzontale;Sereno;Normale;Sufficiente;Sufficiente;0;0;0;8;12,59469;41,85795;-1;2;Autovettura privata;In marcia / fermata / arresto;Volkswagen;Caddy;Passeggero;1978;F;Illeso;0;;Non accertato;Inesploso
3669975;8;04/02/2018 18:00:00;Strada Urbana;VIA DEL FOSSO DI S. MAURA;all'intersezione con;VIALE ANTONIO CIAMARRA;VIALE ANTONIO CIAMARRA;;;Scontro laterale fra veicoli in marcia;Intersezione semaforizzata;Una carreggiata a doppio senso;Asciutto;Asfaltata;Verticale ed orizzontale;Sereno;Normale;Sufficiente;Sufficiente;0;0;0;8;12,59469;41,85795;-1;2;Autovettura privata;In marcia / fermata / arresto;Volkswagen;Caddy;Passeggero;2007;F;Illeso;0;;Non accertato;Inesploso
3669975;8;04/02/2018 18:00:00;Strada Urbana;VIA DEL FOSSO DI S. MAURA;all'intersezione con;VIALE ANTONIO CIAMARRA;VIALE ANTONIO CIAMARRA;;;Scontro laterale fra veicoli in marcia;Intersezione semaforizzata;Una carreggiata a doppio senso;Asciutto;Asfaltata;Verticale ed orizzontale;Sereno;Normale;Sufficiente;Sufficiente;0;0;0;8;12,59469;41,85795;-1;2;Autovettura privata;In marcia / fermata / arresto;Volkswagen;Caddy;Passeggero;2008;F;Illeso;0;;Non accertato;Inesploso
3669975;8;04/02/2018 18:00:00;Strada Urbana;VIA DEL FOSSO DI S. MAURA;all'intersezione con;VIALE ANTONIO CIAMARRA;VIALE ANTONIO CIAMARRA;;;Scontro laterale fra veicoli in marcia;Intersezione semaforizzata;Una carreggiata a doppio senso;Asciutto;Asfaltata;Verticale ed orizzontale;Sereno;Normale;Sufficiente;Sufficiente;0;0;0;8;12,59469;41,85795;-1;2;Autovettura privata;In marcia / fermata / arresto;Volkswagen;Caddy;Passeggero;2010;M;Illeso;0;;Non accertato;Inesistente
3669981;8;04/02/2018 18:35:00;;VIA CASILINA;da specificare;;;;cavalcavia dir Roma centro;Veicolo in marcia contro ostacolo accidentale;;;;;;;;;;0;0;0;2;;;0;1;Autovettura privata;In marcia / fermata / arresto;Ford;Focus;Conducente;1994;M;Illeso;0;;;
3669981;8;04/02/2018 18:35:00;;VIA CASILINA;da specificare;;;;cavalcavia dir Roma centro;Veicolo in marcia contro ostacolo accidentale;;;;;;;;;;0;0;0;2;;;0;1;Autovettura privata;In marcia / fermata / arresto;Ford;Focus;Passeggero;1996;F;Illeso;0;;;
3669985;8;04/02/2018 17:40:00;Strada Urbana;VIA CASILINA;da specificare;;;;cavalcavia, corsia dir. Roma centro alt. civ. 1609;Veicolo in marcia contro ostacolo accidentale;Rettilineo;Una carreggiata a doppio senso;Asciutto;Con buche;Verticale ed orizzontale;Sereno;Normale;Sufficiente;Sufficiente;0;0;0;3;;;0;1;Autovettura privata;In marcia / fermata / arresto;Volkswagen;Golf;Conducente;1965;M;Illeso;0;;Non accertato;Inesploso
3669985;8;04/02/2018 17:40:00;Strada Urbana;VIA CASILINA;da specificare;;;;cavalcavia, corsia dir. Roma centro alt. civ. 1609;Veicolo in marcia contro ostacolo accidentale;Rettilineo;Una carreggiata a doppio senso;Asciutto;Con buche;Verticale ed orizzontale;Sereno;Normale;Sufficiente;Sufficiente;0;0;0;3;;;0;1;Autovettura privata;In marcia / fermata / arresto;Volkswagen;Golf;Passeggero;1966;F;Illeso;0;;Non accertato;Inesploso
3669985;8;04/02/2018 17:40:00;Strada Urbana;VIA CASILINA;da specificare;;;;cavalcavia, corsia dir. Roma centro alt. civ. 1609;Veicolo in marcia contro ostacolo accidentale;Rettilineo;Una carreggiata a doppio senso;Asciutto;Con buche;Verticale ed orizzontale;Sereno;Normale;Sufficiente;Sufficiente;0;0;0;3;;;0;1;Autovettura privata;In marcia / fermata / arresto;Volkswagen;Golf;Passeggero;1988;F;Illeso;0;;Non accertato;Inesploso
3669987;17;04/02/2018 01:40:00;Strada Urbana;VIA OTTAVIO GASPARRI;in prossimità;;del civico n.;42;;Veicolo in marcia contro veicoli in sosta;Rettilineo;Due carreggiate;Bagnato (pioggia);Asfaltata;Verticale ed orizzontale;Pioggia in atto;Scarso;Buona;Sufficiente;0;0;0;1;;;0;1;Autovettura privata;In marcia / fermata / arresto;Fiat;Panda;Conducente;1976;F;Illeso;0;;Non accertato;Inesploso
3669991;8;04/02/2018 14:20:00;;VIA WALTER TOBAGI;da specificare;;;;Via Casilina;Veicolo in marcia contro veicolo fermo;;;;;;;;;;0;0;0;2;;;0;1;Autovettura privata;In marcia / fermata / arresto;Ford;Fiesta;Conducente;1963;M;Illeso;0;;Non accertato;Inesploso
3669991;8;04/02/2018 14:20:00;;VIA WALTER TOBAGI;da specificare;;;;Via Casilina;Veicolo in marcia contro veicolo fermo;;;;;;;;;;0;0;0;2;;;0;2;Autovettura privata;In marcia / fermata / arresto;Fiat;Grande Punto;Conducente;1978;F;Illeso;0;;Non accertato;Inesploso
3670004;8;04/02/2018 00:01:00;;VIA CASILINA;in corrispondenza;;del civico n.;1038 G;;Scontro frontale/laterale DX fra veicoli in marcia;;;;;;;;;;3;0;0;0;;;0;1;Autovettura privata;In marcia / fermata / arresto;Alfa Lancia;Y;Conducente;1996;M;Rimandato;0;NON DECEDUTO;Non accertato;Esploso
3670004;8;04/02/2018 00:01:00;;VIA CASILINA;in corrispondenza;;del civico n.;1038 G;;Scontro frontale/laterale DX fra veicoli in marcia;;;;;;;;;;3;0;0;0;;;0;1;Autovettura privata;In marcia / fermata / arresto;Alfa Lancia;Y;Passeggero;1998;F;Rimandato;0;NON DECEDUTO;Non accertato;Esploso
3670004;8;04/02/2018 00:01:00;;VIA CASILINA;in corrispondenza;;del civico n.;1038 G;;Scontro frontale/laterale DX fra veicoli in marcia;;;;;;;;;;3;0;0;0;;;0;2;Autovettura privata;In marcia / fermata / arresto;Ford;Focus;Conducente;1983;M;Rimandato;0;NON DECEDUTO;Non accertato;Inesploso
3670027;4;03/02/2018 07:55:00;;VIA ETTORE ROMAGNOLI;all'intersezione con;VIA NOMENTANA;VIA NOMENTANA;;;Tamponamento Multiplo;;;;;;;;;;0;0;0;8;;;0;1;Autovettura privata;In marcia / fermata / arresto;Opel;Zafira;Conducente;1968;M;Illeso;0;;;
3670027;4;03/02/2018 07:55:00;;VIA ETTORE ROMAGNOLI;all'intersezione con;VIA NOMENTANA;VIA NOMENTANA;;;Tamponamento Multiplo;;;;;;;;;;0;0;0;8;;;0;1;Autovettura privata;In marcia / fermata / arresto;Opel;Zafira;Passeggero;1998;F;Illeso;0;;;
3670027;4;03/02/2018 07:55:00;;VIA ETTORE ROMAGNOLI;all'intersezione con;VIA NOMENTANA;VIA NOMENTANA;;;Tamponamento Multiplo;;;;;;;;;;0;0;0;8;;;0;1;Autovettura privata;In marcia / fermata / arresto;Opel;Zafira;Passeggero;2002;F;Illeso;0;;;
3670027;4;03/02/2018 07:55:00;;VIA ETTORE ROMAGNOLI;all'intersezione con;VIA NOMENTANA;VIA NOMENTANA;;;Tamponamento Multiplo;;;;;;;;;;0;0;0;8;;;0;2;Autovettura privata;In marcia / fermata / arresto;Opel;KARL;Conducente;1963;F;Illeso;0;;;
3670027;4;03/02/2018 07:55:00;;VIA ETTORE ROMAGNOLI;all'intersezione con;VIA NOMENTANA;VIA NOMENTANA;;;Tamponamento Multiplo;;;;;;;;;;0;0;0;8;;;0;2;Autovettura privata;In marcia / fermata / arresto;Opel;KARL;Passeggero;1997;F;Illeso;0;;;
3670027;4;03/02/2018 07:55:00;;VIA ETTORE ROMAGNOLI;all'intersezione con;VIA NOMENTANA;VIA NOMENTANA;;;Tamponamento Multiplo;;;;;;;;;;0;0;0;8;;;0;2;Autovettura privata;In marcia / fermata / arresto;Opel;KARL;Passeggero;1999;F;Illeso;0;;;
3670027;4;03/02/2018 07:55:00;;VIA ETTORE ROMAGNOLI;all'intersezione con;VIA NOMENTANA;VIA NOMENTANA;;;Tamponamento Multiplo;;;;;;;;;;0;0;0;8;;;0;3;Autovettura privata;In marcia / fermata / arresto;Volkswagen;Polo;Conducente;1983;M;Illeso;0;;;
3670027;4;03/02/2018 07:55:00;;VIA ETTORE ROMAGNOLI;all'intersezione con;VIA NOMENTANA;VIA NOMENTANA;;;Tamponamento Multiplo;;;;;;;;;;0;0;0;8;;;0;3;Autovettura privata;In marcia / fermata / arresto;Volkswagen;Polo;Passeggero;1977;F;Illeso;0;;;Inesploso
3670035;19;04/02/2018 10:45:00;Strada Urbana;VIA DELLA VALLE DEI FONTANILI;in corrispondenza;;del civico n.;47;;Veicolo in marcia contro ostacolo accidentale;Rettilineo;Una carreggiata a doppio senso;Asciutto;Con buche;Assente;Sereno;Normale;Buona;Ore Diurne;0;0;0;2;12,40797;41,92368;-1;1;Autovettura privata;In marcia / fermata / arresto;Mercedes;Smart For Two;Conducente;1978;M;Illeso;0;;Non accertato;Inesploso
3670035;19;04/02/2018 10:45:00;Strada Urbana;VIA DELLA VALLE DEI FONTANILI;in corrispondenza;;del civico n.;47;;Veicolo in marcia contro ostacolo accidentale;Rettilineo;Una carreggiata a doppio senso;Asciutto;Con buche;Assente;Sereno;Normale;Buona;Ore Diurne;0;0;0;2;12,40797;41,92368;-1;1;Autovettura privata;In marcia / fermata / arresto;Mercedes;Smart For Two;Passeggero;1979;F;Illeso;0;;Non accertato;Inesploso
3670047;7;05/02/2018 01:40:00;Strada Urbana;VIA PRENESTINA;all'intersezione con;VIALE DELLA SERENISSIMA;VIALE DELLA SERENISSIMA;;;Scontro frontale/laterale SX fra veicoli in marcia;Intersezione semaforizzata;Una carreggiata a senso unico di marcia;Bagnato (pioggia);Asfaltata;Verticale ed orizzontale;Pioggia in atto;Scarso;Sufficiente;Sufficiente;0;0;0;2;;;0;1;Autovettura di polizia;In marcia / fermata / arresto;Fiat;Bravo;Conducente;1991;M;Illeso;0;;;
3670047;7;05/02/2018 01:40:00;Strada Urbana;VIA PRENESTINA;all'intersezione con;VIALE DELLA SERENISSIMA;VIALE DELLA SERENISSIMA;;;Scontro frontale/laterale SX fra veicoli in marcia;Intersezione semaforizzata;Una carreggiata a senso unico di marcia;Bagnato (pioggia);Asfaltata;Verticale ed orizzontale;Pioggia in atto;Scarso;Sufficiente;Sufficiente;0;0;0;2;;;0;2;Autovettura privata;In marcia / fermata / arresto;Skoda;Fabia;Conducente;1993;F;Illeso;0;;;
3670050;19;04/02/2018 11:30:00;Strada Urbana;VIA DELLA VALLE DEI FONTANILI;da specificare;;;;pross. fermata Atac n. 78203;Veicolo in marcia contro ostacolo accidentale;Rettilineo;Una carreggiata a doppio senso;Asciutto;Asfaltata;Verticale ed orizzontale;Sereno;Normale;Buona;Ore Diurne;0;0;0;1;12,40675;41,92799;-1;1;Motociclo a solo;In marcia / fermata / arresto;Yamaha;FZ6;Conducente;1975;M;Illeso;0;;;
3670055;4;04/02/2018 03:30:00;;VIA DELL'INVIOLATELLA SALARIA;da specificare;;;;l'incidente è avvenuto in Via della Maremma.;Fuoriuscita dalla sede stradale;;;;;;;;;;1;0;0;0;;;0;1;Autovettura privata;In marcia / fermata / arresto;Audi;Q 3;Conducente;1969;M;Rifiuta cure immediate;0;NON DECEDUTO;;
3670094;2;04/02/2018 05:00:00;;VIALE LIEGI;da specificare;;;;prox via Paraguay;Veicolo in marcia contro ostacolo fisso;;;;;;;;;;0;0;0;1;;;0;1;Autovettura privata;In marcia / fermata / arresto;MCC;Smart;Conducente;1992;F;Illeso;0;;;
3670117;4;04/02/2018 13:40:00;;VIA ARTURO GRAF;all'intersezione semaforizzata con;VIA NOMENTANA;VIA NOMENTANA;;;Investimento di pedone;;;;;;;;;;1;0;0;1;;;0;;;;;;Pedone;1966;M;Ricoverato;0;NON DECEDUTO;;
3670117;4;04/02/2018 13:40:00;;VIA ARTURO GRAF;all'intersezione semaforizzata con;VIA NOMENTANA;VIA NOMENTANA;;;Investimento di pedone;;;;;;;;;;1;0;0;1;;;0;1;Autovettura privata;In marcia / fermata / arresto;Lancia;Y;Conducente;1946;F;Illeso;0;;;
3670121;19;04/02/2018 14:40:00;;VIA TRIONFALE;all'intersezione con;VIA PIER PAOLO PASOLINI;VIA PIER PAOLO PASOLINI;;;Scontro frontale/laterale DX fra veicoli in marcia;;;;;;;;;;0;0;0;2;;;0;1;Autovettura privata;In marcia / fermata / arresto;Audi;A6;Conducente;1982;F;Illeso;0;;;
3670121;19;04/02/2018 14:40:00;;VIA TRIONFALE;all'intersezione con;VIA PIER PAOLO PASOLINI;VIA PIER PAOLO PASOLINI;;;Scontro frontale/laterale DX fra veicoli in marcia;;;;;;;;;;0;0;0;2;;;0;2;Autovettura privata;In marcia / fermata / arresto;Opel;Corsa;Conducente;1994;M;Illeso;0;;;
3670126;7;03/02/2018 04:30:00;Strada Urbana;VIALE PALMIRO TOGLIATTI;in prossimità;;del civico n.;801;;Veicolo in marcia contro veicolo in sosta;Rettilineo;Due carreggiate;Bagnato (pioggia);Asfaltata;Orizzontale;Pioggia in atto;Scarso;Buona;Sufficiente;0;0;0;1;;;0;1;Autovettura privata;In marcia / fermata / arresto;Toyota;Aygo;Conducente;1997;M;Illeso;0;;;
3670136;2;04/02/2018 15:00:00;;VIA LUISA DI SAVOIA;in prossimità;;del civico n.;6;;Scontro laterale fra veicoli in marcia;;;;;;;;;;1;0;0;1;;;0;1;Autovettura privata;In marcia / fermata / arresto;Fiat;500;Conducente;1996;M;Illeso;0;;;
3670136;2;04/02/2018 15:00:00;;VIA LUISA DI SAVOIA;in prossimità;;del civico n.;6;;Scontro laterale fra veicoli in marcia;;;;;;;;;;1;0;0;1;;;0;2;Motociclo con passeggero;In marcia / fermata / arresto;KTM;(ignoto);Conducente;1997;M;Ricoverato;0;NON DECEDUTO;;
3670137;2;04/02/2018 15:00:00;;VIA SALARIA;all'intersezione con;VIA FILOMARINO;VIA FILOMARINO;;;Scontro frontale/laterale SX fra veicoli in marcia;;;;;;;;;;1;0;0;2;;;0;1;Autovettura privata;In marcia / fermata / arresto;Nissan;QASHQAI;Conducente;1966;M;Illeso;0;;;
3670137;2;04/02/2018 15:00:00;;VIA SALARIA;all'intersezione con;VIA FILOMARINO;VIA FILOMARINO;;;Scontro frontale/laterale SX fra veicoli in marcia;;;;;;;;;;1;0;0;2;;;0;1;Autovettura privata;In marcia / fermata / arresto;Nissan;QASHQAI;Passeggero;0;F;Illeso;0;;;
3670137;2;04/02/2018 15:00:00;;VIA SALARIA;all'intersezione con;VIA FILOMARINO;VIA FILOMARINO;;;Scontro frontale/laterale SX fra veicoli in marcia;;;;;;;;;;1;0;0;2;;;0;2;Motociclo a solo;In marcia / fermata / arresto;Yamaha;TMAX;Conducente;1992;M;Rimandato;0;NON DECEDUTO;;
3670141;2;04/02/2018 16:25:00;;VIALE BRUNO BUOZZI;in prossimità;;del civico n.;103;;Tamponamento;;;;;;;;;;3;0;0;0;;;0;1;Autovettura privata;In marcia / fermata / arresto;Fiat;Panda;Conducente;1953;F;Rimandato;0;NON DECEDUTO;;
3670141;2;04/02/2018 16:25:00;;VIALE BRUNO BUOZZI;in prossimità;;del civico n.;103;;Tamponamento;;;;;;;;;;3;0;0;0;;;0;2;Autovettura privata;In marcia / fermata / arresto;Mercedes;Smart For Two;Conducente;1927;F;Rimandato;0;NON DECEDUTO;;
3670141;2;04/02/2018 16:25:00;;VIALE BRUNO BUOZZI;in prossimità;;del civico n.;103;;Tamponamento;;;;;;;;;;3;0;0;0;;;0;2;Autovettura privata;In marcia / fermata / arresto;Mercedes;Smart For Two;Passeggero;2024;M;Rimandato;0;NON DECEDUTO;;
3670142;4;04/02/2018 20:00:00;;VIA NOMENTANA;all'intersezione con;RAMPA USCITA G.R.A. CARREGGIATA INTERNA;RAMPA USCITA G.R.A. CARREGGIATA INTERNA;;;Scontro laterale fra veicoli in marcia;;;;;;;;;;0;0;0;4;;;0;1;Autovettura privata;In marcia / fermata / arresto;Lancia;Ypsilon;Conducente;1996;F;Illeso;0;;Non accertato;Inesploso
3670142;4;04/02/2018 20:00:00;;VIA NOMENTANA;all'intersezione con;RAMPA USCITA G.R.A. CARREGGIATA INTERNA;RAMPA USCITA G.R.A. CARREGGIATA INTERNA;;;Scontro laterale fra veicoli in marcia;;;;;;;;;;0;0;0;4;;;0;1;Autovettura privata;In marcia / fermata / arresto;Lancia;Ypsilon;Passeggero;1989;M;Illeso;0;;Non accertato;
3670142;4;04/02/2018 20:00:00;;VIA NOMENTANA;all'intersezione con;RAMPA USCITA G.R.A. CARREGGIATA INTERNA;RAMPA USCITA G.R.A. CARREGGIATA INTERNA;;;Scontro laterale fra veicoli in marcia;;;;;;;;;;0;0;0;4;;;0;2;Autocarro inferiore 35 q.;In marcia / fermata / arresto;Mercedes;Sprinter;Conducente;1980;M;Illeso;0;;;Inesistente
3670142;4;04/02/2018 20:00:00;;VIA NOMENTANA;all'intersezione con;RAMPA USCITA G.R.A. CARREGGIATA INTERNA;RAMPA USCITA G.R.A. CARREGGIATA INTERNA;;;Scontro laterale fra veicoli in marcia;;;;;;;;;;0;0;0;4;;;0;2;Autocarro inferiore 35 q.;In marcia / fermata / arresto;Mercedes;Sprinter;Passeggero;1978;M;Illeso;0;;Non accertato;Inesistente
3670170;4;05/02/2018 00:05:00;;VIA VAL D'OSSOLA;da specificare;;;;in prossimità di Via Nomentana Nuova;Fuoriuscita dalla sede stradale;;;;;;;;;;0;0;0;3;;;0;1;Motociclo a solo;In marcia / fermata / arresto;Honda;SH 300;Conducente;1993;M;Illeso;0;;;
3670170;4;05/02/2018 00:05:00;;VIA VAL D'OSSOLA;da specificare;;;;in prossimità di Via Nomentana Nuova;Fuoriuscita dalla sede stradale;;;;;;;;;;0;0;0;3;;;0;2;Autovettura privata;In marcia / fermata / arresto;Renault;Clio;Conducente;1974;M;Illeso;0;;;
3670170;4;05/02/2018 00:05:00;;VIA VAL D'OSSOLA;da specificare;;;;in prossimità di Via Nomentana Nuova;Fuoriuscita dalla sede stradale;;;;;;;;;;0;0;0;3;;;0;2;Autovettura privata;In marcia / fermata / arresto;Renault;Clio;Passeggero;0;F;Illeso;0;;;
3670177;1;05/02/2018 04:30:00;Strada Urbana;VIALE DELLE TERME DI CARACALLA;in prossimità;;del palo luce n.;19;;Veicolo in marcia contro ostacolo fisso;Rettilineo;Più di due carreggiate;Bagnato (pioggia);Asfaltata;Verticale ed orizzontale;Pioggia in atto;Scarso;Buona;Sufficiente;0;0;0;2;12,49232;41,88208;-1;1;Autovettura privata;In marcia / fermata / arresto;Lamborghini;(non accertato);Conducente;1990;M;Illeso;0;;;
3670177;1;05/02/2018 04:30:00;Strada Urbana;VIALE DELLE TERME DI CARACALLA;in prossimità;;del palo luce n.;19;;Veicolo in marcia contro ostacolo fisso;Rettilineo;Più di due carreggiate;Bagnato (pioggia);Asfaltata;Verticale ed orizzontale;Pioggia in atto;Scarso;Buona;Sufficiente;0;0;0;2;12,49232;41,88208;-1;1;Autovettura privata;In marcia / fermata / arresto;Lamborghini;(non accertato);Passeggero;1994;F;Illeso;0;;Non accertato;
3670183;7;03/02/2018 01:05:00;;LARGO FRANCESCO ARDISSONE;all'intersezione con;VIA DELLA SAGGINA;VIA DELLA SAGGINA;;;Scontro frontale/laterale DX fra veicoli in marcia;;;;;;;;;;1;0;0;2;12,57238;41,88896;0;1;Autovettura privata;In marcia / fermata / arresto;Fiat;Punto;Conducente;1957;M;Illeso;0;;;
3670183;7;03/02/2018 01:05:00;;LARGO FRANCESCO ARDISSONE;all'intersezione con;VIA DELLA SAGGINA;VIA DELLA SAGGINA;;;Scontro frontale/laterale DX fra veicoli in marcia;;;;;;;;;;1;0;0;2;12,57238;41,88896;0;1;Autovettura privata;In marcia / fermata / arresto;Fiat;Punto;Passeggero;1999;F;Rimandato;0;NON DECEDUTO;Non accertato;Inesploso
3670183;7;03/02/2018 01:05:00;;LARGO FRANCESCO ARDISSONE;all'intersezione con;VIA DELLA SAGGINA;VIA DELLA SAGGINA;;;Scontro frontale/laterale DX fra veicoli in marcia;;;;;;;;;;1;0;0;2;12,57238;41,88896;0;2;Autovettura privata;In marcia / fermata / arresto;Fiat;Bravo;Conducente;1969;M;Illeso;0;;;
3670184;19;05/02/2018 11:35:00;Strada Urbana;VIA DELLA VALLE DEI FONTANILI;in corrispondenza;;del civico n.;15;;Scontro frontale/laterale DX fra veicoli in marcia;Rettilineo;Una carreggiata a doppio senso;Asciutto;Asfaltata;Orizzontale;Nuvoloso;Normale;Buona;Ore Diurne;1;0;0;2;;;0;1;Autovettura privata;In marcia / fermata / arresto;Fiat;Panda;Conducente;1970;M;Illeso;0;;Non accertato;Inesploso
3670184;19;05/02/2018 11:35:00;Strada Urbana;VIA DELLA VALLE DEI FONTANILI;in corrispondenza;;del civico n.;15;;Scontro frontale/laterale DX fra veicoli in marcia;Rettilineo;Una carreggiata a doppio senso;Asciutto;Asfaltata;Orizzontale;Nuvoloso;Normale;Buona;Ore Diurne;1;0;0;2;;;0;1;Autovettura privata;In marcia / fermata / arresto;Fiat;Panda;Passeggero;1998;M;Illeso;0;;Non accertato;Inesploso