Protocollo;Gruppo;DataOraIncidente;Localizzazione1;STRADA1;Localizzazione2;STRADA2;Strada02;Chilometrica;DaSpecificare;NaturaIncidente;particolaritastrade;TipoStrada;FondoStradale;Pavimentazione;Segnaletica;CondizioneAtmosferica;Traffico;Visibilita;Illuminazione;NUM_FERITI;NUM_RISERVATA;NUM_MORTI;NUM_ILLESI;Longitudine;Latitudine;Confermato;Progressivo;TipoVeicolo;StatoVeicolo;Marca;Modello;TipoPersona;AnnoNascita;Sesso;Tipolesione;Deceduto;DecedutoDopo;CinturaCascoUtilizzato;Airbag;
3671609;23;05/02/2018 08:05:00;Strada Urbana;VIA MARINO MAZZACURATI;da specificare;;;;in prossimità via V. Lavezzari;Tamponamento;Rettilineo;Una carreggiata a doppio senso;Bagnato (pioggia);Asfaltata;Verticale ed orizzontale;Pioggia in atto;Normale;Buona;Ore Diurne;5;0;0;0;12,41339;41,85041;0;2;Autovettura di polizia;In marcia / fermata / arresto;Peugeot;208;Conducente;1972;M;Rimandato;0;NON DECEDUTO;Non accertato;Inesploso
3671609;23;05/02/2018 08:05:00;Strada Urbana;VIA MARINO MAZZACURATI;da specificare;;;;in prossimità via V. Lavezzari;Tamponamento;Rettilineo;Una carreggiata a doppio senso;Bagnato (pioggia);Asfaltata;Verticale ed orizzontale;Pioggia in atto;Normale;Buona;Ore Diurne;5;0;0;0;12,41339;41,85041;0;2;Autovettura di polizia;In marcia / fermata / arresto;Peugeot;208;Passeggero;1967;M;Rimandato;0;NON DECEDUTO;;
3671628;23;05/02/2018 19:10:00;Strada Urbana;VIALE DELLO STADIO OLIMPICO;in prossimità;;del palo luce n.;89;;Veicolo in marcia contro ostacolo fisso;Rettilineo;Una carreggiata a senso unico di marcia;Asciutto;Asfaltata;Orizzontale;Sereno;Normale;Buona;Sufficiente;0;0;0;1;12,45417;41,9299;-1;1;Autovettura privata;In marcia / fermata / arresto;Mercedes;Smart Fortwo Coupè;Conducente;1973;M;Illeso;0;;Utilizzato;Inesploso
3671656;1;04/02/2018 00:20:00;;VIA CAVOUR;in corrispondenza;;del civico n.;294;;Investimento di pedone;;;;;;;;;;0;0;0;1;;;0;;;;;;Pedone;1957;M;Illeso;0;;;
3671660;19;06/02/2018 11:10:00;Strada Urbana;VIA PIETRO MAFFI;in prossimità;;del civico n.;49;;Veicolo in marcia contro veicolo in sosta;Rettilineo;Una carreggiata a doppio senso;Bagnato (pioggia);Asfaltata;Assente;Nuvoloso;Normale;Buona;Ore Diurne;0;0;0;1;12,41774;41,92338;-1;2;Autovettura privata;In marcia / fermata / arresto;Toyota;Yaris;Conducente;1971;M;Illeso;0;;;
3671662;13;05/02/2018 16:45:00;Strada Urbana;VIALE DEI ROMAGNOLI;da specificare;;;;dir. Ostia (50 mt dopo svincolo Via Del Mare);Veicolo in marcia contro ostacolo accidentale;Rettilineo;Una carreggiata a senso unico di marcia;Asciutto;Asfaltata;Verticale ed orizzontale;Sereno;Normale;Sufficiente;Ore Diurne;0;0;0;3;12,32241;41,76913;0;1;Autovettura privata;In marcia / fermata / arresto;Chevrolet;Aveo;Conducente;1972;M;Illeso;0;;;
3671662;13;05/02/2018 16:45:00;Strada Urbana;VIALE DEI ROMAGNOLI;da specificare;;;;dir. Ostia (50 mt dopo svincolo Via Del Mare);Veicolo in marcia contro ostacolo accidentale;Rettilineo;Una carreggiata a senso unico di marcia;Asciutto;Asfaltata;Verticale ed orizzontale;Sereno;Normale;Sufficiente;Ore Diurne;0;0;0;3;12,32241;41,76913;0;1;Autovettura privata;In marcia / fermata / arresto;Chevrolet;Aveo;Passeggero;2003;M;Illeso;0;;;
3671662;13;05/02/2018 16:45:00;Strada Urbana;VIALE DEI ROMAGNOLI;da specificare;;;;dir. Ostia (50 mt dopo svincolo Via Del Mare);Veicolo in marcia contro ostacolo accidentale;Rettilineo;Una carreggiata a senso unico di marcia;Asciutto;Asfaltata;Verticale ed orizzontale;Sereno;Normale;Sufficiente;Ore Diurne;0;0;0;3;12,32241;41,76913;0;1;Autovettura privata;In marcia / fermata / arresto;Chevrolet;Aveo;Passeggero;2006;F;Illeso;0;;;
3671668;20;06/02/2018 10:50:00;Strada Urbana;VIA DI BACCANELLO;in prossimità;;del civico n.;282;;Tamponamento Multiplo;Rettilineo;Una carreggiata a doppio senso;Asciutto;Asfaltata;Verticale ed orizzontale;Nuvoloso;Normale;Buona;Ore Diurne;1;0;0;2;;;0;1;Autocarro inferiore 35 q.;In marcia / fermata / arresto;Fiat;Fiorino;Conducente;1958;M;Illeso;0;;Non accertato;Inesploso
3671668;20;06/02/2018 10:50:00;Strada Urbana;VIA DI BACCANELLO;in prossimità;;del civico n.;282;;Tamponamento Multiplo;Rettilineo;Una carreggiata a doppio senso;Asciutto;Asfaltata;Verticale ed orizzontale;Nuvoloso;Normale;Buona;Ore Diurne;1;0;0;2;;;0;2;Autovettura privata;In marcia / fermata / arresto;Ford;Fiesta;Conducente;1968;M;Rifiuta cure immediate;0;NON DECEDUTO;Non accertato;Inesploso
3671668;20;06/02/2018 10:50:00;Strada Urbana;VIA DI BACCANELLO;in prossimità;;del civico n.;282;;Tamponamento Multiplo;Rettilineo;Una carreggiata a doppio senso;Asciutto;Asfaltata;Verticale ed orizzontale;Nuvoloso;Normale;Buona;Ore Diurne;1;0;0;2;;;0;3;Autovettura privata;In marcia / fermata / arresto;Volkswagen;Golf Plus;Conducente;1985;M;Illeso;0;;Non accertato;Inesploso
3671689;13;05/02/2018 16:30:00;;VIA CARLO ROBERT;da specificare;;;;altezza palo luce 1;Ribaltamento senza urto contro ostacolo fisso;;;;;;;;;;0;0;0;1;;;0;1;Autocarro inferiore 35 q.;In marcia / fermata / arresto;Fiat;Iveco;Conducente;1977;F;Illeso;0;;;
3671716;3;03/02/2018 21:00:00;;VIALE REGINA MARGHERITA;in prossimità;;del civico n.;267;;Veicolo in marcia contro veicolo in sosta;;;;;;;;;;0;0;0;1;;;0;2;Autovettura privata;In marcia / fermata / arresto;Peugeot;3008;Conducente;0;F;Illeso;0;;;
3671741;3;05/02/2018 15:50:00;;VIA RODOLFO LANCIANI;in corrispondenza;;del civico n.;30;;Scontro laterale fra veicoli in marcia;;;;;;;;;;0;0;0;2;;;0;1;Autocarro inferiore 35 q.;In marcia / fermata / arresto;Fiat Iveco;Daily;Conducente;0;M;Illeso;0;;;
3671741;3;05/02/2018 15:50:00;;VIA RODOLFO LANCIANI;in corrispondenza;;del civico n.;30;;Scontro laterale fra veicoli in marcia;;;;;;;;;;0;0;0;2;;;0;2;Motociclo a solo;In marcia / fermata / arresto;Piaggio;Beverly;Conducente;0;M;Illeso;0;;;
3671746;3;04/02/2018 22:15:00;Strada Urbana;VIALE DEL MURO TORTO;da specificare;;;;alt. Galoppatoio dir P.le Flaminio;Scontro laterale fra veicoli in marcia;Rettilineo;Due carreggiate;Asciutto;Asfaltata;Orizzontale;Nuvoloso;Normale;Buona;Sufficiente;0;0;0;3;12,48332;41,90953;0;1;Autovettura privata;In marcia / fermata / arresto;Mercedes;Smart Fortwo Coupè;Conducente;1944;F;Illeso;0;;Non accertato;
3671746;3;04/02/2018 22:15:00;Strada Urbana;VIALE DEL MURO TORTO;da specificare;;;;alt. Galoppatoio dir P.le Flaminio;Scontro laterale fra veicoli in marcia;Rettilineo;Due carreggiate;Asciutto;Asfaltata;Orizzontale;Nuvoloso;Normale;Buona;Sufficiente;0;0;0;3;12,48332;41,90953;0;2;Autovettura privata;In marcia / fermata / arresto;Fiat;500;Conducente;1993;M;Illeso;0;;Non accertato;
3671746;3;04/02/2018 22:15:00;Strada Urbana;VIALE DEL MURO TORTO;da specificare;;;;alt. Galoppatoio dir P.le Flaminio;Scontro laterale fra veicoli in marcia;Rettilineo;Due carreggiate;Asciutto;Asfaltata;Orizzontale;Nuvoloso;Normale;Buona;Sufficiente;0;0;0;3;12,48332;41,90953;0;2;Autovettura privata;In marcia / fermata / arresto;Fiat;500;Passeggero;1994;F;Illeso;0;;Non accertato;
3671747;3;05/02/2018 15:18:00;;PIAZZA GALENO;da specificare;;;;altezza regina margherita direzione p.le Verano;Scontro laterale fra veicoli in marcia;;;;;;;;;;0;0;0;2;;;0;1;Autocarro inferiore 35 q.;In marcia / fermata / arresto;Iveco;A260S/80;Conducente;0;M;Illeso;0;;;
3671747;3;05/02/2018 15:18:00;;PIAZZA GALENO;da specificare;;;;altezza regina margherita direzione p.le Verano;Scontro laterale fra veicoli in marcia;;;;;;;;;;0;0;0;2;;;0;2;Autovettura privata;In marcia / fermata / arresto;Fiat;500;Conducente;0;F;Illeso;0;;;
3671753;3;05/02/2018 22:35:00;;VIA TIBURTINA;all'intersezione con;PIAZZALE VALERIO MASSIMO;PIAZZALE VALERIO MASSIMO;;;Scontro laterale fra veicoli in marcia;;;;;;;;;;0;0;0;2;;;0;1;Autobus di linea;In marcia / fermata / arresto;Iveco;Urban Way;Conducente;0;M;Illeso;0;;;
3671753;3;05/02/2018 22:35:00;;VIA TIBURTINA;all'intersezione con;PIAZZALE VALERIO MASSIMO;PIAZZALE VALERIO MASSIMO;;;Scontro laterale fra veicoli in marcia;;;;;;;;;;0;0;0;2;;;0;2;Autovettura privata;In marcia / fermata / arresto;Fiat;Panda;Conducente;0;F;Illeso;0;;;
3671755;3;05/02/2018 00:35:00;Strada Urbana;VIALE DELL'UNIVERSITA';all'intersezione con;VIALE DELLE SCIENZE;VIALE DELLE SCIENZE;;;Scontro frontale/laterale SX fra veicoli in marcia;Intersezione semaforizzata;Una carreggiata a doppio senso;Bagnato (pioggia);Asfaltata;Verticale ed orizzontale;Pioggia in atto;Scarso;Sufficiente;Sufficiente;1;0;0;4;12,51087;41,90398;-1;1;Autovettura privata;In marcia / fermata / arresto;Hyundai;i 30;Conducente;1997;M;Illeso;0;;Non accertato;
3671755;3;05/02/2018 00:35:00;Strada Urbana;VIALE DELL'UNIVERSITA';all'intersezione con;VIALE DELLE SCIENZE;VIALE DELLE SCIENZE;;;Scontro frontale/laterale SX fra veicoli in marcia;Intersezione semaforizzata;Una carreggiata a doppio senso;Bagnato (pioggia);Asfaltata;Verticale ed orizzontale;Pioggia in atto;Scarso;Sufficiente;Sufficiente;1;0;0;4;12,51087;41,90398;-1;1;Autovettura privata;In marcia / fermata / arresto;Hyundai;i 30;Passeggero;1997;M;Illeso;0;;Non accertato;
3671755;3;05/02/2018 00:35:00;Strada Urbana;VIALE DELL'UNIVERSITA';all'intersezione con;VIALE DELLE SCIENZE;VIALE DELLE SCIENZE;;;Scontro frontale/laterale SX fra veicoli in marcia;Intersezione semaforizzata;Una carreggiata a doppio senso;Bagnato (pioggia);Asfaltata;Verticale ed orizzontale;Pioggia in atto;Scarso;Sufficiente;Sufficiente;1;0;0;4;12,51087;41,90398;-1;2;Autovettura privata;In marcia / fermata / arresto;Volkswagen;Polo;Conducente;1989;F;Rimandato;0;NON DECEDUTO;Non accertato;
3671755;3;05/02/2018 00:35:00;Strada Urbana;VIALE DELL'UNIVERSITA';all'intersezione con;VIALE DELLE SCIENZE;VIALE DELLE SCIENZE;;;Scontro frontale/laterale SX fra veicoli in marcia;Intersezione semaforizzata;Una carreggiata a doppio senso;Bagnato (pioggia);Asfaltata;Verticale ed orizzontale;Pioggia in atto;Scarso;Sufficiente;Sufficiente;1;0;0;4;12,51087;41,90398;-1;2;Autovettura privata;In marcia / fermata / arresto;Volkswagen;Polo;Passeggero;1986;M;Illeso;0;;Non accertato;
3671761;3;06/02/2018 03:09:00;Strada Urbana;VIA GIOVANNI BATTISTA MORGAGNI;all'intersezione con;PIAZZA SALERNO;PIAZZA SALERNO;;;Infortunio per sola frenata improvvisa;Rotatoria;Una carreggiata a doppio senso;Bagnato (pioggia);In cubetti di porfido;Verticale ed orizzontale;Pioggia in atto;Scarso;Sufficiente;Sufficiente;1;0;0;0;;;0;1;Motociclo a solo;In marcia / fermata / arresto;Honda;SH;Conducente;0;M;Rifiuta cure immediate;0;NON DECEDUTO;;
3671766;3;04/02/2018 05:40:00;Strada Urbana;VIALE LIBIA;in corrispondenza;;del civico n.;103;;Veicolo in marcia contro ostacolo fisso;Rettilineo;Una carreggiata a senso unico di marcia;Bagnato (pioggia);Asfaltata;Verticale ed orizzontale;Nuvoloso;Scarso;Buona;Sufficiente;0;0;0;1;;;0;1;Autovettura privata;In marcia / fermata / arresto;Fiat;Panda;Conducente;1991;F;Illeso;0;;Non accertato;Inesploso
3671824;3;06/02/2018 05:15:00;Strada Urbana;CIRCONVALLAZIONE NOMENTANA;da specificare;;;;dir.ne Salaria prima del Ponte Nomentana;Veicolo in marcia contro ostacolo accidentale;Rettilineo;Una carreggiata a senso unico di marcia;Asciutto;Asfaltata;Verticale ed orizzontale;Sereno;Normale;Sufficiente;Sufficiente;0;0;0;1;;;0;1;Autobus urbano;In marcia / fermata / arresto;TEMSA;AVENUE LF;Conducente;1971;M;Illeso;0;;Non accertato;Inesploso
3671834;6;06/02/2018 10:25:00;Strada Urbana;VIALE TELESE;all'intersezione con;VIALE IRPINIA;VIALE IRPINIA;;;Infortunio per sola frenata improvvisa;Incrocio;Una carreggiata a doppio senso;Asciutto;Asfaltata;Verticale ed orizzontale;Sereno;Normale;Buona;Ore Diurne;1;0;0;1;12,54812;41,89203;-1;1;Motociclo a solo;In marcia / fermata / arresto;Suzuki;ESPANA;Conducente;1975;M;Rimandato;0;NON DECEDUTO;;
3671834;6;06/02/2018 10:25:00;Strada Urbana;VIALE TELESE;all'intersezione con;VIALE IRPINIA;VIALE IRPINIA;;;Infortunio per sola frenata improvvisa;Incrocio;Una carreggiata a doppio senso;Asciutto;Asfaltata;Verticale ed orizzontale;Sereno;Normale;Buona;Ore Diurne;1;0;0;1;12,54812;41,89203;-1;2;Autovettura privata;In marcia / fermata / arresto;Renault;Megane;Conducente;1976;M;Illeso;0;;;
3671928;16;05/02/2018 07:25:00;;VIALE DELLE MURA GIANICOLENSI;all'intersezione con;VIA FRATELLI BONNET;VIA FRATELLI BONNET;;;Scontro frontale/laterale DX fra veicoli in marcia;;;;;;;;;;1;0;0;2;12,46186;41,88562;0;1;Autovettura privata;In marcia / fermata / arresto;Alfa Romeo;159;Conducente;0;M;Illeso;0;;;
3671928;16;05/02/2018 07:25:00;;VIALE DELLE MURA GIANICOLENSI;all'intersezione con;VIA FRATELLI BONNET;VIA FRATELLI BONNET;;;Scontro frontale/laterale DX fra veicoli in marcia;;;;;;;;;;1;0;0;2;12,46186;41,88562;0;1;Autovettura privata;In marcia / fermata / arresto;Alfa Romeo;159;Passeggero;0;M;Illeso;0;;;
3671928;16;05/02/2018 07:25:00;;VIALE DELLE MURA GIANICOLENSI;all'intersezione con;VIA FRATELLI BONNET;VIA FRATELLI BONNET;;;Scontro frontale/laterale DX fra veicoli in marcia;;;;;;;;;;1;0;0;2;12,46186;41,88562;0;2;Motociclo a solo;In marcia / fermata / arresto;Piaggio;Free;Conducente;0;F;Rimandato;0;NON DECEDUTO;;
3671938;16;05/02/2018 10:00:00;;VIA OTTAVIO GASPARRI;da specificare;;;;f.c. 6/a;Tamponamento;;;;;;;;;;0;0;0;2;12,44193;41,87818;0;1;Autovettura privata;In marcia / fermata / arresto;Toyota;AYGO';Conducente;0;F;Illeso;0;;;
3671938;16;05/02/2018 10:00:00;;VIA OTTAVIO GASPARRI;da specificare;;;;f.c. 6/a;Tamponamento;;;;;;;;;;0;0;0;2;12,44193;41,87818;0;2;Autovettura privata;In marcia / fermata / arresto;Fiat;500;Conducente;0;F;Illeso;0;;;
3671994;16;05/02/2018 14:15:00;;VIA DI BRAVETTA;in corrispondenza;;del civico n.;584;;Scontro frontale/laterale SX fra veicoli in marcia;;;;;;;;;;1;0;0;2;12,42221;41,87167;0;1;Autovettura privata;In marcia / fermata / arresto;Fiat;Bravo;Conducente;0;M;Illeso;0;;;
3671994;16;05/02/2018 14:15:00;;VIA DI BRAVETTA;in corrispondenza;;del civico n.;584;;Scontro frontale/laterale SX fra veicoli in marcia;;;;;;;;;;1;0;0;2;12,42221;41,87167;0;2;Motociclo a solo;In marcia / fermata / arresto;Kymco;AGILITY;Conducente;0;M;Ricoverato;0;NON DECEDUTO;;
3671994;16;05/02/2018 14:15:00;;VIA DI BRAVETTA;in corrispondenza;;del civico n.;584;;Scontro frontale/laterale SX fra veicoli in marcia;;;;;;;;;;1;0;0;2;12,42221;41,87167;0;2;Motociclo a solo;In marcia / fermata / arresto;Kymco;AGILITY;Passeggero;0;M;Illeso;0;;;
3672013;13;06/02/2018 14:35:00;Strada Urbana;VIA DI MACCHIA SAPONARA;in corrispondenza;;del civico n.;91;;Tamponamento;Rettilineo;Una carreggiata a doppio senso;Asciutto;Asfaltata;Assente;Nuvoloso;Normale;Buona;Ore Diurne;1;0;0;3;12,35661;41,76927;0;1;Autovettura privata;In marcia / fermata / arresto;Hyundai;ix20;Conducente;1970;F;Illeso;0;;Non accertato;Inesploso
3672013;13;06/02/2018 14:35:00;Strada Urbana;VIA DI MACCHIA SAPONARA;in corrispondenza;;del civico n.;91;;Tamponamento;Rettilineo;Una carreggiata a doppio senso;Asciutto;Asfaltata;Assente;Nuvoloso;Normale;Buona;Ore Diurne;1;0;0;3;12,35661;41,76927;0;1;Autovettura privata;In marcia / fermata / arresto;Hyundai;ix20;Passeggero;1998;F;Rimandato;0;NON DECEDUTO;Non accertato;Inesploso
3672013;13;06/02/2018 14:35:00;Strada Urbana;VIA DI MACCHIA SAPONARA;in corrispondenza;;del civico n.;91;;Tamponamento;Rettilineo;Una carreggiata a doppio senso;Asciutto;Asfaltata;Assente;Nuvoloso;Normale;Buona;Ore Diurne;1;0;0;3;12,35661;41,76927;0;2;Autovettura privata;In marcia / fermata / arresto;Renault;Clio;Conducente;1976;F;Illeso;0;;Non accertato;Inesploso
3672013;13;06/02/2018 14:35:00;Strada Urbana;VIA DI MACCHIA SAPONARA;in corrispondenza;;del civico n.;91;;Tamponamento;Rettilineo;Una carreggiata a doppio senso;Asciutto;Asfaltata;Assente;Nuvoloso;Normale;Buona;Ore Diurne;1;0;0;3;12,35661;41,76927;0;2;Autovettura privata;In marcia / fermata / arresto;Renault;Clio;Passeggero;1974;M;Illeso;0;;Non accertato;Inesploso
3672082;18;06/02/2018 15:15:00;Strada Urbana;VIA DI BOCCEA;in corrispondenza;;del civico n.;541;;Scontro laterale fra veicoli in marcia;Rettilineo;Una carreggiata a senso unico di marcia;Asciutto;Asfaltata;Assente;Sereno;Normale;Buona;Ore Diurne;0;0;0;3;12,38582;41,91434;-1;1;Autovettura privata;In marcia / fermata / arresto;Fiat;Panda;Conducente;1968;F;Illeso;0;;Non accertato;Inesploso
3672082;18;06/02/2018 15:15:00;Strada Urbana;VIA DI BOCCEA;in corrispondenza;;del civico n.;541;;Scontro laterale fra veicoli in marcia;Rettilineo;Una carreggiata a senso unico di marcia;Asciutto;Asfaltata;Assente;Sereno;Normale;Buona;Ore Diurne;0;0;0;3;12,38582;41,91434;-1;2;Autocarro inferiore 35 q.;In marcia / fermata / arresto;Mercedes;Sprinter;Conducente;1972;M;Illeso;0;;Non accertato;
3672082;18;06/02/2018 15:15:00;Strada Urbana;VIA DI BOCCEA;in corrispondenza;;del civico n.;541;;Scontro laterale fra veicoli in marcia;Rettilineo;Una carreggiata a senso unico di marcia;Asciutto;Asfaltata;Assente;Sereno;Normale;Buona;Ore Diurne;0;0;0;3;12,38582;41,91434;-1;2;Autocarro inferiore 35 q.;In marcia / fermata / arresto;Mercedes;Sprinter;Passeggero;1976;M;Illeso;0;;Non accertato;Inesploso
3672096;13;06/02/2018 15:00:00;Strada Urbana;LARGO CESARE BERTOLLA;in corrispondenza;;del civico n.;7;;Scontro frontale/laterale SX fra veicoli in marcia;Curva senza visuale libera;Una carreggiata a senso unico di marcia;Asciutto;Asfaltata;Verticale ed orizzontale;Nuvoloso;Normale;Buona;Ore Diurne;0;0;0;3;12,36039;41,78251;0;1;Autovettura privata;In marcia / fermata / arresto;Volkswagen;Golf;Conducente;1994;M;Illeso;0;;Non accertato;Inesploso
3672096;13;06/02/2018 15:00:00;Strada Urbana;LARGO CESARE BERTOLLA;in corrispondenza;;del civico n.;7;;Scontro frontale/laterale SX fra veicoli in marcia;Curva senza visuale libera;Una carreggiata a senso unico di marcia;Asciutto;Asfaltata;Verticale ed orizzontale;Nuvoloso;Normale;Buona;Ore Diurne;0;0;0;3;12,36039;41,78251;0;1;Autovettura privata;In marcia / fermata / arresto;Volkswagen;Golf;Passeggero;2001;M;Illeso;0;;Non accertato;Esploso
3672096;13;06/02/2018 15:00:00;Strada Urbana;LARGO CESARE BERTOLLA;in corrispondenza;;del civico n.;7;;Scontro frontale/laterale SX fra veicoli in marcia;Curva senza visuale libera;Una carreggiata a senso unico di marcia;Asciutto;Asfaltata;Verticale ed orizzontale;Nuvoloso;Normale;Buona;Ore Diurne;0;0;0;3;12,36039;41,78251;0;2;Autovettura privata;In marcia / fermata / arresto;Citroen;C 1;Conducente;1983;F;Illeso;0;;Non accertato;Inesploso
3672154;1;03/02/2018 11:30:00;Strada Urbana;VIA VITTORIO VENETO;all'intersezione con;VIA LEONIDA BISSOLATI;VIA LEONIDA BISSOLATI;;;Veicolo in marcia contro ostacolo accidentale;Incrocio;Una carreggiata a doppio senso;Asciutto;Asfaltata;Verticale ed orizzontale;Nuvoloso;Normale;Buona;Ore Diurne;1;0;0;1;;;0;1;Ciclomotore;In marcia / fermata / arresto;Piaggio;Vespa;Conducente;1979;M;Illeso;0;;Non accertato;
3672154;1;03/02/2018 11:30:00;Strada Urbana;VIA VITTORIO VENETO;all'intersezione con;VIA LEONIDA BISSOLATI;VIA LEONIDA BISSOLATI;;;Veicolo in marcia contro ostacolo accidentale;Incrocio;Una carreggiata a doppio senso;Asciutto;Asfaltata;Verticale ed orizzontale;Nuvoloso;Normale;Buona;Ore Diurne;1;0;0;1;;;0;1;Ciclomotore;In marcia / fermata / arresto;Piaggio;Vespa;Passeggero;1983;M;Rimandato;0;NON DECEDUTO;;
3672156;19;06/02/2018 16:15:00;Strada Urbana;VIA DELLA BALDUINA;in corrispondenza;;del civico n.;125;;Scontro frontale/laterale DX fra veicoli in marcia;Rettilineo;Una carreggiata a doppio senso;Asciutto;Asfaltata;Assente;Nuvoloso;Normale;Buona;Ore Diurne;0;0;0;2;12,44145;41,91872;-1;1;Autovettura privata;In marcia / fermata / arresto;Mercedes;Smart Fortwo Coupè;Conducente;1967;F;Illeso;0;;Non accertato;Inesploso
3672156;19;06/02/2018 16:15:00;Strada Urbana;VIA DELLA BALDUINA;in corrispondenza;;del civico n.;125;;Scontro frontale/laterale DX fra veicoli in marcia;Rettilineo;Una carreggiata a doppio senso;Asciutto;Asfaltata;Assente;Nuvoloso;Normale;Buona;Ore Diurne;0;0;0;2;12,44145;41,91872;-1;2;Autovettura privata;In marcia / fermata / arresto;Mercedes;Smart Fortwo Coupè;Conducente;1973;M;Illeso;0;;Non accertato;Inesploso
3672251;16;05/02/2018 08:25:00;;VIALE DELLE MURA GIANICOLENSI;da specificare;;;;qualche metro prima del civico 67;Scontro laterale fra veicoli in marcia;;;;;;;;;;0;0;0;2;;;0;1;Autovettura privata;In marcia / fermata / arresto;smart for two;(non accertato);Conducente;1987;F;Illeso;0;;;
3672251;16;05/02/2018 08:25:00;;VIALE DELLE MURA GIANICOLENSI;da specificare;;;;qualche metro prima del civico 67;Scontro laterale fra veicoli in marcia;;;;;;;;;;0;0;0;2;;;0;2;Autovettura privata;In marcia / fermata / arresto;Fiat;Panda;Conducente;1964;M;Illeso;0;;Non accertato;Inesploso
3672259;9;06/02/2018 15:10:00;;LARGO BRINDISI;da specificare;;;;fronte civico 16;Scontro laterale fra veicoli in marcia;;;;;;;;;;0;0;0;2;;;0;1;Autovettura privata;In marcia / fermata / arresto;Renault;Clio;Conducente;1971;M;Illeso;0;;;
3672259;9;06/02/2018 15:10:00;;LARGO BRINDISI;da specificare;;;;fronte civico 16;Scontro laterale fra veicoli in marcia;;;;;;;;;;0;0;0;2;;;0;2;Autovettura privata;In marcia / fermata / arresto;Fiat;500 L;Conducente;1980;M;Illeso;0;;;
3672282;1;06/02/2018 13:45:00;Strada Urbana;VIALE DELLE TERME DI CARACALLA;all'intersezione semaforizzata con;PIAZZALE NUMA POMPILIO;PIAZZALE NUMA POMPILIO;;;Veicolo in marcia contro veicoli in arresto;Incrocio;Una carreggiata a doppio senso;Asciutto;Asfaltata;Verticale ed orizzontale;Nuvoloso;Normale;Buona;Ore Diurne;3;0;0;0;12,4952;41,87889;0;1;Autovettura privata;In marcia / fermata / arresto;Smart ;Smart for two coupè;Conducente;1991;M;Rimandato;0;NON DECEDUTO;Non accertato;
3672282;1;06/02/2018 13:45:00;Strada Urbana;VIALE DELLE TERME DI CARACALLA;all'intersezione semaforizzata con;PIAZZALE NUMA POMPILIO;PIAZZALE NUMA POMPILIO;;;Veicolo in marcia contro veicoli in arresto;Incrocio;Una carreggiata a doppio senso;Asciutto;Asfaltata;Verticale ed orizzontale;Nuvoloso;Normale;Buona;Ore Diurne;3;0;0;0;12,4952;41,87889;0;2;Motociclo con passeggero;In marcia / fermata / arresto;Honda;Silver Wing;Conducente;1948;M;Rimandato;0;NON DECEDUTO;Non accertato;
3672282;1;06/02/2018 13:45:00;Strada Urbana;VIALE DELLE TERME DI CARACALLA;all'intersezione semaforizzata con;PIAZZALE NUMA POMPILIO;PIAZZALE NUMA POMPILIO;;;Veicolo in marcia contro veicoli in arresto;Incrocio;Una carreggiata a doppio senso;Asciutto;Asfaltata;Verticale ed orizzontale;Nuvoloso;Normale;Buona;Ore Diurne;3;0;0;0;12,4952;41,87889;0;2;Motociclo con passeggero;In marcia / fermata / arresto;Honda;Silver Wing;Passeggero;1965;F;Rimandato;0;NON DECEDUTO;Non accertato;
3672299;17;06/02/2018 14:05:00;Strada Urbana;VIA MONTE ZEBIO;all'intersezione con;VIA ANTONIO CHINOTTO;VIA ANTONIO CHINOTTO;;;Scontro frontale/laterale DX fra veicoli in marcia;Incrocio;Due carreggiate;Asciutto;Asfaltata;Verticale ed orizzontale;Nuvoloso;Normale;Buona;Ore Diurne;0;0;0;2;12,46522;41,91876;0;1;Quadriciclo leggero;In marcia / fermata / arresto;AIXAM;(non accertato);Conducente;1999;M;Illeso;0;;;
3672299;17;06/02/2018 14:05:00;Strada Urbana;VIA MONTE ZEBIO;all'intersezione con;VIA ANTONIO CHINOTTO;VIA ANTONIO CHINOTTO;;;Scontro frontale/laterale DX fra veicoli in marcia;Incrocio;Due carreggiate;Asciutto;Asfaltata;Verticale ed orizzontale;Nuvoloso;Normale;Buona;Ore Diurne;0;0;0;2;12,46522;41,91876;0;2;Autovettura privata;In marcia / fermata / arresto;Smart ;-;Conducente;1992;F;Illeso;0;;;
3672307;1;06/02/2018 09:35:00;Strada Urbana;VIA DELLA MERCEDE;in prossimità;;del civico n.;9;;Scontro laterale fra veicoli in marcia;Rettilineo;Una carreggiata a senso unico di marcia;Asciutto;In cubetti di porfido;Verticale ed orizzontale;Nuvoloso;Normale;Buona;Ore Diurne;0;0;0;2;;;0;1;Autovettura privata;In marcia / fermata / arresto;Alfa Romeo;Giulietta;Conducente;1984;M;Illeso;0;;Non accertato;