Protocollo;Gruppo;DataOraIncidente;Localizzazione1;STRADA1;Localizzazione2;STRADA2;Strada02;Chilometrica;DaSpecificare;NaturaIncidente;particolaritastrade;TipoStrada;FondoStradale;Pavimentazione;Segnaletica;CondizioneAtmosferica;Traffico;Visibilita;Illuminazione;NUM_FERITI;NUM_RISERVATA;NUM_MORTI;NUM_ILLESI;Longitudine;Latitudine;Confermato;Progressivo;TipoVeicolo;StatoVeicolo;Marca;Modello;TipoPersona;AnnoNascita;Sesso;Tipolesione;Deceduto;DecedutoDopo;CinturaCascoUtilizzato;Airbag;
3672307;1;06/02/2018 09:35:00;Strada Urbana;VIA DELLA MERCEDE;in prossimità;;del civico n.;9;;Scontro laterale fra veicoli in marcia;Rettilineo;Una carreggiata a senso unico di marcia;Asciutto;In cubetti di porfido;Verticale ed orizzontale;Nuvoloso;Normale;Buona;Ore Diurne;0;0;0;2;;;0;2;Motociclo a solo;In marcia / fermata / arresto;Honda;PCX;Conducente;1972;F;Illeso;0;;Non accertato;
3672340;6;06/02/2018 14:00:00;Strada Urbana;VIALE DELLA PRIMAVERA;all'intersezione con;VIA DELLE ALBIZZIE;VIA DELLE ALBIZZIE;;;Scontro frontale fra veicoli in marcia;Incrocio;Due carreggiate;Asciutto;Asfaltata;Verticale ed orizzontale;Sereno;Normale;Sufficiente;Ore Diurne;1;0;0;1;12,56113;41,88437;-1;1;Autovettura privata;In marcia / fermata / arresto;Dacia;Duster;Conducente;1985;M;Rifiuta cure immediate;0;NON DECEDUTO;Non accertato;Inesploso
3672340;6;06/02/2018 14:00:00;Strada Urbana;VIALE DELLA PRIMAVERA;all'intersezione con;VIA DELLE ALBIZZIE;VIA DELLE ALBIZZIE;;;Scontro frontale fra veicoli in marcia;Incrocio;Due carreggiate;Asciutto;Asfaltata;Verticale ed orizzontale;Sereno;Normale;Sufficiente;Ore Diurne;1;0;0;1;12,56113;41,88437;-1;2;Autovettura privata;In marcia / fermata / arresto;Fiat;Scudo;Conducente;1972;M;Illeso;0;;Non accertato;Inesploso
3672371;6;06/02/2018 14:20:00;Strada Urbana;VIA CASILINA;da specificare;;;;altezza VIA DEL MANDRIONE;Tamponamento;Rettilineo;Due carreggiate;Asciutto;Asfaltata;Assente;Sereno;Normale;Buona;Ore Diurne;1;0;0;1;12,53072;41,88437;0;1;Motociclo a solo;In marcia / fermata / arresto;Yamaha;(ignoto);Conducente;1967;M;Rimandato;0;NON DECEDUTO;Non accertato;
3672371;6;06/02/2018 14:20:00;Strada Urbana;VIA CASILINA;da specificare;;;;altezza VIA DEL MANDRIONE;Tamponamento;Rettilineo;Due carreggiate;Asciutto;Asfaltata;Assente;Sereno;Normale;Buona;Ore Diurne;1;0;0;1;12,53072;41,88437;0;2;Motociclo a solo;In marcia / fermata / arresto;Honda;SH;Conducente;1970;M;Illeso;0;;Non accertato;
3672382;6;06/02/2018 15:53:00;Strada Urbana;VIA TOR DE' SCHIAVI;all'intersezione semaforizzata con;VIA FEDERICO DELPINO;VIA FEDERICO DELPINO;;;Scontro laterale fra veicoli in marcia;Intersezione semaforizzata;Due carreggiate;Asciutto;Asfaltata;Verticale ed orizzontale;Sereno;Normale;Buona;Ore Diurne;0;0;0;2;12,56059;41,89065;-1;1;Autovettura privata;In marcia / fermata / arresto;Volkswagen;Golf;Conducente;1985;M;Illeso;0;;Non accertato;Inesploso
3672382;6;06/02/2018 15:53:00;Strada Urbana;VIA TOR DE' SCHIAVI;all'intersezione semaforizzata con;VIA FEDERICO DELPINO;VIA FEDERICO DELPINO;;;Scontro laterale fra veicoli in marcia;Intersezione semaforizzata;Due carreggiate;Asciutto;Asfaltata;Verticale ed orizzontale;Sereno;Normale;Buona;Ore Diurne;0;0;0;2;12,56059;41,89065;-1;2;Autovettura privata;In marcia / fermata / arresto;Volkswagen;Golf;Conducente;1966;F;Illeso;0;;Non accertato;Inesploso
3672409;18;06/02/2018 12:45:00;Strada Urbana;VIA DI BOCCEA;all'intersezione semaforizzata con;VIA NAZARETH;VIA NAZARETH;;;Scontro laterale fra veicoli in marcia;Intersezione semaforizzata;Due carreggiate;Asciutto;Asfaltata;Verticale ed orizzontale;Nuvoloso;Normale;Buona;Ore Diurne;0;0;0;3;12,37296;41,92203;-1;1;Motociclo a solo;In marcia / fermata / arresto;Burgman;400;Conducente;1963;M;Illeso;0;;;
3672409;18;06/02/2018 12:45:00;Strada Urbana;VIA DI BOCCEA;all'intersezione semaforizzata con;VIA NAZARETH;VIA NAZARETH;;;Scontro laterale fra veicoli in marcia;Intersezione semaforizzata;Due carreggiate;Asciutto;Asfaltata;Verticale ed orizzontale;Nuvoloso;Normale;Buona;Ore Diurne;0;0;0;3;12,37296;41,92203;-1;2;Autovettura privata;In marcia / fermata / arresto;Volkswagen;Golf;Conducente;1973;M;Illeso;0;;;
3672409;18;06/02/2018 12:45:00;Strada Urbana;VIA DI BOCCEA;all'intersezione semaforizzata con;VIA NAZARETH;VIA NAZARETH;;;Scontro laterale fra veicoli in marcia;Intersezione semaforizzata;Due carreggiate;Asciutto;Asfaltata;Verticale ed orizzontale;Nuvoloso;Normale;Buona;Ore Diurne;0;0;0;3;12,37296;41,92203;-1;3;Autovettura privata;In marcia / fermata / arresto;Lexus;RX 300;Conducente;1945;M;Illeso;0;;;
3672419;6;06/02/2018 17:15:00;Strada Urbana;VIA TOR DE' SCHIAVI;all'intersezione con;VIA FEDERICO DELPINO;VIA FEDERICO DELPINO;;;Tamponamento;Incrocio;Due carreggiate;Asciutto;Asfaltata;Orizzontale;Nuvoloso;Intenso;Buona;Sufficiente;1;0;0;1;12,56064;41,89071;-1;1;Ciclomotore;In marcia / fermata / arresto;Malaguti;Phantom;Conducente;1985;M;Rimandato;0;NON DECEDUTO;Utilizzato;
3672419;6;06/02/2018 17:15:00;Strada Urbana;VIA TOR DE' SCHIAVI;all'intersezione con;VIA FEDERICO DELPINO;VIA FEDERICO DELPINO;;;Tamponamento;Incrocio;Due carreggiate;Asciutto;Asfaltata;Orizzontale;Nuvoloso;Intenso;Buona;Sufficiente;1;0;0;1;12,56064;41,89071;-1;2;Autovettura privata;In marcia / fermata / arresto;Fiat;Multipla;Conducente;1959;M;Illeso;0;;Utilizzato;Inesploso
3672431;2;06/02/2018 18:20:00;;LUNGOTEVERE FLAMINIO;all'intersezione con;VIA MASOLINO DA PANICALE;VIA MASOLINO DA PANICALE;;;Scontro frontale fra veicoli in marcia;;;;;;;;;;0;0;0;5;;;0;1;Autovettura privata;In marcia / fermata / arresto;Subaru;Forester;Conducente;1974;M;Illeso;0;;;
3672431;2;06/02/2018 18:20:00;;LUNGOTEVERE FLAMINIO;all'intersezione con;VIA MASOLINO DA PANICALE;VIA MASOLINO DA PANICALE;;;Scontro frontale fra veicoli in marcia;;;;;;;;;;0;0;0;5;;;0;1;Autovettura privata;In marcia / fermata / arresto;Subaru;Forester;Passeggero;0;F;Illeso;0;;;
3672431;2;06/02/2018 18:20:00;;LUNGOTEVERE FLAMINIO;all'intersezione con;VIA MASOLINO DA PANICALE;VIA MASOLINO DA PANICALE;;;Scontro frontale fra veicoli in marcia;;;;;;;;;;0;0;0;5;;;0;1;Autovettura privata;In marcia / fermata / arresto;Subaru;Forester;Passeggero;0;M;Illeso;0;;;
3672431;2;06/02/2018 18:20:00;;LUNGOTEVERE FLAMINIO;all'intersezione con;VIA MASOLINO DA PANICALE;VIA MASOLINO DA PANICALE;;;Scontro frontale fra veicoli in marcia;;;;;;;;;;0;0;0;5;;;0;2;Motociclo a solo;In marcia / fermata / arresto;Suzuki;GSXR;Conducente;1970;M;Illeso;0;;;
3672439;12;06/02/2018 15:10:00;Strada Urbana;VIALE AMERICA;in corrispondenza;;del civico n.;18;;Veicolo in marcia contro veicoli in sosta;Rettilineo;Una carreggiata a doppio senso;Bagnato (pioggia);Asfaltata;Verticale ed orizzontale;Nuvoloso;Normale;Buona;Ore Diurne;0;0;0;3;12,46294;41,83098;-1;1;Autovettura privata;In marcia / fermata / arresto;Renault;Clio;Conducente;1999;F;Illeso;0;;Utilizzato;Inesploso
3672439;12;06/02/2018 15:10:00;Strada Urbana;VIALE AMERICA;in corrispondenza;;del civico n.;18;;Veicolo in marcia contro veicoli in sosta;Rettilineo;Una carreggiata a doppio senso;Bagnato (pioggia);Asfaltata;Verticale ed orizzontale;Nuvoloso;Normale;Buona;Ore Diurne;0;0;0;3;12,46294;41,83098;-1;1;Autovettura privata;In marcia / fermata / arresto;Renault;Clio;Passeggero;1997;M;Illeso;0;;Utilizzato;Inesploso
3672729;9;06/02/2018 18:50:00;;VIA TUSCOLANA;in prossimità;;del civico n.;971;;Investimento di pedone;;;;;;;;;;1;0;0;1;12,56533;41,85538;0;;;;;;Pedone;1952;M;Rimandato;0;NON DECEDUTO;;
3672729;9;06/02/2018 18:50:00;;VIA TUSCOLANA;in prossimità;;del civico n.;971;;Investimento di pedone;;;;;;;;;;1;0;0;1;12,56533;41,85538;0;1;Autovettura privata;In marcia / fermata / arresto;Volkswagen;Polo;Conducente;1939;F;Illeso;0;;Non accertato;Inesploso
3672742;6;07/02/2018 01:30:00;Strada Urbana;LARGO PRENESTE;all'intersezione semaforizzata con;VIA PRENESTINA;VIA PRENESTINA;;;Investimento di pedone;Incrocio;Più di due carreggiate;Asciutto;Asfaltata;Verticale ed orizzontale;Sereno;Scarso;Sufficiente;Sufficiente;0;1;0;2;;;0;;;;;;Pedone;1987;M;Prognosi riservata;0;NON DECEDUTO;;
3672742;6;07/02/2018 01:30:00;Strada Urbana;LARGO PRENESTE;all'intersezione semaforizzata con;VIA PRENESTINA;VIA PRENESTINA;;;Investimento di pedone;Incrocio;Più di due carreggiate;Asciutto;Asfaltata;Verticale ed orizzontale;Sereno;Scarso;Sufficiente;Sufficiente;0;1;0;2;;;0;1;Autovettura privata;In marcia / fermata / arresto;Toyota;Yaris;Conducente;1931;M;Illeso;0;;;
3672742;6;07/02/2018 01:30:00;Strada Urbana;LARGO PRENESTE;all'intersezione semaforizzata con;VIA PRENESTINA;VIA PRENESTINA;;;Investimento di pedone;Incrocio;Più di due carreggiate;Asciutto;Asfaltata;Verticale ed orizzontale;Sereno;Scarso;Sufficiente;Sufficiente;0;1;0;2;;;0;1;Autovettura privata;In marcia / fermata / arresto;Toyota;Yaris;Passeggero;1933;F;Illeso;0;;;
3672750;11;06/02/2018 15:30:00;Strada Urbana;VIALE GIUSTINIANO IMPERATORE;all'intersezione con;VIA GALBA;VIA GALBA;;;Scontro frontale/laterale SX fra veicoli in marcia;Intersezione stradale segnalata;Più di due carreggiate;Asciutto;Asfaltata;Verticale ed orizzontale;Nuvoloso;Normale;Buona;Ore Diurne;0;0;0;2;12,48697;41,8554;0;1;Autovettura privata;In marcia / fermata / arresto;Mini;One;Conducente;1997;F;Illeso;0;;;
3672750;11;06/02/2018 15:30:00;Strada Urbana;VIALE GIUSTINIANO IMPERATORE;all'intersezione con;VIA GALBA;VIA GALBA;;;Scontro frontale/laterale SX fra veicoli in marcia;Intersezione stradale segnalata;Più di due carreggiate;Asciutto;Asfaltata;Verticale ed orizzontale;Nuvoloso;Normale;Buona;Ore Diurne;0;0;0;2;12,48697;41,8554;0;2;Motociclo a solo;In marcia / fermata / arresto;Husqvarna;(ignoto);Conducente;1993;M;Illeso;0;;;
3672751;11;06/02/2018 13:00:00;Strada Urbana;PIAZZA ATTILIO PECILE;all'intersezione con;VIA DELLA MOLETTA;VIA DELLA MOLETTA;;;Tamponamento;Intersezione stradale segnalata;Una carreggiata a senso unico di marcia;Asciutto;Asfaltata;Verticale ed orizzontale;Nuvoloso;Scarso;Buona;Ore Diurne;0;0;0;2;12,48575;41,8688;0;1;Autovettura privata;In marcia / fermata / arresto;Volkswagen;Polo;Conducente;1994;F;Illeso;0;;;
3672751;11;06/02/2018 13:00:00;Strada Urbana;PIAZZA ATTILIO PECILE;all'intersezione con;VIA DELLA MOLETTA;VIA DELLA MOLETTA;;;Tamponamento;Intersezione stradale segnalata;Una carreggiata a senso unico di marcia;Asciutto;Asfaltata;Verticale ed orizzontale;Nuvoloso;Scarso;Buona;Ore Diurne;0;0;0;2;12,48575;41,8688;0;2;Autovettura privata;In marcia / fermata / arresto;Ford;Focus;Conducente;1941;M;Illeso;0;;;
3672755;7;06/02/2018 16:25:00;Strada Urbana;VIA PRENESTINA;all'intersezione con;VIA PRENESTINA BIS;VIA PRENESTINA BIS;;;Tamponamento;Rotatoria;Una carreggiata a doppio senso;Asciutto;Asfaltata;Verticale ed orizzontale;Sereno;Normale;Buona;Ore Diurne;2;0;0;0;12,58113;41,89335;0;1;Autovettura privata;In marcia / fermata / arresto;Renault;Captur;Conducente;1989;M;Ricoverato;0;NON DECEDUTO;;
3672755;7;06/02/2018 16:25:00;Strada Urbana;VIA PRENESTINA;all'intersezione con;VIA PRENESTINA BIS;VIA PRENESTINA BIS;;;Tamponamento;Rotatoria;Una carreggiata a doppio senso;Asciutto;Asfaltata;Verticale ed orizzontale;Sereno;Normale;Buona;Ore Diurne;2;0;0;0;12,58113;41,89335;0;2;Autovettura privata;In marcia / fermata / arresto;Chevrolet;Matiz;Conducente;1941;M;Rimandato;0;NON DECEDUTO;;
3672758;15;06/02/2018 19:15:00;Strada Urbana;VIALE DI VIGNA PIA;in corrispondenza;;del civico n.;101;;Scontro frontale/laterale SX fra veicoli in marcia;Rettilineo;Una carreggiata a senso unico di marcia;Asciutto;Asfaltata;Assente;Nuvoloso;Normale;Sufficiente;Sufficiente;0;0;0;2;12,45939;41,86321;0;1;Autovettura privata;In marcia / fermata / arresto;Toyota;Yaris;Conducente;1993;F;Illeso;0;;;
3672758;15;06/02/2018 19:15:00;Strada Urbana;VIALE DI VIGNA PIA;in corrispondenza;;del civico n.;101;;Scontro frontale/laterale SX fra veicoli in marcia;Rettilineo;Una carreggiata a senso unico di marcia;Asciutto;Asfaltata;Assente;Nuvoloso;Normale;Sufficiente;Sufficiente;0;0;0;2;12,45939;41,86321;0;2;Ciclomotore con passeggero;In marcia / fermata / arresto;Honda;SH 125;Conducente;1981;M;Illeso;0;;;
3672760;11;06/02/2018 21:40:00;Strada Urbana;VIALE DI S. PAOLO;da specificare;;;;palo Acea n. 51;Scontro frontale/laterale DX fra veicoli in marcia;Rettilineo;Due carreggiate;Asciutto;Asfaltata;Verticale ed orizzontale;Sereno;Scarso;Sufficiente;Sufficiente;0;0;0;3;12,4749;41,8595;0;1;Autovettura privata;In marcia / fermata / arresto;Ford;KA;Conducente;1970;F;Illeso;0;;Non accertato;
3672760;11;06/02/2018 21:40:00;Strada Urbana;VIALE DI S. PAOLO;da specificare;;;;palo Acea n. 51;Scontro frontale/laterale DX fra veicoli in marcia;Rettilineo;Due carreggiate;Asciutto;Asfaltata;Verticale ed orizzontale;Sereno;Scarso;Sufficiente;Sufficiente;0;0;0;3;12,4749;41,8595;0;2;Autovettura di polizia;In marcia / fermata / arresto;(ignoto);(ignoto);Conducente;1987;M;Illeso;0;;Non accertato;
3672760;11;06/02/2018 21:40:00;Strada Urbana;VIALE DI S. PAOLO;da specificare;;;;palo Acea n. 51;Scontro frontale/laterale DX fra veicoli in marcia;Rettilineo;Due carreggiate;Asciutto;Asfaltata;Verticale ed orizzontale;Sereno;Scarso;Sufficiente;Sufficiente;0;0;0;3;12,4749;41,8595;0;2;Autovettura di polizia;In marcia / fermata / arresto;(ignoto);(ignoto);Passeggero;1970;M;Illeso;0;;Non accertato;
3672774;13;06/02/2018 10:50:00;;VIA DI PONTE LADRONE;all'intersezione con;VIA OSTIENSE;VIA OSTIENSE;;;Tamponamento;;;;;;;;;;0;0;0;5;;;0;1;Autovettura privata;In marcia / fermata / arresto;Fiat;Sedici;Conducente;1970;M;Illeso;0;;Non accertato;Inesploso
3672774;13;06/02/2018 10:50:00;;VIA DI PONTE LADRONE;all'intersezione con;VIA OSTIENSE;VIA OSTIENSE;;;Tamponamento;;;;;;;;;;0;0;0;5;;;0;1;Autovettura privata;In marcia / fermata / arresto;Fiat;Sedici;Passeggero;1968;F;Illeso;0;;;
3672774;13;06/02/2018 10:50:00;;VIA DI PONTE LADRONE;all'intersezione con;VIA OSTIENSE;VIA OSTIENSE;;;Tamponamento;;;;;;;;;;0;0;0;5;;;0;1;Autovettura privata;In marcia / fermata / arresto;Fiat;Sedici;Passeggero;2010;F;Illeso;0;;;
3672774;13;06/02/2018 10:50:00;;VIA DI PONTE LADRONE;all'intersezione con;VIA OSTIENSE;VIA OSTIENSE;;;Tamponamento;;;;;;;;;;0;0;0;5;;;0;2;Autovettura privata;In marcia / fermata / arresto;Nissan;QASHQAI;Conducente;1970;M;Illeso;0;;Non accertato;Inesploso
3672774;13;06/02/2018 10:50:00;;VIA DI PONTE LADRONE;all'intersezione con;VIA OSTIENSE;VIA OSTIENSE;;;Tamponamento;;;;;;;;;;0;0;0;5;;;0;2;Autovettura privata;In marcia / fermata / arresto;Nissan;QASHQAI;Passeggero;1976;F;Illeso;0;;Non accertato;Inesploso
3672778;13;06/02/2018 07:40:00;;VIA CAPO PALINURO;all'intersezione con;PIAZZA FRANCESCO CONTEDUCA;PIAZZA FRANCESCO CONTEDUCA;;;Infortunio per sola frenata improvvisa;;;;;;;;;;0;0;0;2;;;0;1;Autovettura privata;In marcia / fermata / arresto;Fiat;Tipo;Conducente;1949;M;Illeso;0;;Non accertato;Inesploso
3672778;13;06/02/2018 07:40:00;;VIA CAPO PALINURO;all'intersezione con;PIAZZA FRANCESCO CONTEDUCA;PIAZZA FRANCESCO CONTEDUCA;;;Infortunio per sola frenata improvvisa;;;;;;;;;;0;0;0;2;;;0;2;Motociclo a solo;In marcia / fermata / arresto;Suzuki;AN 400;Conducente;1969;M;Illeso;0;;Non accertato;
3672786;13;06/02/2018 11:15:00;;VIALE DELLA MARINA;all'intersezione con;PIAZZALE DELLA POSTA;PIAZZALE DELLA POSTA;;;Investimento di pedone;;;;;;;;;;0;0;0;2;;;0;;;;;;Pedone;1970;F;Illeso;0;;;
3672786;13;06/02/2018 11:15:00;;VIALE DELLA MARINA;all'intersezione con;PIAZZALE DELLA POSTA;PIAZZALE DELLA POSTA;;;Investimento di pedone;;;;;;;;;;0;0;0;2;;;0;1;Autovettura privata;In marcia / fermata / arresto;Mercedes;ML 270;Conducente;1929;M;Illeso;0;;;
3672812;1;06/02/2018 16:42:00;Strada Urbana;VIA GIROLAMO DANDINI;in corrispondenza;;del civico n.;2;;Scontro laterale fra veicoli in marcia;Rettilineo;Una carreggiata a doppio senso;Asciutto;Asfaltata;Verticale ed orizzontale;Sereno;Scarso;Buona;Ore Diurne;0;0;0;2;12,48925;41,87402;-1;1;Autovettura privata;In marcia / fermata / arresto;Fiat;Panda;Conducente;1993;F;Illeso;0;;Non accertato;Inesploso
3672812;1;06/02/2018 16:42:00;Strada Urbana;VIA GIROLAMO DANDINI;in corrispondenza;;del civico n.;2;;Scontro laterale fra veicoli in marcia;Rettilineo;Una carreggiata a doppio senso;Asciutto;Asfaltata;Verticale ed orizzontale;Sereno;Scarso;Buona;Ore Diurne;0;0;0;2;12,48925;41,87402;-1;2;Autovettura privata;In marcia / fermata / arresto;Smart ;Fortwo Coupe;Conducente;1966;M;Illeso;0;;Non accertato;Inesploso
3672815;20;07/02/2018 00:30:00;Strada Urbana;CIRCONVALLAZIONE TIBURTINA;da specificare;;;;altezza Rampa via Tiburtina;Veicolo in marcia contro ostacolo fisso;Curva a visuale libera;Due carreggiate;Asciutto;Asfaltata;Verticale ed orizzontale;Nuvoloso;Normale;Sufficiente;Sufficiente;2;0;1;0;;;0;1;Autovettura privata;In marcia / fermata / arresto;Opel;AGILA;Conducente;1997;M;Rimandato;0;NON DECEDUTO;Non accertato;Inesploso
3672815;20;07/02/2018 00:30:00;Strada Urbana;CIRCONVALLAZIONE TIBURTINA;da specificare;;;;altezza Rampa via Tiburtina;Veicolo in marcia contro ostacolo fisso;Curva a visuale libera;Due carreggiate;Asciutto;Asfaltata;Verticale ed orizzontale;Nuvoloso;Normale;Sufficiente;Sufficiente;2;0;1;0;;;0;1;Autovettura privata;In marcia / fermata / arresto;Opel;AGILA;Passeggero;1997;M;Deceduto sul posto;-1;;Non accertato;Inesploso
3672815;20;07/02/2018 00:30:00;Strada Urbana;CIRCONVALLAZIONE TIBURTINA;da specificare;;;;altezza Rampa via Tiburtina;Veicolo in marcia contro ostacolo fisso;Curva a visuale libera;Due carreggiate;Asciutto;Asfaltata;Verticale ed orizzontale;Nuvoloso;Normale;Sufficiente;Sufficiente;2;0;1;0;;;0;1;Autovettura privata;In marcia / fermata / arresto;Opel;AGILA;Passeggero;1997;M;Rimandato;0;NON DECEDUTO;Non accertato;Inesploso
3672832;19;06/02/2018 19:40:00;Strada Urbana;VIA DI CASAL DEL MARMO;in corrispondenza;;del civico n.;496 f;;Scontro frontale/laterale SX fra veicoli in marcia;Rettilineo;Una carreggiata a doppio senso;Asciutto;Asfaltata;Assente;Sereno;Scarso;Sufficiente;Sufficiente;0;0;0;2;12,38861;41,94215;0;1;Autovettura privata;In marcia / fermata / arresto;Renault;Clio;Conducente;1966;F;Illeso;0;;Non accertato;Inesploso
3672832;19;06/02/2018 19:40:00;Strada Urbana;VIA DI CASAL DEL MARMO;in corrispondenza;;del civico n.;496 f;;Scontro frontale/laterale SX fra veicoli in marcia;Rettilineo;Una carreggiata a doppio senso;Asciutto;Asfaltata;Assente;Sereno;Scarso;Sufficiente;Sufficiente;0;0;0;2;12,38861;41,94215;0;2;Motociclo a solo;In marcia / fermata / arresto;Piaggio;Sport City;Conducente;1999;M;Illeso;0;;Non accertato;
3672846;20;06/02/2018 13:05:00;Regionale entro l'abitato;VIA FLAMINIA;da specificare;;;;prossimita' Grottarossa km 9.100 dir GRA;Tamponamento Multiplo;Rettilineo;Due carreggiate;Asciutto;Asfaltata;Orizzontale;Nuvoloso;Intenso;Buona;Ore Diurne;3;0;0;2;12,49157;41,97039;-1;1;Autovettura privata;In marcia / fermata / arresto;Alfa Romeo;156;Conducente;1975;F;Rimandato;0;NON DECEDUTO;Non accertato;Esploso
3672846;20;06/02/2018 13:05:00;Regionale entro l'abitato;VIA FLAMINIA;da specificare;;;;prossimita' Grottarossa km 9.100 dir GRA;Tamponamento Multiplo;Rettilineo;Due carreggiate;Asciutto;Asfaltata;Orizzontale;Nuvoloso;Intenso;Buona;Ore Diurne;3;0;0;2;12,49157;41,97039;-1;2;Autovettura privata;In marcia / fermata / arresto;Fiat;Punto;Conducente;1953;M;Rimandato;0;NON DECEDUTO;Non accertato;Inesploso
3672846;20;06/02/2018 13:05:00;Regionale entro l'abitato;VIA FLAMINIA;da specificare;;;;prossimita' Grottarossa km 9.100 dir GRA;Tamponamento Multiplo;Rettilineo;Due carreggiate;Asciutto;Asfaltata;Orizzontale;Nuvoloso;Intenso;Buona;Ore Diurne;3;0;0;2;12,49157;41,97039;-1;2;Autovettura privata;In marcia / fermata / arresto;Fiat;Punto;Passeggero;1971;M;Rimandato;0;NON DECEDUTO;Utilizzato;
3672846;20;06/02/2018 13:05:00;Regionale entro l'abitato;VIA FLAMINIA;da specificare;;;;prossimita' Grottarossa km 9.100 dir GRA;Tamponamento Multiplo;Rettilineo;Due carreggiate;Asciutto;Asfaltata;Orizzontale;Nuvoloso;Intenso;Buona;Ore Diurne;3;0;0;2;12,49157;41,97039;-1;3;Autovettura privata;In marcia / fermata / arresto;Volkswagen;Golf;Conducente;1988;M;Illeso;0;;Non accertato;Inesploso
3672846;20;06/02/2018 13:05:00;Regionale entro l'abitato;VIA FLAMINIA;da specificare;;;;prossimita' Grottarossa km 9.100 dir GRA;Tamponamento Multiplo;Rettilineo;Due carreggiate;Asciutto;Asfaltata;Orizzontale;Nuvoloso;Intenso;Buona;Ore Diurne;3;0;0;2;12,49157;41,97039;-1;3;Autovettura privata;In marcia / fermata / arresto;Volkswagen;Golf;Passeggero;1976;M;Illeso;0;;Non accertato;Inesploso
3672851;1;06/02/2018 21:30:00;Strada Urbana;PIAZZA ALBANIA;in corrispondenza;;del civico n.;11;;Veicolo in marcia contro ostacolo fisso;Rettilineo;Più di due carreggiate;Asciutto;In cubetti di porfido;Verticale ed orizzontale;Nuvoloso;Scarso;Sufficiente;Sufficiente;0;0;0;2;;;0;1;Autovettura privata;In marcia / fermata / arresto;Renault;Clio;Conducente;1996;M;Illeso;0;;Utilizzato;Inesploso
3672851;1;06/02/2018 21:30:00;Strada Urbana;PIAZZA ALBANIA;in corrispondenza;;del civico n.;11;;Veicolo in marcia contro ostacolo fisso;Rettilineo;Più di due carreggiate;Asciutto;In cubetti di porfido;Verticale ed orizzontale;Nuvoloso;Scarso;Sufficiente;Sufficiente;0;0;0;2;;;0;1;Autovettura privata;In marcia / fermata / arresto;Renault;Clio;Passeggero;1998;F;Illeso;0;;Non accertato;Inesploso
3672860;19;07/02/2018 06:50:00;Strada Urbana;VIA TRIONFALE;all'intersezione con;VIA DEL CASALE SANSONI;VIA DEL CASALE SANSONI;;;Veicolo in marcia contro ostacolo accidentale;Incrocio;Una carreggiata a senso unico di marcia;Bagnato (pioggia);Asfaltata;Verticale ed orizzontale;Nuvoloso;Normale;Sufficiente;Sufficiente;1;0;0;0;12,40904;41,96934;0;1;Autovettura privata;In marcia / fermata / arresto;Mazda;MX-5;Conducente;1967;F;Rimandato;0;NON DECEDUTO;Non accertato;Esploso
3672862;1;06/02/2018 18:05:00;Strada Urbana;VIA ELENIANA;all'intersezione con;VIA SEBASTIANO GRANDIS;VIA SEBASTIANO GRANDIS;;;Scontro frontale/laterale DX fra veicoli in marcia;Incrocio;Una carreggiata a doppio senso;Asciutto;Asfaltata;Verticale ed orizzontale;Nuvoloso;Normale;Buona;Sufficiente;1;0;0;1;;;0;1;Motociclo a solo;In marcia / fermata / arresto;Peugeot;-;Conducente;1992;F;Rifiuta cure immediate;0;NON DECEDUTO;;
3672862;1;06/02/2018 18:05:00;Strada Urbana;VIA ELENIANA;all'intersezione con;VIA SEBASTIANO GRANDIS;VIA SEBASTIANO GRANDIS;;;Scontro frontale/laterale DX fra veicoli in marcia;Incrocio;Una carreggiata a doppio senso;Asciutto;Asfaltata;Verticale ed orizzontale;Nuvoloso;Normale;Buona;Sufficiente;1;0;0;1;;;0;2;Autovettura privata;In marcia / fermata / arresto;Lancia;Musa;Conducente;1963;M;Illeso;0;;;
3672882;1;06/02/2018 22:45:00;Strada Urbana;PIAZZA ALBANIA;in corrispondenza;;del civico n.;11 D;;Veicolo in marcia contro ostacolo fisso;Rettilineo;Più di due carreggiate;Asciutto;In cubetti di porfido;Verticale ed orizzontale;Nuvoloso;Scarso;Sufficiente;Sufficiente;0;0;0;1;;;0;1;Autovettura privata;In marcia / fermata / arresto;Fiat;500 L;Conducente;1956;M;Illeso;0;;Non accertato;Inesploso
3672883;7;06/02/2018 14:45:00;Strada Urbana;VIA COLLATINA;in corrispondenza;;del civico n.;402 e;;Tamponamento;Rettilineo;Una carreggiata a doppio senso;Asciutto;Asfaltata;Orizzontale;Nuvoloso;Normale;Buona;Ore Diurne;1;0;0;1;12,60583;41,90484;0;1;Autovettura privata;In marcia / fermata / arresto;Seat;Leon;Conducente;1950;M;Illeso;0;;Non accertato;Inesploso
3672883;7;06/02/2018 14:45:00;Strada Urbana;VIA COLLATINA;in corrispondenza;;del civico n.;402 e;;Tamponamento;Rettilineo;Una carreggiata a doppio senso;Asciutto;Asfaltata;Orizzontale;Nuvoloso;Normale;Buona;Ore Diurne;1;0;0;1;12,60583;41,90484;0;2;Autovettura privata;In marcia / fermata / arresto;Fiat;Panda;Conducente;1971;M;Rimandato;0;NON DECEDUTO;Non accertato;Inesploso