Protocollo;Gruppo;DataOraIncidente;Localizzazione1;STRADA1;Localizzazione2;STRADA2;Strada02;Chilometrica;DaSpecificare;NaturaIncidente;particolaritastrade;TipoStrada;FondoStradale;Pavimentazione;Segnaletica;CondizioneAtmosferica;Traffico;Visibilita;Illuminazione;NUM_FERITI;NUM_RISERVATA;NUM_MORTI;NUM_ILLESI;Longitudine;Latitudine;Confermato;Progressivo;TipoVeicolo;StatoVeicolo;Marca;Modello;TipoPersona;AnnoNascita;Sesso;Tipolesione;Deceduto;DecedutoDopo;CinturaCascoUtilizzato;Airbag;
3673251;16;06/02/2018 15:10:00;;VIA AURELIA ANTICA;da specificare;;;;fronte palo Acea n.14;Veicolo in marcia contro ostacolo accidentale;;;;;;;;;;0;0;0;1;;;0;1;Autobus turistico;In marcia / fermata / arresto;XIAMEN;KING LONG;Conducente;0;M;Illeso;0;;;
3673284;7;07/02/2018 08:50:00;Strada Urbana;VIA DELLE GIUNCHIGLIE;all'intersezione con;VIA DEI GLICINI;VIA DEI GLICINI;;;Scontro laterale fra veicoli in marcia;Incrocio;Una carreggiata a doppio senso;Asciutto;Asfaltata;Verticale ed orizzontale;Nuvoloso;Normale;Buona;Ore Diurne;0;0;0;1;12,56503;41,87967;0;;;;;;Pedone;1969;F;Illeso;0;;;
3673288;12;06/02/2018 03:00:00;Strada Urbana;VIA DEGLI AGROSTEMMI;in corrispondenza;;del civico n.;172;;Veicolo in marcia contro ostacolo accidentale;Rettilineo;Una carreggiata a doppio senso;Asciutto;Strada pavimentata dissestata;Verticale ed orizzontale;Sereno;Scarso;Buona;Insufficiente;0;0;0;1;12,5849;41,71072;0;1;Autocarro inferiore 35 q.;In marcia / fermata / arresto;Iveco;Eurotech;Conducente;1972;M;Illeso;0;;Non accertato;Inesploso
3673328;19;07/02/2018 10:50:00;Strada Urbana;VIA DELLA BALDUINA;in corrispondenza;;del civico n.;195;;Investimento di pedone;Rettilineo;Una carreggiata a doppio senso;Bagnato (pioggia);Asfaltata;Verticale ed orizzontale;Pioggia in atto;Normale;Buona;Ore Diurne;1;0;0;1;12,43829;41,92237;0;;;;;;Pedone;1941;M;Ricoverato;0;NON DECEDUTO;;
3673328;19;07/02/2018 10:50:00;Strada Urbana;VIA DELLA BALDUINA;in corrispondenza;;del civico n.;195;;Investimento di pedone;Rettilineo;Una carreggiata a doppio senso;Bagnato (pioggia);Asfaltata;Verticale ed orizzontale;Pioggia in atto;Normale;Buona;Ore Diurne;1;0;0;1;12,43829;41,92237;0;1;Motociclo a solo;In marcia / fermata / arresto;Aprilia;Sportcity;Conducente;1960;M;Illeso;0;;Non accertato;
3673340;17;07/02/2018 09:15:00;Strada Urbana;VIA ANGELO EMO;in prossimità;;del civico n.;153;;Scontro laterale fra veicoli in marcia;Rettilineo;Una carreggiata a doppio senso;Bagnato (umidità in atto);Asfaltata;Verticale ed orizzontale;Nuvoloso;Normale;Buona;Ore Diurne;0;0;0;2;;;0;1;Autovettura privata;In marcia / fermata / arresto;Mercedes;A 180;Conducente;1955;M;Illeso;0;;;
3673340;17;07/02/2018 09:15:00;Strada Urbana;VIA ANGELO EMO;in prossimità;;del civico n.;153;;Scontro laterale fra veicoli in marcia;Rettilineo;Una carreggiata a doppio senso;Bagnato (umidità in atto);Asfaltata;Verticale ed orizzontale;Nuvoloso;Normale;Buona;Ore Diurne;0;0;0;2;;;0;2;Autocarro superiore 35 q.;In marcia / fermata / arresto;Fiat Iveco;(ignoto);Conducente;1975;M;Illeso;0;;;
3673392;12;07/02/2018 08:50:00;Strada Urbana;VIALE DELL'OCEANO ATLANTICO;da specificare;;;;in prossimità di Via Rhodesia;Tamponamento;Rettilineo;Due carreggiate;Bagnato (pioggia);Asfaltata;Verticale ed orizzontale;Nuvoloso;Normale;Buona;Ore Diurne;1;0;0;1;12,47061;41,82015;0;1;Autovettura privata;In marcia / fermata / arresto;Toyota;Yaris;Conducente;1959;F;Illeso;0;;Utilizzato;Inesploso
3673392;12;07/02/2018 08:50:00;Strada Urbana;VIALE DELL'OCEANO ATLANTICO;da specificare;;;;in prossimità di Via Rhodesia;Tamponamento;Rettilineo;Due carreggiate;Bagnato (pioggia);Asfaltata;Verticale ed orizzontale;Nuvoloso;Normale;Buona;Ore Diurne;1;0;0;1;12,47061;41,82015;0;2;Autovettura privata;In marcia / fermata / arresto;Toyota;Auris;Conducente;1978;M;Rimandato;0;NON DECEDUTO;Utilizzato;Inesploso
3673668;12;07/02/2018 13:00:00;Strada Urbana;VIA CRISTOFORO COLOMBO;da specificare;;;;dir. Roma centro altezza viale America;Scontro laterale fra veicoli in marcia;Rettilineo;Una carreggiata a senso unico di marcia;Bagnato (pioggia);Asfaltata;Verticale ed orizzontale;Nuvoloso;Normale;Buona;Ore Diurne;1;0;0;1;;;0;1;Autovettura privata;In marcia / fermata / arresto;Fiat;500;Conducente;1994;M;Rimandato;0;NON DECEDUTO;Utilizzato;Inesistente
3673668;12;07/02/2018 13:00:00;Strada Urbana;VIA CRISTOFORO COLOMBO;da specificare;;;;dir. Roma centro altezza viale America;Scontro laterale fra veicoli in marcia;Rettilineo;Una carreggiata a senso unico di marcia;Bagnato (pioggia);Asfaltata;Verticale ed orizzontale;Nuvoloso;Normale;Buona;Ore Diurne;1;0;0;1;;;0;2;Autovettura privata;In marcia / fermata / arresto;Fiat;Qubo;Conducente;1966;F;Illeso;0;;Utilizzato;Inesploso
3673681;18;07/02/2018 15:30:00;Statale entro l'abitato;VIA AURELIA;in corrispondenza;;del civico n.;511;;Tamponamento;Rettilineo;Una carreggiata a doppio senso;Bagnato (pioggia);Asfaltata;Verticale ed orizzontale;Pioggia in atto;Normale;Buona;Ore Diurne;1;0;0;1;12,42346;41,89801;0;1;Autovettura privata;In marcia / fermata / arresto;Fiat;Freemont;Conducente;1968;M;Illeso;0;;Non accertato;Inesploso
3673681;18;07/02/2018 15:30:00;Statale entro l'abitato;VIA AURELIA;in corrispondenza;;del civico n.;511;;Tamponamento;Rettilineo;Una carreggiata a doppio senso;Bagnato (pioggia);Asfaltata;Verticale ed orizzontale;Pioggia in atto;Normale;Buona;Ore Diurne;1;0;0;1;12,42346;41,89801;0;2;Autovettura privata;In marcia / fermata / arresto;Fiat;Panda;Conducente;1980;M;Rimandato;0;NON DECEDUTO;Non accertato;Inesploso
3673697;15;07/02/2018 10:00:00;Strada Urbana;VIA ODERISI DA GUBBIO;all'intersezione semaforizzata con;VIA QUIRINO MAJORANA;VIA QUIRINO MAJORANA;;;Scontro laterale fra veicoli in marcia;Incrocio;Due carreggiate;Asciutto;Asfaltata;Verticale ed orizzontale;Nuvoloso;Normale;Buona;Ore Diurne;0;0;0;3;;;0;1;Autocarro inferiore 35 q.;In marcia / fermata / arresto;Iveco;Turbo Daily;Conducente;1970;M;Illeso;0;;;Inesploso
3673697;15;07/02/2018 10:00:00;Strada Urbana;VIA ODERISI DA GUBBIO;all'intersezione semaforizzata con;VIA QUIRINO MAJORANA;VIA QUIRINO MAJORANA;;;Scontro laterale fra veicoli in marcia;Incrocio;Due carreggiate;Asciutto;Asfaltata;Verticale ed orizzontale;Nuvoloso;Normale;Buona;Ore Diurne;0;0;0;3;;;0;1;Autocarro inferiore 35 q.;In marcia / fermata / arresto;Iveco;Turbo Daily;Passeggero;1997;M;Illeso;0;;;
3673697;15;07/02/2018 10:00:00;Strada Urbana;VIA ODERISI DA GUBBIO;all'intersezione semaforizzata con;VIA QUIRINO MAJORANA;VIA QUIRINO MAJORANA;;;Scontro laterale fra veicoli in marcia;Incrocio;Due carreggiate;Asciutto;Asfaltata;Verticale ed orizzontale;Nuvoloso;Normale;Buona;Ore Diurne;0;0;0;3;;;0;2;Autovettura privata;In marcia / fermata / arresto;Smart ;FORTWO;Conducente;1960;M;Illeso;0;;;Inesploso
3673707;11;07/02/2018 15:20:00;Strada Urbana;VIALE GUGLIELMO MASSAIA;all'intersezione con;VIA GIOVANNI DE' MARIGNOLLI;VIA GIOVANNI DE' MARIGNOLLI;;;Scontro frontale fra veicoli in marcia;Incrocio;Una carreggiata a doppio senso;Bagnato (pioggia);Asfaltata;Verticale ed orizzontale;Nuvoloso;Normale;Buona;Ore Diurne;0;0;0;3;12,49309;41,8626;0;1;Autovettura privata;In marcia / fermata / arresto;Volkswagen;Golf;Conducente;1983;M;Illeso;0;;Non accertato;
3673707;11;07/02/2018 15:20:00;Strada Urbana;VIALE GUGLIELMO MASSAIA;all'intersezione con;VIA GIOVANNI DE' MARIGNOLLI;VIA GIOVANNI DE' MARIGNOLLI;;;Scontro frontale fra veicoli in marcia;Incrocio;Una carreggiata a doppio senso;Bagnato (pioggia);Asfaltata;Verticale ed orizzontale;Nuvoloso;Normale;Buona;Ore Diurne;0;0;0;3;12,49309;41,8626;0;1;Autovettura privata;In marcia / fermata / arresto;Volkswagen;Golf;Passeggero;1987;M;Illeso;0;;Non accertato;
3673707;11;07/02/2018 15:20:00;Strada Urbana;VIALE GUGLIELMO MASSAIA;all'intersezione con;VIA GIOVANNI DE' MARIGNOLLI;VIA GIOVANNI DE' MARIGNOLLI;;;Scontro frontale fra veicoli in marcia;Incrocio;Una carreggiata a doppio senso;Bagnato (pioggia);Asfaltata;Verticale ed orizzontale;Nuvoloso;Normale;Buona;Ore Diurne;0;0;0;3;12,49309;41,8626;0;2;Autovettura privata;In marcia / fermata / arresto;Citroen;C 3 Picasso;Conducente;1985;F;Illeso;0;;Non accertato;
3673708;19;07/02/2018 07:50:00;;VIA TRIONFALE;all'intersezione con;VIA MARIO FANI;VIA MARIO FANI;;;Scontro frontale/laterale SX fra veicoli in marcia;;;;;;;;;;1;0;0;1;;;0;1;Autovettura privata;In marcia / fermata / arresto;Ford;C - MAX;Conducente;1963;M;Illeso;0;;Non accertato;Inesploso
3673708;19;07/02/2018 07:50:00;;VIA TRIONFALE;all'intersezione con;VIA MARIO FANI;VIA MARIO FANI;;;Scontro frontale/laterale SX fra veicoli in marcia;;;;;;;;;;1;0;0;1;;;0;2;Motociclo a solo;In marcia / fermata / arresto;Aprilia;MXV 4.5;Conducente;2000;M;Rimandato;0;NON DECEDUTO;;
3673828;15;07/02/2018 14:20:00;Strada Urbana;VIA DEL FOSSO DELLA MAGLIANA;in prossimità;;del civico n.;80;;Veicolo in marcia contro ostacolo accidentale;Rettilineo;Una carreggiata a doppio senso;Bagnato (pioggia);Con buche;Orizzontale;Pioggia in atto;Normale;Buona;Ore Diurne;0;0;0;1;;;0;1;Autovettura privata;In marcia / fermata / arresto;Volkswagen;Polo;Conducente;1968;M;Illeso;0;;Non accertato;Inesploso
3673868;9;07/02/2018 14:40:00;;VIA APPIA NUOVA;in prossimità;;del civico n.;419/a;;Tamponamento;;;;;;;;;;0;0;0;2;;;0;1;Autovettura privata;In marcia / fermata / arresto;Fiat;Punto;Conducente;0;M;Illeso;0;;;
3673868;9;07/02/2018 14:40:00;;VIA APPIA NUOVA;in prossimità;;del civico n.;419/a;;Tamponamento;;;;;;;;;;0;0;0;2;;;0;2;Autovettura privata;In marcia / fermata / arresto;Ford;Fiesta;Conducente;0;M;Illeso;0;;;
3673886;9;07/02/2018 16:05:00;;VIA CONCORDIA;da specificare;;;;fronte civico 58;Investimento di pedone;;;;;;;;;;1;0;0;1;;;0;;;;;;Pedone;1936;M;Rimandato;0;NON DECEDUTO;;
3673886;9;07/02/2018 16:05:00;;VIA CONCORDIA;da specificare;;;;fronte civico 58;Investimento di pedone;;;;;;;;;;1;0;0;1;;;0;1;Autovettura privata;In marcia / fermata / arresto;Fiat;Doblò;Conducente;1953;M;Illeso;0;;;
3673889;10;07/02/2018 17:50:00;Strada Urbana;VIALE BRUNO PELIZZI;in prossimità;;del palo luce n.;6;;Scontro frontale/laterale DX fra veicoli in marcia;Rettilineo;Due carreggiate;Bagnato (pioggia);Asfaltata;Assente;Pioggia in atto;Normale;Sufficiente;Sufficiente;0;0;0;2;12,58091;41,85849;0;1;Autovettura privata;In marcia / fermata / arresto;Toyota;Yaris;Conducente;1977;F;Illeso;0;;Non accertato;Inesploso
3673889;10;07/02/2018 17:50:00;Strada Urbana;VIALE BRUNO PELIZZI;in prossimità;;del palo luce n.;6;;Scontro frontale/laterale DX fra veicoli in marcia;Rettilineo;Due carreggiate;Bagnato (pioggia);Asfaltata;Assente;Pioggia in atto;Normale;Sufficiente;Sufficiente;0;0;0;2;12,58091;41,85849;0;2;Autovettura privata;In marcia / fermata / arresto;Lancia;Ypsilon;Conducente;1958;F;Illeso;0;;Non accertato;Inesploso
3673898;5;07/02/2018 17:15:00;Strada Urbana;NUOVA CIRCONVALLAZIONE INTERNA;da specificare;;;;Direz. San Giovanni, 15 metri oltre l'intersezione;Tamponamento;Galleria illuminata;Una carreggiata a senso unico di marcia;Asciutto;Asfaltata;Verticale ed orizzontale;Pioggia in atto;Normale;Buona;Sufficiente;0;0;0;2;12,53379;41,90853;0;1;Autovettura privata;In marcia / fermata / arresto;Volkswagen;Polo;Conducente;0;M;Illeso;0;;;
3673898;5;07/02/2018 17:15:00;Strada Urbana;NUOVA CIRCONVALLAZIONE INTERNA;da specificare;;;;Direz. San Giovanni, 15 metri oltre l'intersezione;Tamponamento;Galleria illuminata;Una carreggiata a senso unico di marcia;Asciutto;Asfaltata;Verticale ed orizzontale;Pioggia in atto;Normale;Buona;Sufficiente;0;0;0;2;12,53379;41,90853;0;2;Autovettura privata;In marcia / fermata / arresto;Fiat;600;Conducente;1992;F;Illeso;0;;;
3673915;18;07/02/2018 17:30:00;Strada Urbana;VIA GIACINTO DE VECCHI PIERALICE;in corrispondenza;;del civico n.;24;;Investimento di pedone;Rettilineo;Una carreggiata a doppio senso;Bagnato (pioggia);Asfaltata;Verticale ed orizzontale;Pioggia in atto;Normale;Sufficiente;Sufficiente;1;0;0;1;12,43942;41,90064;-1;;;;;;Pedone;1934;M;Ricoverato;0;NON DECEDUTO;;
3673915;18;07/02/2018 17:30:00;Strada Urbana;VIA GIACINTO DE VECCHI PIERALICE;in corrispondenza;;del civico n.;24;;Investimento di pedone;Rettilineo;Una carreggiata a doppio senso;Bagnato (pioggia);Asfaltata;Verticale ed orizzontale;Pioggia in atto;Normale;Sufficiente;Sufficiente;1;0;0;1;12,43942;41,90064;-1;1;Autovettura privata;In marcia / fermata / arresto;Opel;AGILA;Conducente;1953;F;Illeso;0;;Non accertato;Inesploso
3673931;3;06/02/2018 09:30:00;;PIAZZA GIOVANNI WINCKELMANN;in prossimità;;del civico n.;6;;Veicolo in marcia contro veicolo in sosta;;;;;;;;;;0;0;0;1;;;0;1;Autovettura privata;In marcia / fermata / arresto;Fiat;Punto;Conducente;0;F;Illeso;0;;;
3673937;3;06/02/2018 20:00:00;Strada Urbana;PIAZZA BOLOGNA;da specificare;;;;in prossimità lorenzo il magnifico;Tamponamento;Rotatoria;Una carreggiata a senso unico di marcia;Asciutto;Asfaltata;Verticale ed orizzontale;Nuvoloso;Normale;Buona;Sufficiente;0;0;0;3;;;0;1;Autovettura privata;In marcia / fermata / arresto;Lancia;Y;Conducente;1985;F;Illeso;0;;Non accertato;Inesploso
3673937;3;06/02/2018 20:00:00;Strada Urbana;PIAZZA BOLOGNA;da specificare;;;;in prossimità lorenzo il magnifico;Tamponamento;Rotatoria;Una carreggiata a senso unico di marcia;Asciutto;Asfaltata;Verticale ed orizzontale;Nuvoloso;Normale;Buona;Sufficiente;0;0;0;3;;;0;2;Autovettura di polizia;In marcia / fermata / arresto;Seat;Leon;Conducente;1990;M;Illeso;0;;Non accertato;Inesploso
3673937;3;06/02/2018 20:00:00;Strada Urbana;PIAZZA BOLOGNA;da specificare;;;;in prossimità lorenzo il magnifico;Tamponamento;Rotatoria;Una carreggiata a senso unico di marcia;Asciutto;Asfaltata;Verticale ed orizzontale;Nuvoloso;Normale;Buona;Sufficiente;0;0;0;3;;;0;2;Autovettura di polizia;In marcia / fermata / arresto;Seat;Leon;Passeggero;1981;M;Illeso;0;;Non accertato;Inesploso
3673945;3;07/02/2018 09:30:00;;VIA GIOVANNI BATTISTA DE ROSSI;all'intersezione con;VIA ALESSANDRO TORLONIA;VIA ALESSANDRO TORLONIA;;;Scontro laterale fra veicoli in marcia;;;;;;;;;;1;0;0;1;;;0;1;Autovettura privata;In marcia / fermata / arresto;Mercedes;glc;Conducente;0;M;Illeso;0;;;
3673945;3;07/02/2018 09:30:00;;VIA GIOVANNI BATTISTA DE ROSSI;all'intersezione con;VIA ALESSANDRO TORLONIA;VIA ALESSANDRO TORLONIA;;;Scontro laterale fra veicoli in marcia;;;;;;;;;;1;0;0;1;;;0;2;Motociclo a solo;In marcia / fermata / arresto;Honda;SH 300;Conducente;0;M;Rifiuta cure immediate;0;NON DECEDUTO;;
3673971;5;07/02/2018 17:30:00;Strada Urbana;VIA DI PORTONACCIO;in prossimità;;del civico n.;23;;Veicolo in marcia contro ostacolo accidentale;Rettilineo;Una carreggiata a doppio senso;Bagnato (pioggia);Asfaltata;Orizzontale;Pioggia in atto;Normale;Sufficiente;Sufficiente;0;0;0;1;12,53589;41,90484;-1;1;Motociclo a solo;In marcia / fermata / arresto;Piaggio;Carnaby;Conducente;1974;M;Illeso;0;;Non accertato;
3674001;12;07/02/2018 18:00:00;Strada Urbana;VIA CRISTOFORO COLOMBO;da specificare;;;;dir. Roma centro pros. p.le Marconi;Investimento di pedone;Rettilineo;Più di due carreggiate;Bagnato (pioggia);Asfaltata;Verticale ed orizzontale;Pioggia in atto;Intenso;Sufficiente;Sufficiente;2;0;0;1;12,47082;41,83305;0;;;;;;Pedone;1974;F;Rimandato;0;NON DECEDUTO;;
3674001;12;07/02/2018 18:00:00;Strada Urbana;VIA CRISTOFORO COLOMBO;da specificare;;;;dir. Roma centro pros. p.le Marconi;Investimento di pedone;Rettilineo;Più di due carreggiate;Bagnato (pioggia);Asfaltata;Verticale ed orizzontale;Pioggia in atto;Intenso;Sufficiente;Sufficiente;2;0;0;1;12,47082;41,83305;0;;;;;;Pedone;1982;F;Rimandato;0;NON DECEDUTO;;
3674001;12;07/02/2018 18:00:00;Strada Urbana;VIA CRISTOFORO COLOMBO;da specificare;;;;dir. Roma centro pros. p.le Marconi;Investimento di pedone;Rettilineo;Più di due carreggiate;Bagnato (pioggia);Asfaltata;Verticale ed orizzontale;Pioggia in atto;Intenso;Sufficiente;Sufficiente;2;0;0;1;12,47082;41,83305;0;1;Motociclo a solo;In marcia / fermata / arresto;Honda;SH150;Conducente;1977;M;Illeso;0;;Utilizzato;
3674054;5;07/02/2018 18:50:00;;VIA SENIGALLIA;da specificare;;;;prossimità via Fiuminata;Investimento di pedone;;;;;;;;;;1;0;0;0;12,58304;41,94157;0;;;;;;Pedone;1959;F;Rimandato;0;NON DECEDUTO;;
3674134;12;07/02/2018 18:40:00;Provinciale;VIA ARDEATINA;in prossimità;;del civico n.;1255;;Veicolo in marcia contro ostacolo accidentale;Rettilineo;Una carreggiata a doppio senso;Bagnato (pioggia);Asfaltata;Verticale ed orizzontale;Pioggia in atto;Normale;Buona;Inesistente;0;0;0;1;12,54676;41,77509;-1;1;Autovettura privata;In marcia / fermata / arresto;Volkswagen;Polo;Conducente;1989;M;Illeso;0;;Utilizzato;Inesploso
3674139;12;07/02/2018 20:00:00;Provinciale;VIA ARDEATINA;in prossimità;;del civico n.;1655;;Veicolo in marcia contro ostacolo accidentale;Rettilineo;Una carreggiata a doppio senso;Bagnato (pioggia);Asfaltata;Verticale ed orizzontale;Nuvoloso;Normale;Buona;Inesistente;0;0;0;1;12,54676;41,77509;0;1;Autovettura privata;In marcia / fermata / arresto;Mercedes;B 200;Conducente;1960;F;Illeso;0;;Utilizzato;Inesploso
3674181;15;07/02/2018 18:10:00;Strada Urbana;VIA ODERISI DA GUBBIO;da specificare;;;;fronte civico 140;Investimento di pedone;Rettilineo;Una carreggiata a senso unico di marcia;Bagnato (pioggia);Asfaltata;Assente;Nebbia;Scarso;Buona;Ore Diurne;2;0;0;0;12,4655;41,8659;-1;;;;;;Pedone;1951;F;Rimandato;0;NON DECEDUTO;;
3674181;15;07/02/2018 18:10:00;Strada Urbana;VIA ODERISI DA GUBBIO;da specificare;;;;fronte civico 140;Investimento di pedone;Rettilineo;Una carreggiata a senso unico di marcia;Bagnato (pioggia);Asfaltata;Assente;Nebbia;Scarso;Buona;Ore Diurne;2;0;0;0;12,4655;41,8659;-1;1;Motociclo a solo;In marcia / fermata / arresto;Kymco;AGILITY;Conducente;1960;M;Rimandato;0;NON DECEDUTO;Utilizzato;
3674349;1;07/02/2018 13:00:00;Strada Urbana;PIAZZA DI S. GIOVANNI IN LATERANO;all'intersezione semaforizzata con;VIA MERULANA;VIA MERULANA;;;Scontro laterale fra veicoli in marcia;Intersezione semaforizzata;Più di due carreggiate;Bagnato (pioggia);Asfaltata;Verticale ed orizzontale;Nuvoloso;Normale;Buona;Ore Diurne;0;0;0;3;12,50672;41,88687;0;1;Autovettura privata;In marcia / fermata / arresto;Opel;Corsa;Conducente;1950;M;Illeso;0;;;
3674349;1;07/02/2018 13:00:00;Strada Urbana;PIAZZA DI S. GIOVANNI IN LATERANO;all'intersezione semaforizzata con;VIA MERULANA;VIA MERULANA;;;Scontro laterale fra veicoli in marcia;Intersezione semaforizzata;Più di due carreggiate;Bagnato (pioggia);Asfaltata;Verticale ed orizzontale;Nuvoloso;Normale;Buona;Ore Diurne;0;0;0;3;12,50672;41,88687;0;1;Autovettura privata;In marcia / fermata / arresto;Opel;Corsa;Passeggero;1951;F;Illeso;0;;;
3674349;1;07/02/2018 13:00:00;Strada Urbana;PIAZZA DI S. GIOVANNI IN LATERANO;all'intersezione semaforizzata con;VIA MERULANA;VIA MERULANA;;;Scontro laterale fra veicoli in marcia;Intersezione semaforizzata;Più di due carreggiate;Bagnato (pioggia);Asfaltata;Verticale ed orizzontale;Nuvoloso;Normale;Buona;Ore Diurne;0;0;0;3;12,50672;41,88687;0;2;Veicolo speciale;In marcia / fermata / arresto;Fiat;Iveco;Conducente;1976;M;Illeso;0;;;
3674355;9;07/02/2018 06:50:00;;VIA TUSCOLANA;da specificare;;;;prox PORTA FURBA;Investimento di pedone;;;;;;;;;;2;0;0;0;;;0;;;;;;Pedone;1970;M;Rimandato;0;NON DECEDUTO;;
3674355;9;07/02/2018 06:50:00;;VIA TUSCOLANA;da specificare;;;;prox PORTA FURBA;Investimento di pedone;;;;;;;;;;2;0;0;0;;;0;1;Motociclo a solo;In marcia / fermata / arresto;Honda;SH 150;Conducente;1964;F;Rimandato;0;NON DECEDUTO;;
3674366;8;07/02/2018 08:45:00;;VIA DI LUNGHEZZINA;da specificare;;;;.;Fuoriuscita dalla sede stradale;;;;;;;;;;1;0;0;0;12,67819;41,92641;0;1;Autovettura privata;In marcia / fermata / arresto;Mercedes;Classe A;Conducente;1967;F;Ricoverato;0;NON DECEDUTO;Non accertato;Inesploso
3674368;8;07/02/2018 10:00:00;;VIA PIAZZA ARMERINA;all'intersezione con;VIA MISTERBIANCO;VIA MISTERBIANCO;;;Veicolo in marcia contro ostacolo fisso;;;;;;;;;;0;0;0;1;;;0;1;Autopompa;In marcia / fermata / arresto;Man;(non accertato);Conducente;1974;M;Illeso;0;;;
3674369;9;07/02/2018 07:40:00;;VIA NOLA;all'intersezione con;VIALE CASTRENSE;VIALE CASTRENSE;;;Veicolo in marcia contro ostacolo accidentale;;;;;;;;;;1;0;0;0;;;0;1;Motociclo a solo;In marcia / fermata / arresto;Honda;Swt 400;Conducente;1959;M;Rimandato;0;NON DECEDUTO;;
3674370;9;07/02/2018 19:00:00;;VIA TARANTO;all'intersezione semaforizzata con;VIA ORVIETO;VIA ORVIETO;;;Investimento di pedone;;;;;;;;;;1;0;0;1;;;0;;;;;;Pedone;1974;F;Rimandato;0;NON DECEDUTO;;
3674370;9;07/02/2018 19:00:00;;VIA TARANTO;all'intersezione semaforizzata con;VIA ORVIETO;VIA ORVIETO;;;Investimento di pedone;;;;;;;;;;1;0;0;1;;;0;1;Autovettura privata;In marcia / fermata / arresto;Nissan;Micra;Conducente;1951;M;Illeso;0;;;
3674371;8;07/02/2018 18:30:00;;VIA DI TORRENOVA;in corrispondenza;;del civico n.;192;;Investimento di pedone;;;;;;;;;;1;0;0;1;;;0;;;;;;Pedone;1972;M;Ricoverato;0;NON DECEDUTO;;
3674371;8;07/02/2018 18:30:00;;VIA DI TORRENOVA;in corrispondenza;;del civico n.;192;;Investimento di pedone;;;;;;;;;;1;0;0;1;;;0;1;Motociclo a solo;In marcia / fermata / arresto;Honda;-;Conducente;1996;M;Illeso;0;;Non accertato;
3674380;9;07/02/2018 11:00:00;;LARGO DEI COLLI ALBANI;all'intersezione con;VIA POGGI D'ORO;VIA POGGI D'ORO;;;Veicoli in marcia contro veicolo fermo;;;;;;;;;;0;0;0;2;;;0;1;Autocarro inferiore 35 q.;In marcia / fermata / arresto;Fiat;Iveco;Conducente;1968;M;Illeso;0;;;
3674380;9;07/02/2018 11:00:00;;LARGO DEI COLLI ALBANI;all'intersezione con;VIA POGGI D'ORO;VIA POGGI D'ORO;;;Veicoli in marcia contro veicolo fermo;;;;;;;;;;0;0;0;2;;;0;2;Autovettura privata;In marcia / fermata / arresto;Ford;Fiesta;Conducente;1974;M;Illeso;0;;;
3674381;8;07/02/2018 19:05:00;;VIALE FRANCESCO CALTAGIRONE;in prossimità;;del civico n.;454;;Veicolo in marcia contro veicolo arresto;;;;;;;;;;0;0;0;4;;;0;1;Autocarro inferiore 35 q.;In marcia / fermata / arresto; Mercedes ;Sprinter;Conducente;1973;M;Illeso;0;;;
3674381;8;07/02/2018 19:05:00;;VIALE FRANCESCO CALTAGIRONE;in prossimità;;del civico n.;454;;Veicolo in marcia contro veicolo arresto;;;;;;;;;;0;0;0;4;;;0;2;Autovettura privata;In marcia / fermata / arresto;Citroen;Picasso;Conducente;1980;F;Illeso;0;;;
3674381;8;07/02/2018 19:05:00;;VIALE FRANCESCO CALTAGIRONE;in prossimità;;del civico n.;454;;Veicolo in marcia contro veicolo arresto;;;;;;;;;;0;0;0;4;;;0;2;Autovettura privata;In marcia / fermata / arresto;Citroen;Picasso;Passeggero;0;M;Illeso;0;;;
3674389;8;07/02/2018 22:00:00;Strada Urbana;VIA COLLATINA;da specificare;;;;500 mt circa prima civico 532 dir Ponte di Nona;Veicolo in marcia contro ostacolo accidentale;Curva a visuale libera;Una carreggiata a doppio senso;Bagnato (pioggia);Con buche;Assente;Pioggia in atto;Scarso;Insufficiente;Inesistente;0;0;0;4;12,66611;41,92234;-1;1;Autovettura privata;In marcia / fermata / arresto;Citroen;C 1;Conducente;1953;M;Illeso;0;;Non accertato;Inesploso
3674389;8;07/02/2018 22:00:00;Strada Urbana;VIA COLLATINA;da specificare;;;;500 mt circa prima civico 532 dir Ponte di Nona;Veicolo in marcia contro ostacolo accidentale;Curva a visuale libera;Una carreggiata a doppio senso;Bagnato (pioggia);Con buche;Assente;Pioggia in atto;Scarso;Insufficiente;Inesistente;0;0;0;4;12,66611;41,92234;-1;1;Autovettura privata;In marcia / fermata / arresto;Citroen;C 1;Passeggero;1951;M;Illeso;0;;Non accertato;Inesploso
3674389;8;07/02/2018 22:00:00;Strada Urbana;VIA COLLATINA;da specificare;;;;500 mt circa prima civico 532 dir Ponte di Nona;Veicolo in marcia contro ostacolo accidentale;Curva a visuale libera;Una carreggiata a doppio senso;Bagnato (pioggia);Con buche;Assente;Pioggia in atto;Scarso;Insufficiente;Inesistente;0;0;0;4;12,66611;41,92234;-1;1;Autovettura privata;In marcia / fermata / arresto;Citroen;C 1;Passeggero;1952;F;Illeso;0;;Non accertato;Inesploso