Protocollo;Gruppo;DataOraIncidente;Localizzazione1;STRADA1;Localizzazione2;STRADA2;Strada02;Chilometrica;DaSpecificare;NaturaIncidente;particolaritastrade;TipoStrada;FondoStradale;Pavimentazione;Segnaletica;CondizioneAtmosferica;Traffico;Visibilita;Illuminazione;NUM_FERITI;NUM_RISERVATA;NUM_MORTI;NUM_ILLESI;Longitudine;Latitudine;Confermato;Progressivo;TipoVeicolo;StatoVeicolo;Marca;Modello;TipoPersona;AnnoNascita;Sesso;Tipolesione;Deceduto;DecedutoDopo;CinturaCascoUtilizzato;Airbag;
3678875;7;10/02/2018 12:40:00;Strada Urbana;VIALE DELLE GARDENIE;all'intersezione con;VIA DELLE ROBINIE;VIA DELLE ROBINIE;;;Scontro laterale fra veicoli in marcia;Incrocio;Una carreggiata a doppio senso;Asciutto;Asfaltata;Verticale;Sereno;Scarso;Buona;Ore Diurne;0;0;0;3;12,56692;41,88593;0;1;Autovettura privata;In marcia / fermata / arresto;Iveco;(non accertato);Passeggero;1980;M;Illeso;0;;;
3678875;7;10/02/2018 12:40:00;Strada Urbana;VIALE DELLE GARDENIE;all'intersezione con;VIA DELLE ROBINIE;VIA DELLE ROBINIE;;;Scontro laterale fra veicoli in marcia;Incrocio;Una carreggiata a doppio senso;Asciutto;Asfaltata;Verticale;Sereno;Scarso;Buona;Ore Diurne;0;0;0;3;12,56692;41,88593;0;2;Autobus di linea;In marcia / fermata / arresto;TEMSA;(ignoto);Conducente;1978;M;Illeso;0;;;
3678904;7;10/02/2018 06:20:00;;VIA DEI PIOPPI;in corrispondenza;;del civico n.;60;;Veicolo in marcia contro ostacolo accidentale;;;;;;;;;;0;0;0;1;;;0;1;Autobus di linea;In marcia / fermata / arresto;TEMSA;AVENUE LF;Conducente;1969;M;Illeso;0;;;
3678919;7;09/02/2018 20:35:00;Strada Urbana;VIA FILIBERTO PETITI;all'intersezione con;VIA RENATO GUTTUSO;VIA RENATO GUTTUSO;;;Scontro frontale/laterale SX fra veicoli in marcia;Incrocio;Una carreggiata a doppio senso;Asciutto;Asfaltata;Verticale ed orizzontale;Sereno;Scarso;Buona;Sufficiente;0;0;0;4;12,605;41,90813;0;1;Autovettura privata;In marcia / fermata / arresto;Fiat;Punto;Conducente;1981;M;Illeso;0;;Non accertato;Inesploso
3678919;7;09/02/2018 20:35:00;Strada Urbana;VIA FILIBERTO PETITI;all'intersezione con;VIA RENATO GUTTUSO;VIA RENATO GUTTUSO;;;Scontro frontale/laterale SX fra veicoli in marcia;Incrocio;Una carreggiata a doppio senso;Asciutto;Asfaltata;Verticale ed orizzontale;Sereno;Scarso;Buona;Sufficiente;0;0;0;4;12,605;41,90813;0;2;Autovettura privata;In marcia / fermata / arresto;Fiat;600;Conducente;1998;M;Illeso;0;;Non accertato;Inesploso
3678919;7;09/02/2018 20:35:00;Strada Urbana;VIA FILIBERTO PETITI;all'intersezione con;VIA RENATO GUTTUSO;VIA RENATO GUTTUSO;;;Scontro frontale/laterale SX fra veicoli in marcia;Incrocio;Una carreggiata a doppio senso;Asciutto;Asfaltata;Verticale ed orizzontale;Sereno;Scarso;Buona;Sufficiente;0;0;0;4;12,605;41,90813;0;2;Autovettura privata;In marcia / fermata / arresto;Fiat;600;Passeggero;1999;F;Illeso;0;;Non accertato;Inesploso
3678971;7;09/02/2018 18:45:00;Strada Urbana;VIA COLLATINA;all'intersezione con;VIA GIOVANNI CAPRANESI;VIA GIOVANNI CAPRANESI;;;Scontro frontale/laterale DX fra veicoli in marcia;Intersezione non regolata/non segnalata;Una carreggiata a doppio senso;Asciutto;Asfaltata;Verticale ed orizzontale;Sereno;Normale;Buona;Sufficiente;0;0;0;3;12,61116;41,90463;0;1;Autovettura privata;In marcia / fermata / arresto;Alfa Lancia;Y;Conducente;1993;M;Illeso;0;;Non accertato;Inesploso
3678971;7;09/02/2018 18:45:00;Strada Urbana;VIA COLLATINA;all'intersezione con;VIA GIOVANNI CAPRANESI;VIA GIOVANNI CAPRANESI;;;Scontro frontale/laterale DX fra veicoli in marcia;Intersezione non regolata/non segnalata;Una carreggiata a doppio senso;Asciutto;Asfaltata;Verticale ed orizzontale;Sereno;Normale;Buona;Sufficiente;0;0;0;3;12,61116;41,90463;0;1;Autovettura privata;In marcia / fermata / arresto;Alfa Lancia;Y;Passeggero;1990;F;Illeso;0;;;
3678971;7;09/02/2018 18:45:00;Strada Urbana;VIA COLLATINA;all'intersezione con;VIA GIOVANNI CAPRANESI;VIA GIOVANNI CAPRANESI;;;Scontro frontale/laterale DX fra veicoli in marcia;Intersezione non regolata/non segnalata;Una carreggiata a doppio senso;Asciutto;Asfaltata;Verticale ed orizzontale;Sereno;Normale;Buona;Sufficiente;0;0;0;3;12,61116;41,90463;0;2;Autovettura privata;In marcia / fermata / arresto;Toyota;Rav 4;Conducente;1961;M;Illeso;0;;;
3678992;10;09/02/2018 06:30:00;;VIA TUSCOLANA;all'intersezione semaforizzata con;VIA S. MARIA DEL BUON CONSIGLIO;VIA S. MARIA DEL BUON CONSIGLIO;;;Tamponamento;;;;;;;;;;1;0;0;1;;;0;1;Autocarro inferiore 35 q.;In marcia / fermata / arresto;Nissan;NV 200;Conducente;1968;M;Illeso;0;;;
3678992;10;09/02/2018 06:30:00;;VIA TUSCOLANA;all'intersezione semaforizzata con;VIA S. MARIA DEL BUON CONSIGLIO;VIA S. MARIA DEL BUON CONSIGLIO;;;Tamponamento;;;;;;;;;;1;0;0;1;;;0;2;Motociclo con passeggero;In marcia / fermata / arresto;BMW;R 1200 R;Conducente;1955;M;Rimandato;0;NON DECEDUTO;;
3679005;10;09/02/2018 14:05:00;;VIA DEL QUADRARO;in prossimità;;del civico n.;100;;Investimento di pedone;;;;;;;;;;1;0;0;2;;;0;;;;;;Pedone;2006;M;Rimandato;0;NON DECEDUTO;;
3679005;10;09/02/2018 14:05:00;;VIA DEL QUADRARO;in prossimità;;del civico n.;100;;Investimento di pedone;;;;;;;;;;1;0;0;2;;;0;1;Motociclo con passeggero;In marcia / fermata / arresto;Honda;SH 150;Conducente;1954;M;Illeso;0;;;
3679005;10;09/02/2018 14:05:00;;VIA DEL QUADRARO;in prossimità;;del civico n.;100;;Investimento di pedone;;;;;;;;;;1;0;0;2;;;0;1;Motociclo con passeggero;In marcia / fermata / arresto;Honda;SH 150;Passeggero;1977;M;Illeso;0;;;
3679019;10;09/02/2018 14:20:00;;VIA FILIPPO SERAFINI;all'intersezione con;VIA FRANCESCO BUONAMICI;VIA FRANCESCO BUONAMICI;;;Investimento di pedone;;;;;;;;;;1;0;0;1;;;0;;;;;;Pedone;1952;F;Rimandato;0;NON DECEDUTO;;
3679019;10;09/02/2018 14:20:00;;VIA FILIPPO SERAFINI;all'intersezione con;VIA FRANCESCO BUONAMICI;VIA FRANCESCO BUONAMICI;;;Investimento di pedone;;;;;;;;;;1;0;0;1;;;0;1;Autovettura privata;In marcia / fermata / arresto;Alfa Lancia;Y;Conducente;1962;F;Illeso;0;;;
3679031;10;10/02/2018 09:40:00;;VIA DEL PONTE DELLE SETTE MIGLIA;all'intersezione con;VIA LEOPOLDO MICUCCI;VIA LEOPOLDO MICUCCI;;;Scontro frontale/laterale DX fra veicoli in marcia;;;;;;;;;;2;0;0;1;;;0;1;Autovettura privata;In marcia / fermata / arresto;Peugeot;207 station wagon;Conducente;1989;M;Illeso;0;;;
3679031;10;10/02/2018 09:40:00;;VIA DEL PONTE DELLE SETTE MIGLIA;all'intersezione con;VIA LEOPOLDO MICUCCI;VIA LEOPOLDO MICUCCI;;;Scontro frontale/laterale DX fra veicoli in marcia;;;;;;;;;;2;0;0;1;;;0;2;Motociclo con passeggero;In marcia / fermata / arresto;Honda;PCX;Conducente;1983;M;Rimandato;0;NON DECEDUTO;;
3679031;10;10/02/2018 09:40:00;;VIA DEL PONTE DELLE SETTE MIGLIA;all'intersezione con;VIA LEOPOLDO MICUCCI;VIA LEOPOLDO MICUCCI;;;Scontro frontale/laterale DX fra veicoli in marcia;;;;;;;;;;2;0;0;1;;;0;2;Motociclo con passeggero;In marcia / fermata / arresto;Honda;PCX;Passeggero;1977;M;Rimandato;0;NON DECEDUTO;;
3679040;10;11/02/2018 10:45:00;;VIA TUSCOLANA;all'intersezione semaforizzata con;VIA DELLE CAPANNELLE;VIA DELLE CAPANNELLE;;;Scontro frontale/laterale SX fra veicoli in marcia;;;;;;;;;;1;0;0;2;;;0;1;Autovettura privata;In marcia / fermata / arresto;Peugeot;308 SW;Conducente;1956;M;Illeso;0;;;
3679040;10;11/02/2018 10:45:00;;VIA TUSCOLANA;all'intersezione semaforizzata con;VIA DELLE CAPANNELLE;VIA DELLE CAPANNELLE;;;Scontro frontale/laterale SX fra veicoli in marcia;;;;;;;;;;1;0;0;2;;;0;2;Autovettura privata;In marcia / fermata / arresto;Renault;Twingo;Conducente;1953;M;Illeso;0;;;
3679040;10;11/02/2018 10:45:00;;VIA TUSCOLANA;all'intersezione semaforizzata con;VIA DELLE CAPANNELLE;VIA DELLE CAPANNELLE;;;Scontro frontale/laterale SX fra veicoli in marcia;;;;;;;;;;1;0;0;2;;;0;2;Autovettura privata;In marcia / fermata / arresto;Renault;Twingo;Passeggero;1949;M;Rimandato;0;NON DECEDUTO;;
3679065;20;10/02/2018 20:00:00;Strada Urbana;PIAZZALE DI PONTE MILVIO;all'intersezione con;VIALE DI TOR DI QUINTO;VIALE DI TOR DI QUINTO;;;Scontro laterale fra veicoli in marcia;Incrocio;Due carreggiate;Asciutto;Asfaltata;Verticale;Sereno;Normale;Buona;Sufficiente;0;0;0;6;12,46606;41,93721;-1;1;Autovettura privata;In marcia / fermata / arresto;Volkswagen;Golf;Conducente;1972;M;Illeso;0;;Non accertato;
3679065;20;10/02/2018 20:00:00;Strada Urbana;PIAZZALE DI PONTE MILVIO;all'intersezione con;VIALE DI TOR DI QUINTO;VIALE DI TOR DI QUINTO;;;Scontro laterale fra veicoli in marcia;Incrocio;Due carreggiate;Asciutto;Asfaltata;Verticale;Sereno;Normale;Buona;Sufficiente;0;0;0;6;12,46606;41,93721;-1;1;Autovettura privata;In marcia / fermata / arresto;Volkswagen;Golf;Passeggero;1970;F;Illeso;0;;;
3679065;20;10/02/2018 20:00:00;Strada Urbana;PIAZZALE DI PONTE MILVIO;all'intersezione con;VIALE DI TOR DI QUINTO;VIALE DI TOR DI QUINTO;;;Scontro laterale fra veicoli in marcia;Incrocio;Due carreggiate;Asciutto;Asfaltata;Verticale;Sereno;Normale;Buona;Sufficiente;0;0;0;6;12,46606;41,93721;-1;1;Autovettura privata;In marcia / fermata / arresto;Volkswagen;Golf;Passeggero;1975;F;Illeso;0;;;
3679065;20;10/02/2018 20:00:00;Strada Urbana;PIAZZALE DI PONTE MILVIO;all'intersezione con;VIALE DI TOR DI QUINTO;VIALE DI TOR DI QUINTO;;;Scontro laterale fra veicoli in marcia;Incrocio;Due carreggiate;Asciutto;Asfaltata;Verticale;Sereno;Normale;Buona;Sufficiente;0;0;0;6;12,46606;41,93721;-1;1;Autovettura privata;In marcia / fermata / arresto;Volkswagen;Golf;Passeggero;2015;F;Illeso;0;;;
3679065;20;10/02/2018 20:00:00;Strada Urbana;PIAZZALE DI PONTE MILVIO;all'intersezione con;VIALE DI TOR DI QUINTO;VIALE DI TOR DI QUINTO;;;Scontro laterale fra veicoli in marcia;Incrocio;Due carreggiate;Asciutto;Asfaltata;Verticale;Sereno;Normale;Buona;Sufficiente;0;0;0;6;12,46606;41,93721;-1;2;Autovettura privata;In marcia / fermata / arresto;Peugeot;(non accertato);Conducente;1945;M;Illeso;0;;;
3679089;20;10/02/2018 19:45:00;Strada Urbana;VIA VITTORIO PICCININI;all'intersezione con;VIA CASSIA;VIA CASSIA;;;Scontro laterale fra veicoli in marcia;Intersezione stradale segnalata;Una carreggiata a senso unico di marcia;Asciutto;Asfaltata;Verticale ed orizzontale;Sereno;Normale;Buona;Sufficiente;0;0;0;4;;;0;1;Autovettura privata;In marcia / fermata / arresto;Ford;Fiesta;Conducente;1997;M;Illeso;0;;;
3679089;20;10/02/2018 19:45:00;Strada Urbana;VIA VITTORIO PICCININI;all'intersezione con;VIA CASSIA;VIA CASSIA;;;Scontro laterale fra veicoli in marcia;Intersezione stradale segnalata;Una carreggiata a senso unico di marcia;Asciutto;Asfaltata;Verticale ed orizzontale;Sereno;Normale;Buona;Sufficiente;0;0;0;4;;;0;1;Autovettura privata;In marcia / fermata / arresto;Ford;Fiesta;Passeggero;1999;F;Illeso;0;;;
3679089;20;10/02/2018 19:45:00;Strada Urbana;VIA VITTORIO PICCININI;all'intersezione con;VIA CASSIA;VIA CASSIA;;;Scontro laterale fra veicoli in marcia;Intersezione stradale segnalata;Una carreggiata a senso unico di marcia;Asciutto;Asfaltata;Verticale ed orizzontale;Sereno;Normale;Buona;Sufficiente;0;0;0;4;;;0;2;Autovettura privata;In marcia / fermata / arresto;Jeep;(ignoto);Conducente;1943;M;Illeso;0;;Non accertato;
3679090;6;11/02/2018 09:13:00;Strada Urbana;VIA CASILINA;all'intersezione semaforizzata con;VIA DI CENTOCELLE;VIA DI CENTOCELLE;;;Scontro frontale/laterale SX fra veicoli in marcia;Intersezione semaforizzata;Due carreggiate;Asciutto;Asfaltata;Verticale ed orizzontale;Sereno;Scarso;Buona;Ore Diurne;0;0;0;3;12,55304;41,87668;0;1;Autovettura privata;In marcia / fermata / arresto;Alfa Romeo;MITO;Conducente;1984;M;Illeso;0;;Utilizzato;Inesploso
3679090;6;11/02/2018 09:13:00;Strada Urbana;VIA CASILINA;all'intersezione semaforizzata con;VIA DI CENTOCELLE;VIA DI CENTOCELLE;;;Scontro frontale/laterale SX fra veicoli in marcia;Intersezione semaforizzata;Due carreggiate;Asciutto;Asfaltata;Verticale ed orizzontale;Sereno;Scarso;Buona;Ore Diurne;0;0;0;3;12,55304;41,87668;0;1;Autovettura privata;In marcia / fermata / arresto;Alfa Romeo;MITO;Passeggero;1953;F;Illeso;0;;Utilizzato;Inesploso
3679090;6;11/02/2018 09:13:00;Strada Urbana;VIA CASILINA;all'intersezione semaforizzata con;VIA DI CENTOCELLE;VIA DI CENTOCELLE;;;Scontro frontale/laterale SX fra veicoli in marcia;Intersezione semaforizzata;Due carreggiate;Asciutto;Asfaltata;Verticale ed orizzontale;Sereno;Scarso;Buona;Ore Diurne;0;0;0;3;12,55304;41,87668;0;2;Autovettura privata;In marcia / fermata / arresto;Fiat;Panda;Conducente;1939;M;Illeso;0;;Utilizzato;Inesploso
3679113;20;11/02/2018 00:50:00;Strada Urbana;CORSO DI FRANCIA;in corrispondenza;;del civico n.;200;;Scontro laterale fra veicoli in marcia;Curva a visuale libera;Due carreggiate;Asciutto;Asfaltata;Verticale ed orizzontale;Sereno;Normale;Buona;Sufficiente;0;0;0;4;12,46972;41,94444;0;1;Autovettura privata;In marcia / fermata / arresto;Volkswagen;Golf;Conducente;1995;M;Illeso;0;;Non accertato;
3679113;20;11/02/2018 00:50:00;Strada Urbana;CORSO DI FRANCIA;in corrispondenza;;del civico n.;200;;Scontro laterale fra veicoli in marcia;Curva a visuale libera;Due carreggiate;Asciutto;Asfaltata;Verticale ed orizzontale;Sereno;Normale;Buona;Sufficiente;0;0;0;4;12,46972;41,94444;0;1;Autovettura privata;In marcia / fermata / arresto;Volkswagen;Golf;Passeggero;1991;M;Illeso;0;;;
3679113;20;11/02/2018 00:50:00;Strada Urbana;CORSO DI FRANCIA;in corrispondenza;;del civico n.;200;;Scontro laterale fra veicoli in marcia;Curva a visuale libera;Due carreggiate;Asciutto;Asfaltata;Verticale ed orizzontale;Sereno;Normale;Buona;Sufficiente;0;0;0;4;12,46972;41,94444;0;2;Autovettura privata;In marcia / fermata / arresto;Mini;One;Conducente;1941;M;Illeso;0;;Non accertato;
3679113;20;11/02/2018 00:50:00;Strada Urbana;CORSO DI FRANCIA;in corrispondenza;;del civico n.;200;;Scontro laterale fra veicoli in marcia;Curva a visuale libera;Due carreggiate;Asciutto;Asfaltata;Verticale ed orizzontale;Sereno;Normale;Buona;Sufficiente;0;0;0;4;12,46972;41,94444;0;2;Autovettura privata;In marcia / fermata / arresto;Mini;One;Passeggero;1939;F;Illeso;0;;;
3679119;17;11/02/2018 12:50:00;Strada Urbana;VIA FABIO MASSIMO;in prossimità;;del civico n.;80;;Tamponamento;Rettilineo;Una carreggiata a senso unico di marcia;Asciutto;Asfaltata;Verticale ed orizzontale;Sereno;Normale;Buona;Ore Diurne;0;0;0;6;12,46182;41,90981;0;1;Autovettura privata;In marcia / fermata / arresto;Mercedes;AMG C 43;Conducente;1974;M;Illeso;0;;;
3679119;17;11/02/2018 12:50:00;Strada Urbana;VIA FABIO MASSIMO;in prossimità;;del civico n.;80;;Tamponamento;Rettilineo;Una carreggiata a senso unico di marcia;Asciutto;Asfaltata;Verticale ed orizzontale;Sereno;Normale;Buona;Ore Diurne;0;0;0;6;12,46182;41,90981;0;1;Autovettura privata;In marcia / fermata / arresto;Mercedes;AMG C 43;Passeggero;1980;F;Illeso;0;;Non accertato;Inesploso
3679119;17;11/02/2018 12:50:00;Strada Urbana;VIA FABIO MASSIMO;in prossimità;;del civico n.;80;;Tamponamento;Rettilineo;Una carreggiata a senso unico di marcia;Asciutto;Asfaltata;Verticale ed orizzontale;Sereno;Normale;Buona;Ore Diurne;0;0;0;6;12,46182;41,90981;0;2;Autovettura privata;In marcia / fermata / arresto;Volkswagen;Polo;Conducente;1990;M;Illeso;0;;Non accertato;Inesploso
3679119;17;11/02/2018 12:50:00;Strada Urbana;VIA FABIO MASSIMO;in prossimità;;del civico n.;80;;Tamponamento;Rettilineo;Una carreggiata a senso unico di marcia;Asciutto;Asfaltata;Verticale ed orizzontale;Sereno;Normale;Buona;Ore Diurne;0;0;0;6;12,46182;41,90981;0;2;Autovettura privata;In marcia / fermata / arresto;Volkswagen;Polo;Passeggero;1960;M;Illeso;0;;Non accertato;Inesploso
3679119;17;11/02/2018 12:50:00;Strada Urbana;VIA FABIO MASSIMO;in prossimità;;del civico n.;80;;Tamponamento;Rettilineo;Una carreggiata a senso unico di marcia;Asciutto;Asfaltata;Verticale ed orizzontale;Sereno;Normale;Buona;Ore Diurne;0;0;0;6;12,46182;41,90981;0;2;Autovettura privata;In marcia / fermata / arresto;Volkswagen;Polo;Passeggero;1969;F;Illeso;0;;Non accertato;Inesploso
3679119;17;11/02/2018 12:50:00;Strada Urbana;VIA FABIO MASSIMO;in prossimità;;del civico n.;80;;Tamponamento;Rettilineo;Una carreggiata a senso unico di marcia;Asciutto;Asfaltata;Verticale ed orizzontale;Sereno;Normale;Buona;Ore Diurne;0;0;0;6;12,46182;41,90981;0;2;Autovettura privata;In marcia / fermata / arresto;Volkswagen;Polo;Passeggero;1995;F;Illeso;0;;Non accertato;Inesploso
3679137;20;11/02/2018 05:30:00;Strada Urbana;VIA DEI DUE PONTI;in corrispondenza;;del palo luce n.;100;;Veicolo in marcia contro ostacolo fisso;Curva senza visuale libera;Una carreggiata a doppio senso;Asciutto;Asfaltata;Orizzontale;Sereno;Scarso;Sufficiente;Sufficiente;0;0;0;1;;;0;1;Autovettura privata;In marcia / fermata / arresto;BMW;730;Conducente;1988;M;Illeso;0;;Non accertato;Esploso
3679158;20;10/02/2018 11:00:00;Strada Urbana;VIA DI GROTTAROSSA;in corrispondenza;;del civico n.;f.c.207;;Scontro laterale fra veicoli in marcia;Rettilineo;Una carreggiata a doppio senso;Asciutto;Asfaltata;Verticale;Sereno;Normale;Buona;Ore Diurne;1;0;0;1;;;0;1;Autovettura privata;In marcia / fermata / arresto;Skoda;(ignoto);Conducente;1936;M;Illeso;0;;Non accertato;
3679158;20;10/02/2018 11:00:00;Strada Urbana;VIA DI GROTTAROSSA;in corrispondenza;;del civico n.;f.c.207;;Scontro laterale fra veicoli in marcia;Rettilineo;Una carreggiata a doppio senso;Asciutto;Asfaltata;Verticale;Sereno;Normale;Buona;Ore Diurne;1;0;0;1;;;0;2;Motociclo a solo;In marcia / fermata / arresto;Yamaha;X MAX;Conducente;1981;M;Rimandato;0;NON DECEDUTO;;
3679185;15;10/02/2018 11:00:00;;VIA DI MONTE STALLONARA;da specificare;;;;prossimità ingresso "Parco dell pace";Veicolo in marcia contro ostacolo accidentale;;;;;;;;;;0;0;0;2;;;0;1;Autovettura privata;In marcia / fermata / arresto;Ford;Fiesta;Conducente;0;M;Illeso;0;;;
3679185;15;10/02/2018 11:00:00;;VIA DI MONTE STALLONARA;da specificare;;;;prossimità ingresso "Parco dell pace";Veicolo in marcia contro ostacolo accidentale;;;;;;;;;;0;0;0;2;;;0;1;Autovettura privata;In marcia / fermata / arresto;Ford;Fiesta;Passeggero;0;F;Illeso;0;;;
3679198;15;10/02/2018 12:25:00;;VIA PORTUENSE;in prossimità;;del civico n.;240;;Scontro laterale fra veicoli in marcia;;;;;;;;;;1;0;0;2;12,46037;41,86601;0;1;Motociclo a solo;In marcia / fermata / arresto;Honda;SH 300;Conducente;0;M;Rifiuta cure immediate;0;NON DECEDUTO;;
3679198;15;10/02/2018 12:25:00;;VIA PORTUENSE;in prossimità;;del civico n.;240;;Scontro laterale fra veicoli in marcia;;;;;;;;;;1;0;0;2;12,46037;41,86601;0;2;Autovettura privata;In marcia / fermata / arresto;Fiat;Panda;Conducente;0;M;Illeso;0;;;
3679198;15;10/02/2018 12:25:00;;VIA PORTUENSE;in prossimità;;del civico n.;240;;Scontro laterale fra veicoli in marcia;;;;;;;;;;1;0;0;2;12,46037;41,86601;0;2;Autovettura privata;In marcia / fermata / arresto;Fiat;Panda;Passeggero;0;F;Illeso;0;;;
3679207;15;10/02/2018 13:25:00;;VIA DELLA MAGLIANA;in corrispondenza;;del palo luce n.;296;;Tamponamento Multiplo;;;;;;;;;;0;0;0;5;;;0;1;Autovettura privata;In marcia / fermata / arresto;Audi;A 4;Conducente;0;M;Illeso;0;;;
3679207;15;10/02/2018 13:25:00;;VIA DELLA MAGLIANA;in corrispondenza;;del palo luce n.;296;;Tamponamento Multiplo;;;;;;;;;;0;0;0;5;;;0;1;Autovettura privata;In marcia / fermata / arresto;Audi;A 4;Passeggero;0;M;Illeso;0;;;
3679207;15;10/02/2018 13:25:00;;VIA DELLA MAGLIANA;in corrispondenza;;del palo luce n.;296;;Tamponamento Multiplo;;;;;;;;;;0;0;0;5;;;0;2;Autovettura privata;In marcia / fermata / arresto;Fiat;Panda;Conducente;0;M;Illeso;0;;;
3679207;15;10/02/2018 13:25:00;;VIA DELLA MAGLIANA;in corrispondenza;;del palo luce n.;296;;Tamponamento Multiplo;;;;;;;;;;0;0;0;5;;;0;2;Autovettura privata;In marcia / fermata / arresto;Fiat;Panda;Passeggero;0;F;Illeso;0;;;
3679207;15;10/02/2018 13:25:00;;VIA DELLA MAGLIANA;in corrispondenza;;del palo luce n.;296;;Tamponamento Multiplo;;;;;;;;;;0;0;0;5;;;0;3;Autobus urbano;In marcia / fermata / arresto;Iveco;Irisbus;Conducente;0;M;Illeso;0;;;
3679216;2;11/02/2018 16:00:00;Strada Urbana;CIRCONVALLAZIONE SALARIA;da specificare;;;;dir s. Giovanni alt. quadrifoglio Salaria;Ribaltamento senza urto contro ostacolo fisso;Curva a visuale libera;Più di due carreggiate;Asciutto;Asfaltata;Verticale ed orizzontale;Sereno;Normale;Buona;Ore Diurne;1;0;0;0;;;0;1;Motociclo a solo;In marcia / fermata / arresto;Husquarna;(non accertato);Conducente;2000;M;Rimandato;0;NON DECEDUTO;;
3679228;15;10/02/2018 18:00:00;;VIA DEL FOSSO DELLA MAGLIANA;da specificare;;;;FRONTE CIV. 18;Veicolo in marcia contro ostacolo accidentale;;;;;;;;;;0;0;0;2;;;0;1;Autovettura privata;In marcia / fermata / arresto;Citroen;C 3;Conducente;0;F;Illeso;0;;;
3679228;15;10/02/2018 18:00:00;;VIA DEL FOSSO DELLA MAGLIANA;da specificare;;;;FRONTE CIV. 18;Veicolo in marcia contro ostacolo accidentale;;;;;;;;;;0;0;0;2;;;0;1;Autovettura privata;In marcia / fermata / arresto;Citroen;C 3;Passeggero;0;M;Illeso;0;;;
3679232;7;11/02/2018 16:10:00;Strada Urbana;VIA MANFREDONIA;all'intersezione con;VIA CONVERSANO;VIA CONVERSANO;;;Scontro frontale/laterale SX fra veicoli in marcia;Incrocio;Una carreggiata a doppio senso;Asciutto;Asfaltata;Verticale ed orizzontale;Sereno;Normale;Buona;Ore Diurne;0;0;0;2;12,57682;41,89308;0;1;Autovettura privata;In marcia / fermata / arresto;Fiat;600;Conducente;1974;M;Illeso;0;;;
3679232;7;11/02/2018 16:10:00;Strada Urbana;VIA MANFREDONIA;all'intersezione con;VIA CONVERSANO;VIA CONVERSANO;;;Scontro frontale/laterale SX fra veicoli in marcia;Incrocio;Una carreggiata a doppio senso;Asciutto;Asfaltata;Verticale ed orizzontale;Sereno;Normale;Buona;Ore Diurne;0;0;0;2;12,57682;41,89308;0;1;Autovettura privata;In marcia / fermata / arresto;Fiat;600;Passeggero;1973;F;Illeso;0;;;
3679272;6;11/02/2018 15:45:00;Strada Urbana;VIALE DELLA SERENISSIMA;in prossimità;;del civico n.;42;;Scontro frontale/laterale SX fra veicoli in marcia;Rettilineo;Più di due carreggiate;Asciutto;Asfaltata;Assente;Sereno;Scarso;Buona;Ore Diurne;2;0;0;1;;;0;1;Motociclo a solo;In marcia / fermata / arresto;Harley Davidson;XLX 1200;Conducente;1983;M;Rifiuta cure immediate;0;NON DECEDUTO;;
3679272;6;11/02/2018 15:45:00;Strada Urbana;VIALE DELLA SERENISSIMA;in prossimità;;del civico n.;42;;Scontro frontale/laterale SX fra veicoli in marcia;Rettilineo;Più di due carreggiate;Asciutto;Asfaltata;Assente;Sereno;Scarso;Buona;Ore Diurne;2;0;0;1;;;0;1;Motociclo a solo;In marcia / fermata / arresto;Harley Davidson;XLX 1200;Passeggero;1984;F;Rifiuta cure immediate;0;NON DECEDUTO;;
3679272;6;11/02/2018 15:45:00;Strada Urbana;VIALE DELLA SERENISSIMA;in prossimità;;del civico n.;42;;Scontro frontale/laterale SX fra veicoli in marcia;Rettilineo;Più di due carreggiate;Asciutto;Asfaltata;Assente;Sereno;Scarso;Buona;Ore Diurne;2;0;0;1;;;0;2;Autovettura privata;In marcia / fermata / arresto;Volkswagen;Passat;Conducente;1978;F;Illeso;0;;;
3679282;7;11/02/2018 14:15:00;Strada Urbana;VIALE DELLE ORCHIDEE;all'intersezione con;VIA DELLE PALME;VIA DELLE PALME;;;Scontro frontale/laterale SX fra veicoli in marcia;Incrocio;Una carreggiata a senso unico di marcia;Asciutto;Asfaltata;Verticale ed orizzontale;Sereno;Normale;Buona;Ore Diurne;2;0;0;1;12,569;41,89015;0;1;Autovettura privata;In marcia / fermata / arresto;Kia;Sportage;Conducente;1968;M;Illeso;0;;;
3679282;7;11/02/2018 14:15:00;Strada Urbana;VIALE DELLE ORCHIDEE;all'intersezione con;VIA DELLE PALME;VIA DELLE PALME;;;Scontro frontale/laterale SX fra veicoli in marcia;Incrocio;Una carreggiata a senso unico di marcia;Asciutto;Asfaltata;Verticale ed orizzontale;Sereno;Normale;Buona;Ore Diurne;2;0;0;1;12,569;41,89015;0;2;Autovettura privata;In marcia / fermata / arresto;Fiat;Punto;Conducente;1983;M;Rimandato;0;NON DECEDUTO;;
3679282;7;11/02/2018 14:15:00;Strada Urbana;VIALE DELLE ORCHIDEE;all'intersezione con;VIA DELLE PALME;VIA DELLE PALME;;;Scontro frontale/laterale SX fra veicoli in marcia;Incrocio;Una carreggiata a senso unico di marcia;Asciutto;Asfaltata;Verticale ed orizzontale;Sereno;Normale;Buona;Ore Diurne;2;0;0;1;12,569;41,89015;0;2;Autovettura privata;In marcia / fermata / arresto;Fiat;Punto;Passeggero;0;M;Rimandato;0;NON DECEDUTO;;