Protocollo;Gruppo;DataOraIncidente;Localizzazione1;STRADA1;Localizzazione2;STRADA2;Strada02;Chilometrica;DaSpecificare;NaturaIncidente;particolaritastrade;TipoStrada;FondoStradale;Pavimentazione;Segnaletica;CondizioneAtmosferica;Traffico;Visibilita;Illuminazione;NUM_FERITI;NUM_RISERVATA;NUM_MORTI;NUM_ILLESI;Longitudine;Latitudine;Confermato;Progressivo;TipoVeicolo;StatoVeicolo;Marca;Modello;TipoPersona;AnnoNascita;Sesso;Tipolesione;Deceduto;DecedutoDopo;CinturaCascoUtilizzato;Airbag;
3680427;1;12/02/2018 07:55:00;Strada Urbana;LARGO DI TORRE ARGENTINA;da specificare;;;;torre argentina;Scontro laterale fra veicoli in marcia;;Due carreggiate;Bagnato (pioggia);Asfaltata;Verticale ed orizzontale;Nuvoloso;Normale;Buona;Ore Diurne;1;0;0;1;12,47692;41,89592;0;2;Motociclo a solo;In marcia / fermata / arresto;Piaggio;Liberty;Conducente;1987;M;Ricoverato;0;NON DECEDUTO;;
3680432;6;12/02/2018 12:30:00;Strada Urbana;PIAZZA DEI GEOGRAFI;in prossimità;;del civico n.;fr. 14;;Veicolo in marcia contro veicolo in sosta;Rettilineo;Una carreggiata a senso unico di marcia;Asciutto;Asfaltata;Assente;Nuvoloso;Scarso;Buona;Ore Diurne;0;0;0;1;12,54032;41,88286;0;2;Autovettura privata;In marcia / fermata / arresto;Citroen;C3;Conducente;1949;M;Illeso;0;;;
3680524;16;09/02/2018 11:45:00;;VIA ALESSANDRO POERIO;da specificare;;;;altezza fronte civico 73;Investimento di pedone;;;;;;;;;;1;0;0;1;;;0;;;;;;Pedone;0;F;Rimandato;0;NON DECEDUTO;;
3680524;16;09/02/2018 11:45:00;;VIA ALESSANDRO POERIO;da specificare;;;;altezza fronte civico 73;Investimento di pedone;;;;;;;;;;1;0;0;1;;;0;1;Autovettura privata;In marcia / fermata / arresto;Fiat;Panda;Conducente;0;F;Illeso;0;;;
3680558;16;09/02/2018 15:10:00;;LARGO VOLONTARI DEL SANGUE;all'intersezione semaforizzata con;VIA PORTUENSE;VIA PORTUENSE;;;Scontro frontale/laterale SX fra veicoli in marcia;;;;;;;;;;0;0;0;2;;;0;1;Autovettura privata;In marcia / fermata / arresto;Ford;Focus;Conducente;0;M;Illeso;0;;;
3680558;16;09/02/2018 15:10:00;;LARGO VOLONTARI DEL SANGUE;all'intersezione semaforizzata con;VIA PORTUENSE;VIA PORTUENSE;;;Scontro frontale/laterale SX fra veicoli in marcia;;;;;;;;;;0;0;0;2;;;0;2;Autovettura privata;In marcia / fermata / arresto;Fiat;Panda;Conducente;0;M;Illeso;0;;;
3680568;17;12/02/2018 12:30:00;Strada Urbana;PIAZZALE CLODIO;in prossimità;;del civico n.;fc14;;Veicolo in marcia contro veicolo in sosta;Rettilineo;Due carreggiate;Bagnato (pioggia);Asfaltata;Verticale ed orizzontale;Nuvoloso;Normale;Buona;Ore Diurne;0;0;0;1;;;0;1;Autovettura privata;In marcia / fermata / arresto;Fiat;Panda;Conducente;1994;F;Illeso;0;;;
3680577;16;09/02/2018 17:00:00;;VIA DEGLI STRADIVARI;in corrispondenza;;del civico n.;1;;Investimento di pedone;;;;;;;;;;2;0;0;1;;;0;;;;;;Pedone;0;F;Rimandato;0;NON DECEDUTO;;
3680577;16;09/02/2018 17:00:00;;VIA DEGLI STRADIVARI;in corrispondenza;;del civico n.;1;;Investimento di pedone;;;;;;;;;;2;0;0;1;;;0;;;;;;Pedone;0;M;Illeso;0;;;
3680577;16;09/02/2018 17:00:00;;VIA DEGLI STRADIVARI;in corrispondenza;;del civico n.;1;;Investimento di pedone;;;;;;;;;;2;0;0;1;;;0;1;Motociclo a solo;In marcia / fermata / arresto;Yamaha;X-City;Conducente;1966;M;Rimandato;0;NON DECEDUTO;;
3680612;4;12/02/2018 09:45:00;Provinciale entro l'abitato;VIA NOMENTANA;in corrispondenza;;del civico n.;527/A;;Scontro laterale fra veicoli in marcia;Rettilineo;Più di due carreggiate;Bagnato (pioggia);Asfaltata;Verticale ed orizzontale;Pioggia in atto;Intenso;Buona;Ore Diurne;1;1;0;2;12,6207;41,9975;0;1;Autovettura privata;In marcia / fermata / arresto;Chrysler;JEEP CRD;Conducente;1952;M;Prognosi riservata;0;NON DECEDUTO;;
3680612;4;12/02/2018 09:45:00;Provinciale entro l'abitato;VIA NOMENTANA;in corrispondenza;;del civico n.;527/A;;Scontro laterale fra veicoli in marcia;Rettilineo;Più di due carreggiate;Bagnato (pioggia);Asfaltata;Verticale ed orizzontale;Pioggia in atto;Intenso;Buona;Ore Diurne;1;1;0;2;12,6207;41,9975;0;3;Autovettura privata;In marcia / fermata / arresto;Volkswagen;Golf;Conducente;1979;M;Illeso;0;;;
3680612;4;12/02/2018 09:45:00;Provinciale entro l'abitato;VIA NOMENTANA;in corrispondenza;;del civico n.;527/A;;Scontro laterale fra veicoli in marcia;Rettilineo;Più di due carreggiate;Bagnato (pioggia);Asfaltata;Verticale ed orizzontale;Pioggia in atto;Intenso;Buona;Ore Diurne;1;1;0;2;12,6207;41,9975;0;4;Autovettura privata;In marcia / fermata / arresto;Chrysler;Touring Edition;Conducente;1955;M;Rimandato;0;NON DECEDUTO;Non accertato;Inesploso
3680612;4;12/02/2018 09:45:00;Provinciale entro l'abitato;VIA NOMENTANA;in corrispondenza;;del civico n.;527/A;;Scontro laterale fra veicoli in marcia;Rettilineo;Più di due carreggiate;Bagnato (pioggia);Asfaltata;Verticale ed orizzontale;Pioggia in atto;Intenso;Buona;Ore Diurne;1;1;0;2;12,6207;41,9975;0;5;Autovettura privata;In marcia / fermata / arresto;Fiat;Qubo;Conducente;1959;M;Illeso;0;;Non accertato;Inesploso
3680653;12;09/02/2018 10:58:00;Strada Urbana;VIA CESARE FRUGONI;all'intersezione con;VIA OSTIENSE;VIA OSTIENSE;;;Tamponamento;Incrocio;Una carreggiata a doppio senso;Asciutto;Asfaltata;Verticale ed orizzontale;Sereno;Normale;Buona;Ore Diurne;0;0;0;2;12,46611;41,84089;-1;1;Autovettura privata;In marcia / fermata / arresto;Peugeot;(non accertato);Conducente;1945;M;Illeso;0;;Utilizzato;Inesploso
3680653;12;09/02/2018 10:58:00;Strada Urbana;VIA CESARE FRUGONI;all'intersezione con;VIA OSTIENSE;VIA OSTIENSE;;;Tamponamento;Incrocio;Una carreggiata a doppio senso;Asciutto;Asfaltata;Verticale ed orizzontale;Sereno;Normale;Buona;Ore Diurne;0;0;0;2;12,46611;41,84089;-1;2;Autovettura privata;In marcia / fermata / arresto;Mercedes;Smart For Two;Conducente;1986;M;Illeso;0;;Utilizzato;Inesploso
3680660;13;12/02/2018 16:00:00;Strada Urbana;VIA DI TOR BOACCIANA;da specificare;;;;altezza via del Ponte di Tor Boacciana;Tamponamento;Rettilineo;Una carreggiata a doppio senso;Asciutto;Asfaltata;Verticale ed orizzontale;Nuvoloso;Normale;Buona;Ore Diurne;0;0;0;4;12,27887;41,7531;0;1;Autovettura privata;In marcia / fermata / arresto;Renault;Megane;Conducente;1967;M;Illeso;0;;Non accertato;Inesploso
3680660;13;12/02/2018 16:00:00;Strada Urbana;VIA DI TOR BOACCIANA;da specificare;;;;altezza via del Ponte di Tor Boacciana;Tamponamento;Rettilineo;Una carreggiata a doppio senso;Asciutto;Asfaltata;Verticale ed orizzontale;Nuvoloso;Normale;Buona;Ore Diurne;0;0;0;4;12,27887;41,7531;0;1;Autovettura privata;In marcia / fermata / arresto;Renault;Megane;Passeggero;1978;F;Illeso;0;;Non accertato;Inesploso
3680660;13;12/02/2018 16:00:00;Strada Urbana;VIA DI TOR BOACCIANA;da specificare;;;;altezza via del Ponte di Tor Boacciana;Tamponamento;Rettilineo;Una carreggiata a doppio senso;Asciutto;Asfaltata;Verticale ed orizzontale;Nuvoloso;Normale;Buona;Ore Diurne;0;0;0;4;12,27887;41,7531;0;1;Autovettura privata;In marcia / fermata / arresto;Renault;Megane;Passeggero;2012;M;Illeso;0;;Non accertato;Inesistente
3680660;13;12/02/2018 16:00:00;Strada Urbana;VIA DI TOR BOACCIANA;da specificare;;;;altezza via del Ponte di Tor Boacciana;Tamponamento;Rettilineo;Una carreggiata a doppio senso;Asciutto;Asfaltata;Verticale ed orizzontale;Nuvoloso;Normale;Buona;Ore Diurne;0;0;0;4;12,27887;41,7531;0;2;Autovettura privata;In marcia / fermata / arresto;Fiat;Panda;Conducente;1993;F;Illeso;0;;Non utilizzato;Inesploso
3680770;6;12/02/2018 12:10:00;Strada Urbana;VIA DEGLI ANGELI;in corrispondenza;;del civico n.;167/A;;Tamponamento Multiplo;Rettilineo;Una carreggiata a doppio senso;Asciutto;Asfaltata;Orizzontale;Nuvoloso;Normale;Buona;Ore Diurne;1;0;0;3;12,54632;41,87256;0;1;Autovettura privata;In marcia / fermata / arresto;Dacia;Sandero;Conducente;1992;M;Illeso;0;;;
3680770;6;12/02/2018 12:10:00;Strada Urbana;VIA DEGLI ANGELI;in corrispondenza;;del civico n.;167/A;;Tamponamento Multiplo;Rettilineo;Una carreggiata a doppio senso;Asciutto;Asfaltata;Orizzontale;Nuvoloso;Normale;Buona;Ore Diurne;1;0;0;3;12,54632;41,87256;0;2;Autovettura privata;In marcia / fermata / arresto;Volkswagen;Polo;Conducente;1959;F;Illeso;0;;;
3680770;6;12/02/2018 12:10:00;Strada Urbana;VIA DEGLI ANGELI;in corrispondenza;;del civico n.;167/A;;Tamponamento Multiplo;Rettilineo;Una carreggiata a doppio senso;Asciutto;Asfaltata;Orizzontale;Nuvoloso;Normale;Buona;Ore Diurne;1;0;0;3;12,54632;41,87256;0;3;Autovettura privata;In marcia / fermata / arresto;Renault;Clio;Conducente;1993;M;Rifiuta cure immediate;0;NON DECEDUTO;;
3680770;6;12/02/2018 12:10:00;Strada Urbana;VIA DEGLI ANGELI;in corrispondenza;;del civico n.;167/A;;Tamponamento Multiplo;Rettilineo;Una carreggiata a doppio senso;Asciutto;Asfaltata;Orizzontale;Nuvoloso;Normale;Buona;Ore Diurne;1;0;0;3;12,54632;41,87256;0;4;Autocarro inferiore 35 q.;In marcia / fermata / arresto;Fiat;Doblo';Conducente;1965;M;Illeso;0;;;
3680789;16;09/02/2018 19:30:00;;VIA DI MALAGROTTA;in corrispondenza;;del civico n.;181;;Tamponamento;;;;;;;;;;0;0;0;2;;;0;1;Autovettura privata;In marcia / fermata / arresto;Fiat;Doblò;Conducente;0;M;Illeso;0;;;
3680789;16;09/02/2018 19:30:00;;VIA DI MALAGROTTA;in corrispondenza;;del civico n.;181;;Tamponamento;;;;;;;;;;0;0;0;2;;;0;2;Autovettura privata;In marcia / fermata / arresto;Ford;Focus;Conducente;0;M;Illeso;0;;;
3680791;13;12/02/2018 17:00:00;Strada Urbana;LUNGOMARE DUILIO;in corrispondenza;;del civico n.;30;;Tamponamento;Rettilineo;Due carreggiate;Asciutto;Asfaltata;Verticale ed orizzontale;Sereno;Normale;Buona;Ore Diurne;2;0;0;1;12,2981;41,72145;0;1;Autovettura privata;In marcia / fermata / arresto;Lancia;Ypsilon;Conducente;1986;M;Illeso;0;;Non accertato;Inesploso
3680791;13;12/02/2018 17:00:00;Strada Urbana;LUNGOMARE DUILIO;in corrispondenza;;del civico n.;30;;Tamponamento;Rettilineo;Due carreggiate;Asciutto;Asfaltata;Verticale ed orizzontale;Sereno;Normale;Buona;Ore Diurne;2;0;0;1;12,2981;41,72145;0;2;Motociclo con passeggero;In marcia / fermata / arresto;Honda;SH 300;Conducente;1996;M;Rimandato;0;NON DECEDUTO;Utilizzato;
3680791;13;12/02/2018 17:00:00;Strada Urbana;LUNGOMARE DUILIO;in corrispondenza;;del civico n.;30;;Tamponamento;Rettilineo;Due carreggiate;Asciutto;Asfaltata;Verticale ed orizzontale;Sereno;Normale;Buona;Ore Diurne;2;0;0;1;12,2981;41,72145;0;2;Motociclo con passeggero;In marcia / fermata / arresto;Honda;SH 300;Passeggero;1993;M;Rimandato;0;NON DECEDUTO;Utilizzato;
3680823;16;09/02/2018 23:00:00;;VIALE DELLE MURA GIANICOLENSI;da specificare;;;;altezza fronte civico 96;Veicolo in marcia contro veicolo arresto;;;;;;;;;;0;0;0;2;;;0;1;Autovettura privata;In marcia / fermata / arresto;Volkswagen;Polo;Conducente;0;F;Illeso;0;;;
3680823;16;09/02/2018 23:00:00;;VIALE DELLE MURA GIANICOLENSI;da specificare;;;;altezza fronte civico 96;Veicolo in marcia contro veicolo arresto;;;;;;;;;;0;0;0;2;;;0;2;Autovettura privata;In marcia / fermata / arresto;Fiat;Croma;Conducente;0;M;Illeso;0;;;
3680842;16;10/02/2018 14:00:00;;VIA DELLA PISANA;all'intersezione con;VIA DI BRAVA;VIA DI BRAVA;;;Scontro frontale/laterale SX fra veicoli in marcia;;;;;;;;;;0;0;0;5;;;0;1;Autocarro inferiore 35 q.;In marcia / fermata / arresto;Daimlerchrysler;Sprinter;Conducente;0;M;Illeso;0;;;
3680842;16;10/02/2018 14:00:00;;VIA DELLA PISANA;all'intersezione con;VIA DI BRAVA;VIA DI BRAVA;;;Scontro frontale/laterale SX fra veicoli in marcia;;;;;;;;;;0;0;0;5;;;0;2;Autovettura privata;In marcia / fermata / arresto;Volkswagen;FOX;Conducente;0;M;Illeso;0;;;
3680842;16;10/02/2018 14:00:00;;VIA DELLA PISANA;all'intersezione con;VIA DI BRAVA;VIA DI BRAVA;;;Scontro frontale/laterale SX fra veicoli in marcia;;;;;;;;;;0;0;0;5;;;0;2;Autovettura privata;In marcia / fermata / arresto;Volkswagen;FOX;Passeggero;0;F;Illeso;0;;;
3680842;16;10/02/2018 14:00:00;;VIA DELLA PISANA;all'intersezione con;VIA DI BRAVA;VIA DI BRAVA;;;Scontro frontale/laterale SX fra veicoli in marcia;;;;;;;;;;0;0;0;5;;;0;2;Autovettura privata;In marcia / fermata / arresto;Volkswagen;FOX;Passeggero;0;M;Illeso;0;;;
3680848;16;10/02/2018 15:15:00;;VIA LEONE XIII;in prossimità;;del civico n.;30;;Scontro laterale fra veicoli in marcia;;;;;;;;;;0;0;0;2;;;0;1;Autovettura privata;In marcia / fermata / arresto;Nissan;QASHQAI;Conducente;0;M;Illeso;0;;;
3680848;16;10/02/2018 15:15:00;;VIA LEONE XIII;in prossimità;;del civico n.;30;;Scontro laterale fra veicoli in marcia;;;;;;;;;;0;0;0;2;;;0;2;Autovettura privata;In marcia / fermata / arresto;Lancia;Ypsilon;Conducente;0;M;Illeso;0;;;
3680852;16;10/02/2018 13:30:00;;CIRCONVALLAZIONE GIANICOLENSE;in prossimità;;del civico n.;193;;Tamponamento Multiplo;;;;;;;;;;1;0;0;4;;;0;1;Autovettura privata;In marcia / fermata / arresto;Nissan;Micra;Conducente;0;F;Illeso;0;;;
3680852;16;10/02/2018 13:30:00;;CIRCONVALLAZIONE GIANICOLENSE;in prossimità;;del civico n.;193;;Tamponamento Multiplo;;;;;;;;;;1;0;0;4;;;0;2;Autovettura privata;In marcia / fermata / arresto;Toyota;Yaris;Conducente;0;M;Illeso;0;;;
3680852;16;10/02/2018 13:30:00;;CIRCONVALLAZIONE GIANICOLENSE;in prossimità;;del civico n.;193;;Tamponamento Multiplo;;;;;;;;;;1;0;0;4;;;0;2;Autovettura privata;In marcia / fermata / arresto;Toyota;Yaris;Passeggero;0;F;Illeso;0;;;
3680852;16;10/02/2018 13:30:00;;CIRCONVALLAZIONE GIANICOLENSE;in prossimità;;del civico n.;193;;Tamponamento Multiplo;;;;;;;;;;1;0;0;4;;;0;2;Autovettura privata;In marcia / fermata / arresto;Toyota;Yaris;Passeggero;0;M;Illeso;0;;;
3680852;16;10/02/2018 13:30:00;;CIRCONVALLAZIONE GIANICOLENSE;in prossimità;;del civico n.;193;;Tamponamento Multiplo;;;;;;;;;;1;0;0;4;;;0;3;Autovettura privata;In marcia / fermata / arresto;Citroen;C 3;Conducente;0;F;Rimandato;0;NON DECEDUTO;;
3680886;18;12/02/2018 18:50:00;Strada Urbana;PIAZZA IRNERIO;in corrispondenza;;del civico n.;42;;Veicolo in marcia contro veicolo fermo;Rettilineo;Più di due carreggiate;Asciutto;Asfaltata;Verticale ed orizzontale;Nuvoloso;Normale;Sufficiente;Sufficiente;0;0;0;2;12,42995;41,89822;0;1;Autovettura pubblica;In marcia / fermata / arresto;Mercedes;C220 CDI;Conducente;1960;M;Illeso;0;;Non accertato;Inesploso
3680886;18;12/02/2018 18:50:00;Strada Urbana;PIAZZA IRNERIO;in corrispondenza;;del civico n.;42;;Veicolo in marcia contro veicolo fermo;Rettilineo;Più di due carreggiate;Asciutto;Asfaltata;Verticale ed orizzontale;Nuvoloso;Normale;Sufficiente;Sufficiente;0;0;0;2;12,42995;41,89822;0;2;Autovettura privata;In marcia / fermata / arresto;Lancia;Ypsilon;Conducente;1979;F;Illeso;0;;Non accertato;Inesploso
3680889;15;12/02/2018 12:30:00;;VIA FRANCESCO GRIMALDI;in corrispondenza;;del civico n.;102;;Investimento di pedone;;;;;;;;;;1;0;0;1;;;0;;;;;;Pedone;1994;F;Rifiuta cure immediate;0;NON DECEDUTO;;
3680889;15;12/02/2018 12:30:00;;VIA FRANCESCO GRIMALDI;in corrispondenza;;del civico n.;102;;Investimento di pedone;;;;;;;;;;1;0;0;1;;;0;1;Autovettura privata;In marcia / fermata / arresto;Land Rover;Range Rover;Conducente;0;M;Illeso;0;;;
3680894;15;12/02/2018 10:30:00;;VIA QUIRINO MAJORANA;all'intersezione semaforizzata con;VIA ODERISI DA GUBBIO;VIA ODERISI DA GUBBIO;;;Scontro laterale fra veicoli in marcia;;;;;;;;;;0;0;0;3;;;0;1;Veicolo speciale;In marcia / fermata / arresto;Iveco;stralis;Conducente;0;M;Illeso;0;;;
3680894;15;12/02/2018 10:30:00;;VIA QUIRINO MAJORANA;all'intersezione semaforizzata con;VIA ODERISI DA GUBBIO;VIA ODERISI DA GUBBIO;;;Scontro laterale fra veicoli in marcia;;;;;;;;;;0;0;0;3;;;0;1;Veicolo speciale;In marcia / fermata / arresto;Iveco;stralis;Passeggero;0;M;Illeso;0;;;
3680894;15;12/02/2018 10:30:00;;VIA QUIRINO MAJORANA;all'intersezione semaforizzata con;VIA ODERISI DA GUBBIO;VIA ODERISI DA GUBBIO;;;Scontro laterale fra veicoli in marcia;;;;;;;;;;0;0;0;3;;;0;2;Autovettura privata;In marcia / fermata / arresto;Renault;Twingo;Conducente;0;M;Illeso;0;;;
3680904;10;12/02/2018 18:40:00;Strada Urbana;VIA CASALE ANTONIONI;in prossimità;;del civico n.;88;;Veicolo in marcia contro veicolo in sosta;Rettilineo;Una carreggiata a doppio senso;Asciutto;Asfaltata;Assente;Sereno;Scarso;Sufficiente;Sufficiente;0;0;0;1;;;0;1;Autovettura privata;In marcia / fermata / arresto;Renault;Captur;Conducente;1955;M;Illeso;0;;Non accertato;Esploso
3680905;15;12/02/2018 10:30:00;;VIA DELLA MAGLIANA;in prossimità;;del civico n.;1275;;Fuoriuscita dalla sede stradale;;;;;;;;;;0;0;0;1;;;0;1;Autovettura privata;In marcia / fermata / arresto;Mercedes;ML 270;Conducente;0;M;Illeso;0;;;
3681110;8;12/02/2018 10:25:00;;VIA MESORACA;all'intersezione con;VIA SELLIA;VIA SELLIA;;;Scontro frontale/laterale SX fra veicoli in marcia;;;;;;;;;;0;0;0;2;12,6765;41,8706;0;1;Autovettura privata;In marcia / fermata / arresto;Alfa Lancia;Y;Conducente;1969;M;Illeso;0;;;
3681110;8;12/02/2018 10:25:00;;VIA MESORACA;all'intersezione con;VIA SELLIA;VIA SELLIA;;;Scontro frontale/laterale SX fra veicoli in marcia;;;;;;;;;;0;0;0;2;12,6765;41,8706;0;2;Autovettura privata;In marcia / fermata / arresto;Mercedes;(non accertato);Conducente;0;M;Illeso;0;;;
3681111;8;12/02/2018 12:50:00;;VIA DELLE CERQUETE;all'intersezione con;VIA RIPALIMOSANO;VIA RIPALIMOSANO;;;Scontro frontale/laterale SX fra veicoli in marcia;;;;;;;;;;3;0;0;1;12,66805;41,91765;0;1;Autovettura privata;In marcia / fermata / arresto;Fiat;Panda;Conducente;1954;F;Ricoverato;0;NON DECEDUTO;Non accertato;Inesploso
3681111;8;12/02/2018 12:50:00;;VIA DELLE CERQUETE;all'intersezione con;VIA RIPALIMOSANO;VIA RIPALIMOSANO;;;Scontro frontale/laterale SX fra veicoli in marcia;;;;;;;;;;3;0;0;1;12,66805;41,91765;0;1;Autovettura privata;In marcia / fermata / arresto;Fiat;Panda;Passeggero;1978;M;Ricoverato;0;NON DECEDUTO;Non accertato;Inesploso
3681111;8;12/02/2018 12:50:00;;VIA DELLE CERQUETE;all'intersezione con;VIA RIPALIMOSANO;VIA RIPALIMOSANO;;;Scontro frontale/laterale SX fra veicoli in marcia;;;;;;;;;;3;0;0;1;12,66805;41,91765;0;2;Autovettura privata;In marcia / fermata / arresto;Peugeot;206;Conducente;1966;F;Illeso;0;;Non accertato;Inesploso
3681111;8;12/02/2018 12:50:00;;VIA DELLE CERQUETE;all'intersezione con;VIA RIPALIMOSANO;VIA RIPALIMOSANO;;;Scontro frontale/laterale SX fra veicoli in marcia;;;;;;;;;;3;0;0;1;12,66805;41,91765;0;2;Autovettura privata;In marcia / fermata / arresto;Peugeot;206;Passeggero;1990;F;Ricoverato;0;NON DECEDUTO;Non accertato;Inesploso
3681112;8;12/02/2018 13:30:00;;VIA CASILINA;all'intersezione con;VIA SERRADIFALCO;VIA SERRADIFALCO;;;Scontro frontale/laterale DX fra veicoli in marcia;;;;;;;;;;0;0;0;2;12,62713;41,86324;0;1;Autovettura privata;In marcia / fermata / arresto;Volkswagen;Golf;Conducente;1959;M;Illeso;0;;Non accertato;Inesploso
3681112;8;12/02/2018 13:30:00;;VIA CASILINA;all'intersezione con;VIA SERRADIFALCO;VIA SERRADIFALCO;;;Scontro frontale/laterale DX fra veicoli in marcia;;;;;;;;;;0;0;0;2;12,62713;41,86324;0;2;Autovettura privata;In marcia / fermata / arresto;Ford;KA;Conducente;1967;M;Illeso;0;;Non accertato;Inesploso
3681249;12;10/02/2018 14:20:00;Strada Urbana;VIA LIVIO MARCHETTI;all'intersezione con;VIA GAETANO DE FELICE;VIA GAETANO DE FELICE;;;Scontro frontale/laterale SX fra veicoli in marcia;Incrocio;Una carreggiata a doppio senso;Asciutto;Asfaltata;Verticale ed orizzontale;Sereno;Scarso;Buona;Ore Diurne;1;0;0;1;12,44161;41,77622;0;1;Autovettura privata;In marcia / fermata / arresto;Ford;Focus;Conducente;1968;M;Illeso;0;;;
3681249;12;10/02/2018 14:20:00;Strada Urbana;VIA LIVIO MARCHETTI;all'intersezione con;VIA GAETANO DE FELICE;VIA GAETANO DE FELICE;;;Scontro frontale/laterale SX fra veicoli in marcia;Incrocio;Una carreggiata a doppio senso;Asciutto;Asfaltata;Verticale ed orizzontale;Sereno;Scarso;Buona;Ore Diurne;1;0;0;1;12,44161;41,77622;0;2;Autovettura privata;In marcia / fermata / arresto;Mercedes;Smart For Two;Conducente;1996;M;Rimandato;0;NON DECEDUTO;Utilizzato;Inesploso
3681261;7;12/02/2018 14:50:00;;LARGO FEDERICO DELPINO;in corrispondenza;;del civico n.;20;;Investimento di pedone;;;;;;;;;;1;0;0;1;;;0;;;;;;Pedone;1942;M;Rimandato;0;NON DECEDUTO;;
3681261;7;12/02/2018 14:50:00;;LARGO FEDERICO DELPINO;in corrispondenza;;del civico n.;20;;Investimento di pedone;;;;;;;;;;1;0;0;1;;;0;1;Autovettura privata;In marcia / fermata / arresto;Volkswagen;Lupo;Conducente;1979;M;Illeso;0;;Non accertato;Inesploso
3681263;9;12/02/2018 19:00:00;;VIA FILOMUSI GUELFI;in corrispondenza;;del civico n.;11;;Scontro frontale/laterale DX fra veicoli in marcia;;;;;;;;;;0;0;0;2;;;0;1;Autovettura privata;In marcia / fermata / arresto;Renault;Megane;Conducente;1973;M;Illeso;0;;;
3681263;9;12/02/2018 19:00:00;;VIA FILOMUSI GUELFI;in corrispondenza;;del civico n.;11;;Scontro frontale/laterale DX fra veicoli in marcia;;;;;;;;;;0;0;0;2;;;0;2;Autovettura privata;In marcia / fermata / arresto;Alfa Romeo;Giulietta;Conducente;1969;M;Illeso;0;;;
3681267;19;12/02/2018 07:40:00;Strada Urbana;VIA ANDERSEN;in corrispondenza;;del civico n.;169;;Scontro frontale/laterale DX fra veicoli in marcia;Curva senza visuale libera;Una carreggiata a doppio senso;Bagnato (pioggia);Asfaltata;Assente;Pioggia in atto;Normale;Sufficiente;Ore Diurne;1;0;0;2;;;0;1;Motociclo a solo;In marcia / fermata / arresto;Aprilia;Tuono;Conducente;1999;M;Rimandato;0;NON DECEDUTO;;
3681267;19;12/02/2018 07:40:00;Strada Urbana;VIA ANDERSEN;in corrispondenza;;del civico n.;169;;Scontro frontale/laterale DX fra veicoli in marcia;Curva senza visuale libera;Una carreggiata a doppio senso;Bagnato (pioggia);Asfaltata;Assente;Pioggia in atto;Normale;Sufficiente;Ore Diurne;1;0;0;2;;;0;2;Autovettura privata;In marcia / fermata / arresto;Alfa Romeo;147;Conducente;1961;F;Illeso;0;;Non accertato;Inesploso
3681267;19;12/02/2018 07:40:00;Strada Urbana;VIA ANDERSEN;in corrispondenza;;del civico n.;169;;Scontro frontale/laterale DX fra veicoli in marcia;Curva senza visuale libera;Una carreggiata a doppio senso;Bagnato (pioggia);Asfaltata;Assente;Pioggia in atto;Normale;Sufficiente;Ore Diurne;1;0;0;2;;;0;2;Autovettura privata;In marcia / fermata / arresto;Alfa Romeo;147;Passeggero;1983;M;Illeso;0;;Non accertato;Inesploso
3681268;15;12/02/2018 20:10:00;;VIA DELLA MAGLIANA;in corrispondenza;;del civico n.;173;;Scontro frontale/laterale SX fra veicoli in marcia;;;;;;;;;;0;0;0;3;;;0;1;Motociclo a solo;In marcia / fermata / arresto;BMW;F 800 R;Conducente;0;M;Illeso;0;;;
3681268;15;12/02/2018 20:10:00;;VIA DELLA MAGLIANA;in corrispondenza;;del civico n.;173;;Scontro frontale/laterale SX fra veicoli in marcia;;;;;;;;;;0;0;0;3;;;0;2;Autovettura privata;In marcia / fermata / arresto;Citroen;C 2;Conducente;0;M;Illeso;0;;;
3681268;15;12/02/2018 20:10:00;;VIA DELLA MAGLIANA;in corrispondenza;;del civico n.;173;;Scontro frontale/laterale SX fra veicoli in marcia;;;;;;;;;;0;0;0;3;;;0;2;Autovettura privata;In marcia / fermata / arresto;Citroen;C 2;Passeggero;0;M;Illeso;0;;;
3681277;11;12/02/2018 15:00:00;Strada Urbana;PIAZZA ODERICO DA PORDENONE;da specificare;;;;prossimità via G. Massaia;Veicolo in marcia contro veicolo fermo;Rettilineo;Una carreggiata a doppio senso;Asciutto;Asfaltata;Verticale ed orizzontale;Nuvoloso;Normale;Buona;Ore Diurne;0;0;0;2;12,49469;41,86001;0;1;Autovettura privata;In marcia / fermata / arresto;Audi;A 4;Conducente;1969;M;Illeso;0;;Non accertato;
3681277;11;12/02/2018 15:00:00;Strada Urbana;PIAZZA ODERICO DA PORDENONE;da specificare;;;;prossimità via G. Massaia;Veicolo in marcia contro veicolo fermo;Rettilineo;Una carreggiata a doppio senso;Asciutto;Asfaltata;Verticale ed orizzontale;Nuvoloso;Normale;Buona;Ore Diurne;0;0;0;2;12,49469;41,86001;0;2;Autovettura privata;In marcia / fermata / arresto;Renault;KADJAR;Conducente;1983;F;Illeso;0;;Non accertato;
3681281;11;12/02/2018 10:45:00;Strada Urbana;VIA OSTIENSE;all'intersezione con;VIA FRANCESCO NEGRI;VIA FRANCESCO NEGRI;;;Infortunio per caduta del veicolo;Intersezione semaforizzata;Più di due carreggiate;Bagnato (umidità in atto);Asfaltata;Verticale ed orizzontale;Nuvoloso;Normale;Buona;Ore Diurne;1;0;0;0;12,47996;41,87049;0;1;Motociclo a solo;In marcia / fermata / arresto;Yamaha;T MAX;Conducente;1977;M;Rimandato;0;NON DECEDUTO;;