Protocollo;Gruppo;DataOraIncidente;Localizzazione1;STRADA1;Localizzazione2;STRADA2;Strada02;Chilometrica;DaSpecificare;NaturaIncidente;particolaritastrade;TipoStrada;FondoStradale;Pavimentazione;Segnaletica;CondizioneAtmosferica;Traffico;Visibilita;Illuminazione;NUM_FERITI;NUM_RISERVATA;NUM_MORTI;NUM_ILLESI;Longitudine;Latitudine;Confermato;Progressivo;TipoVeicolo;StatoVeicolo;Marca;Modello;TipoPersona;AnnoNascita;Sesso;Tipolesione;Deceduto;DecedutoDopo;CinturaCascoUtilizzato;Airbag;
3681751;10;13/02/2018 09:40:00;Strada Urbana;VIA ANAGNINA;in prossimità;;del civico n.;259;;Scontro laterale fra veicoli in marcia;Rettilineo;Una carreggiata a senso unico di marcia;Asciutto;Asfaltata;Verticale ed orizzontale;Sereno;Normale;Sufficiente;Ore Diurne;0;0;0;3;12,60696;41,82292;0;2;Autovettura privata;In marcia / fermata / arresto;Volkswagen;Passat;Conducente;1986;F;Illeso;0;;Non accertato;Inesploso
3681752;17;11/02/2018 23:02:00;Strada Urbana;VIALE DEI CAVALIERI DI VITTORIO VENETO;da specificare;;;;SUPERATO IL BIVIO CON VIA POLERA;Scontro laterale fra veicoli in marcia;Rettilineo;Due carreggiate;Asciutto;Asfaltata;Verticale ed orizzontale;Sereno;Scarso;Insufficiente;Sufficiente;1;0;0;1;12,4528;41,91911;0;1;Autocarro inferiore 35 q.;In marcia / fermata / arresto;Ford;Transit;Conducente;1994;M;Illeso;0;;;
3681752;17;11/02/2018 23:02:00;Strada Urbana;VIALE DEI CAVALIERI DI VITTORIO VENETO;da specificare;;;;SUPERATO IL BIVIO CON VIA POLERA;Scontro laterale fra veicoli in marcia;Rettilineo;Due carreggiate;Asciutto;Asfaltata;Verticale ed orizzontale;Sereno;Scarso;Insufficiente;Sufficiente;1;0;0;1;12,4528;41,91911;0;2;Motociclo con passeggero;In marcia / fermata / arresto;Piaggio;Vespa;Conducente;1965;M;Rimandato;0;NON DECEDUTO;;
3681795;2;12/02/2018 10:15:00;;VIA DI S. MARIA GORETTI;in corrispondenza;;del civico n.;34;;Veicolo in marcia contro ostacolo accidentale;;;;;;;;;;0;0;0;2;;;0;1;Autovettura privata;In marcia / fermata / arresto;Iveco;Turbo Daily;Conducente;1966;M;Illeso;0;;;
3681795;2;12/02/2018 10:15:00;;VIA DI S. MARIA GORETTI;in corrispondenza;;del civico n.;34;;Veicolo in marcia contro ostacolo accidentale;;;;;;;;;;0;0;0;2;;;0;2;Autovettura privata;In marcia / fermata / arresto;Seat;Ibiza;Conducente;1962;M;Illeso;0;;;
3681796;1;12/02/2018 11:40:00;Strada Urbana;VIA DELL'AMBA ARADAM;in prossimità;;del civico n.;5;;Investimento di pedone;Pendenza;Una carreggiata a doppio senso;Asciutto;Asfaltata;Verticale ed orizzontale;Nuvoloso;Normale;Buona;Ore Diurne;2;0;0;0;;;0;;;;;;Pedone;1958;F;Rimandato;0;NON DECEDUTO;;
3681796;1;12/02/2018 11:40:00;Strada Urbana;VIA DELL'AMBA ARADAM;in prossimità;;del civico n.;5;;Investimento di pedone;Pendenza;Una carreggiata a doppio senso;Asciutto;Asfaltata;Verticale ed orizzontale;Nuvoloso;Normale;Buona;Ore Diurne;2;0;0;0;;;0;1;Motociclo a solo;In marcia / fermata / arresto;Honda;SH 150;Conducente;1965;M;Rimandato;0;NON DECEDUTO;;
3681799;17;12/02/2018 11:35:00;Strada Urbana;VIA MARCANTONIO COLONNA;all'intersezione con;VIA POMPEO MAGNO;VIA POMPEO MAGNO;;;Scontro frontale/laterale DX fra veicoli in marcia;Intersezione stradale segnalata;Due carreggiate;Asciutto;Asfaltata;Verticale ed orizzontale;Sereno;Intenso;Buona;Ore Diurne;1;0;0;2;12,46696;41,91;0;1;Autovettura privata;In marcia / fermata / arresto;Toyota;IQ;Conducente;1970;M;Illeso;0;;;
3681799;17;12/02/2018 11:35:00;Strada Urbana;VIA MARCANTONIO COLONNA;all'intersezione con;VIA POMPEO MAGNO;VIA POMPEO MAGNO;;;Scontro frontale/laterale DX fra veicoli in marcia;Intersezione stradale segnalata;Due carreggiate;Asciutto;Asfaltata;Verticale ed orizzontale;Sereno;Intenso;Buona;Ore Diurne;1;0;0;2;12,46696;41,91;0;1;Autovettura privata;In marcia / fermata / arresto;Toyota;IQ;Passeggero;1971;M;Illeso;0;;;
3681799;17;12/02/2018 11:35:00;Strada Urbana;VIA MARCANTONIO COLONNA;all'intersezione con;VIA POMPEO MAGNO;VIA POMPEO MAGNO;;;Scontro frontale/laterale DX fra veicoli in marcia;Intersezione stradale segnalata;Due carreggiate;Asciutto;Asfaltata;Verticale ed orizzontale;Sereno;Intenso;Buona;Ore Diurne;1;0;0;2;12,46696;41,91;0;2;Motociclo con passeggero;In marcia / fermata / arresto;(ignoto);(non accertato);Conducente;1979;M;Rimandato;0;NON DECEDUTO;Utilizzato;
3681811;12;12/02/2018 13:45:00;Statale entro l'abitato;VIA DEL MARE;da specificare;;;;dir. GRA altezza km 7,400;Scontro laterale fra veicoli in marcia;Rettilineo;Una carreggiata a doppio senso;Asciutto;Asfaltata;Verticale ed orizzontale;Nuvoloso;Normale;Buona;Ore Diurne;0;0;0;2;12,46323;41,84026;0;1;Autovettura privata;In marcia / fermata / arresto;Ford;KA;Conducente;1989;M;Illeso;0;;Utilizzato;Inesploso
3681811;12;12/02/2018 13:45:00;Statale entro l'abitato;VIA DEL MARE;da specificare;;;;dir. GRA altezza km 7,400;Scontro laterale fra veicoli in marcia;Rettilineo;Una carreggiata a doppio senso;Asciutto;Asfaltata;Verticale ed orizzontale;Nuvoloso;Normale;Buona;Ore Diurne;0;0;0;2;12,46323;41,84026;0;2;Autovettura privata;In marcia / fermata / arresto;Ford;KA;Conducente;1994;F;Illeso;0;;Utilizzato;Inesploso
3681817;15;13/02/2018 10:15:00;Strada Urbana;VIA PORTUENSE;in corrispondenza;;del civico n.;717;;Scontro frontale/laterale DX fra veicoli in marcia;Rettilineo;Una carreggiata a doppio senso;Asciutto;Asfaltata;Orizzontale;Sereno;Intenso;Buona;Ore Diurne;1;0;0;1;12,43331;41,85173;0;1;Autovettura privata;In marcia / fermata / arresto;Nissan;Micra;Conducente;1945;F;Illeso;0;;Non accertato;Inesploso
3681817;15;13/02/2018 10:15:00;Strada Urbana;VIA PORTUENSE;in corrispondenza;;del civico n.;717;;Scontro frontale/laterale DX fra veicoli in marcia;Rettilineo;Una carreggiata a doppio senso;Asciutto;Asfaltata;Orizzontale;Sereno;Intenso;Buona;Ore Diurne;1;0;0;1;12,43331;41,85173;0;2;Motociclo a solo;In marcia / fermata / arresto;Yamaha;X - MAX;Conducente;1967;M;Rimandato;0;NON DECEDUTO;Non accertato;
3681821;1;12/02/2018 16:02:00;Strada Urbana;VIA DEL GIANICOLO;in prossimità;;del palo luce n.;14;;Veicolo in marcia contro veicolo in sosta;Rettilineo;Una carreggiata a doppio senso;Asciutto;Asfaltata;Verticale ed orizzontale;Nuvoloso;Normale;Buona;Ore Diurne;0;0;0;1;;;0;1;Motociclo a solo;In marcia / fermata / arresto;Honda;SH 150;Conducente;1968;F;Illeso;0;;;
3681831;2;12/02/2018 15:45:00;;LUNGOTEVERE FLAMINIO;in prossimità;;del civico n.;22;;Tamponamento;;;;;;;;;;0;0;0;2;;;0;1;Autovettura privata;In marcia / fermata / arresto;Land Rover;(ignoto);Conducente;1970;M;Illeso;0;;;
3681831;2;12/02/2018 15:45:00;;LUNGOTEVERE FLAMINIO;in prossimità;;del civico n.;22;;Tamponamento;;;;;;;;;;0;0;0;2;;;0;2;Autovettura privata;In marcia / fermata / arresto;BMW;320 D;Conducente;1961;M;Illeso;0;;;
3681850;2;12/02/2018 18:00:00;;VIA VAGLIA;in prossimità;;del civico n.;44;;Tamponamento;;;;;;;;;;0;0;0;3;;;0;1;Autovettura di polizia;In marcia / fermata / arresto;Peugeot;Partner;Conducente;1968;F;Illeso;0;;;
3681850;2;12/02/2018 18:00:00;;VIA VAGLIA;in prossimità;;del civico n.;44;;Tamponamento;;;;;;;;;;0;0;0;3;;;0;2;Autovettura privata;In marcia / fermata / arresto;Renault;Scenic;Conducente;1970;F;Illeso;0;;;
3681850;2;12/02/2018 18:00:00;;VIA VAGLIA;in prossimità;;del civico n.;44;;Tamponamento;;;;;;;;;;0;0;0;3;;;0;2;Autovettura privata;In marcia / fermata / arresto;Renault;Scenic;Passeggero;2000;M;Illeso;0;;;
3681862;1;12/02/2018 17:55:00;Strada Urbana;VICOLO DELLA MORETTA;da specificare;;;;all'intersezione VIA DI MONSERRATO/PELLEGRINO;Scontro frontale/laterale SX fra veicoli in marcia;Rettilineo;Una carreggiata a doppio senso;Asciutto;Acciotolata;Verticale ed orizzontale;Nuvoloso;Normale;Sufficiente;Sufficiente;0;0;0;3;12,46786;41,89718;0;1;Motociclo a solo;In marcia / fermata / arresto;Triumph;Street Triple;Conducente;1991;M;Illeso;0;;Non accertato;
3681862;1;12/02/2018 17:55:00;Strada Urbana;VICOLO DELLA MORETTA;da specificare;;;;all'intersezione VIA DI MONSERRATO/PELLEGRINO;Scontro frontale/laterale SX fra veicoli in marcia;Rettilineo;Una carreggiata a doppio senso;Asciutto;Acciotolata;Verticale ed orizzontale;Nuvoloso;Normale;Sufficiente;Sufficiente;0;0;0;3;12,46786;41,89718;0;2;Autovettura privata;In marcia / fermata / arresto;Fiat;Panda;Conducente;1937;M;Illeso;0;;Non accertato;
3681862;1;12/02/2018 17:55:00;Strada Urbana;VICOLO DELLA MORETTA;da specificare;;;;all'intersezione VIA DI MONSERRATO/PELLEGRINO;Scontro frontale/laterale SX fra veicoli in marcia;Rettilineo;Una carreggiata a doppio senso;Asciutto;Acciotolata;Verticale ed orizzontale;Nuvoloso;Normale;Sufficiente;Sufficiente;0;0;0;3;12,46786;41,89718;0;2;Autovettura privata;In marcia / fermata / arresto;Fiat;Panda;Passeggero;1941;F;Illeso;0;;;
3681894;12;12/02/2018 16:45:00;Strada Urbana;VIA CRISTOFORO COLOMBO;da specificare;;;;direzione EUR 50mt dopo immissione Marconi;Scontro frontale/laterale DX fra veicoli in marcia;Rettilineo;Più di due carreggiate;Asciutto;Asfaltata;Verticale ed orizzontale;Nuvoloso;Intenso;Buona;Ore Diurne;0;0;0;2;12,41155;41,78584;0;1;Autovettura privata;In marcia / fermata / arresto;Ford;Focus;Conducente;1967;M;Illeso;0;;;
3681894;12;12/02/2018 16:45:00;Strada Urbana;VIA CRISTOFORO COLOMBO;da specificare;;;;direzione EUR 50mt dopo immissione Marconi;Scontro frontale/laterale DX fra veicoli in marcia;Rettilineo;Più di due carreggiate;Asciutto;Asfaltata;Verticale ed orizzontale;Nuvoloso;Intenso;Buona;Ore Diurne;0;0;0;2;12,41155;41,78584;0;1;Autovettura privata;In marcia / fermata / arresto;Ford;Focus;Passeggero;1957;M;Illeso;0;;Utilizzato;
3681905;16;06/02/2018 12:30:00;;VIALE DEI COLLI PORTUENSI;da specificare;;;;altezza fermata atac Colli Portuensi/Newton;Tamponamento;;;;;;;;;;0;0;0;1;;;0;1;Autovettura privata;In marcia / fermata / arresto;Hyundai;i 30;Conducente;0;M;Illeso;0;;;
3681907;1;13/02/2018 00:15:00;Strada Urbana;VIA GIOVANNI LANZA;in corrispondenza;;del civico n.;148;;Veicolo in marcia contro ostacolo accidentale;Rettilineo;Una carreggiata a doppio senso;Asciutto;Asfaltata;Verticale ed orizzontale;Sereno;Scarso;Sufficiente;Sufficiente;0;0;0;2;12,49626;41,89493;0;1;Autovettura privata;In marcia / fermata / arresto;Citroen;(non accertato);Conducente;1988;M;Illeso;0;;Non accertato;Inesploso
3681907;1;13/02/2018 00:15:00;Strada Urbana;VIA GIOVANNI LANZA;in corrispondenza;;del civico n.;148;;Veicolo in marcia contro ostacolo accidentale;Rettilineo;Una carreggiata a doppio senso;Asciutto;Asfaltata;Verticale ed orizzontale;Sereno;Scarso;Sufficiente;Sufficiente;0;0;0;2;12,49626;41,89493;0;1;Autovettura privata;In marcia / fermata / arresto;Citroen;(non accertato);Passeggero;1993;F;Illeso;0;;Non accertato;Inesploso
3681946;12;12/02/2018 18:30:00;Strada Urbana;VIA CRISTOFORO COLOMBO;da specificare;;;;laterale (direzione Ostia) altezza km. 11,350;Tamponamento Multiplo;Rettilineo;Più di due carreggiate;Asciutto;Asfaltata;Verticale ed orizzontale;Nuvoloso;Normale;Sufficiente;Insufficiente;0;0;0;4;12,41155;41,78584;0;1;Autovettura privata;In marcia / fermata / arresto;Opel;Corsa;Conducente;1980;F;Illeso;0;;Utilizzato;Inesploso
3681946;12;12/02/2018 18:30:00;Strada Urbana;VIA CRISTOFORO COLOMBO;da specificare;;;;laterale (direzione Ostia) altezza km. 11,350;Tamponamento Multiplo;Rettilineo;Più di due carreggiate;Asciutto;Asfaltata;Verticale ed orizzontale;Nuvoloso;Normale;Sufficiente;Insufficiente;0;0;0;4;12,41155;41,78584;0;2;Autovettura privata;In marcia / fermata / arresto;Ford;Fiesta;Conducente;1957;M;Illeso;0;;Utilizzato;Inesploso
3681946;12;12/02/2018 18:30:00;Strada Urbana;VIA CRISTOFORO COLOMBO;da specificare;;;;laterale (direzione Ostia) altezza km. 11,350;Tamponamento Multiplo;Rettilineo;Più di due carreggiate;Asciutto;Asfaltata;Verticale ed orizzontale;Nuvoloso;Normale;Sufficiente;Insufficiente;0;0;0;4;12,41155;41,78584;0;3;Autovettura privata;In marcia / fermata / arresto;Opel;Meriva;Conducente;1998;M;Illeso;0;;Utilizzato;Inesploso
3681946;12;12/02/2018 18:30:00;Strada Urbana;VIA CRISTOFORO COLOMBO;da specificare;;;;laterale (direzione Ostia) altezza km. 11,350;Tamponamento Multiplo;Rettilineo;Più di due carreggiate;Asciutto;Asfaltata;Verticale ed orizzontale;Nuvoloso;Normale;Sufficiente;Insufficiente;0;0;0;4;12,41155;41,78584;0;3;Autovettura privata;In marcia / fermata / arresto;Opel;Meriva;Passeggero;1999;F;Illeso;0;;Utilizzato;Inesploso
3681950;17;13/02/2018 07:50:00;Strada Urbana;VIA GOMENIZZA;all'intersezione con;VIA NOVENIO BUCCHI;VIA NOVENIO BUCCHI;;;Infortunio per sola frenata improvvisa;Incrocio;Una carreggiata a doppio senso;Asciutto;Asfaltata;Orizzontale;Sereno;Normale;Buona;Ore Diurne;0;0;0;1;12,45639;41,92212;0;1;Motociclo a solo;In marcia / fermata / arresto;Ducati;Monster;Conducente;1976;M;Illeso;0;;;
3681957;12;11/02/2018 20:15:00;Provinciale;VIA DELLA SOLFARATA;da specificare;;;;km 9,700 (distributore Q8;Scontro laterale fra veicoli in marcia;Rettilineo;Una carreggiata a doppio senso;Asciutto;Asfaltata;Verticale ed orizzontale;Sereno;Normale;Sufficiente;Sufficiente;0;0;0;3;12,54575;41,70648;-1;1;Autovettura privata;In marcia / fermata / arresto;Audi;A3;Conducente;1975;M;Illeso;0;;Utilizzato;Inesploso
3681957;12;11/02/2018 20:15:00;Provinciale;VIA DELLA SOLFARATA;da specificare;;;;km 9,700 (distributore Q8;Scontro laterale fra veicoli in marcia;Rettilineo;Una carreggiata a doppio senso;Asciutto;Asfaltata;Verticale ed orizzontale;Sereno;Normale;Sufficiente;Sufficiente;0;0;0;3;12,54575;41,70648;-1;2;Autovettura privata;In marcia / fermata / arresto;Ford;Fiesta;Conducente;1994;M;Illeso;0;;Utilizzato;Inesploso
3681957;12;11/02/2018 20:15:00;Provinciale;VIA DELLA SOLFARATA;da specificare;;;;km 9,700 (distributore Q8;Scontro laterale fra veicoli in marcia;Rettilineo;Una carreggiata a doppio senso;Asciutto;Asfaltata;Verticale ed orizzontale;Sereno;Normale;Sufficiente;Sufficiente;0;0;0;3;12,54575;41,70648;-1;2;Autovettura privata;In marcia / fermata / arresto;Ford;Fiesta;Passeggero;1999;F;Illeso;0;;Utilizzato;Inesploso
3681998;12;11/02/2018 11:00:00;Strada Urbana;VIA DI CASTEL DI LEVA;in prossimità;;del civico n.;261;;Veicolo in marcia contro ostacolo accidentale;Rettilineo;Una carreggiata a doppio senso;Asciutto;Asfaltata;Verticale ed orizzontale;Sereno;Intenso;Buona;Ore Diurne;0;0;0;2;12,51863;41,78709;0;1;Autovettura privata;In marcia / fermata / arresto;Volkswagen;Polo;Conducente;1968;F;Illeso;0;;Utilizzato;Inesploso
3681998;12;11/02/2018 11:00:00;Strada Urbana;VIA DI CASTEL DI LEVA;in prossimità;;del civico n.;261;;Veicolo in marcia contro ostacolo accidentale;Rettilineo;Una carreggiata a doppio senso;Asciutto;Asfaltata;Verticale ed orizzontale;Sereno;Intenso;Buona;Ore Diurne;0;0;0;2;12,51863;41,78709;0;2;Autovettura privata;In marcia / fermata / arresto;Ford;Focus;Conducente;1950;M;Illeso;0;;Non accertato;Inesploso
3682036;1;10/02/2018 00:10:00;;CORSO VITTORIO EMANUELE II;in prossimità;;del civico n.;286;;Scontro laterale fra veicoli in marcia;;;;;;;;;;1;0;0;0;;;0;1;Autovettura pubblica;In marcia / fermata / arresto;Dacia;Sandero;Conducente;1970;F;Rimandato;0;NON DECEDUTO;;
3682156;10;13/02/2018 12:55:00;Strada Urbana;VIA ANAGNINA;da specificare;;;;prossimità via Campo Telese;Tamponamento;Rettilineo;Due carreggiate;Asciutto;Asfaltata;Orizzontale;Sereno;Normale;Buona;Ore Diurne;0;0;0;3;;;0;1;Autovettura privata;In marcia / fermata / arresto;Ford;C-MAX;Conducente;1976;F;Illeso;0;;Non accertato;Inesploso
3682156;10;13/02/2018 12:55:00;Strada Urbana;VIA ANAGNINA;da specificare;;;;prossimità via Campo Telese;Tamponamento;Rettilineo;Due carreggiate;Asciutto;Asfaltata;Orizzontale;Sereno;Normale;Buona;Ore Diurne;0;0;0;3;;;0;2;Autovettura privata;In marcia / fermata / arresto;Daewoo;Matiz;Conducente;1993;F;Illeso;0;;Non accertato;Inesploso
3682156;10;13/02/2018 12:55:00;Strada Urbana;VIA ANAGNINA;da specificare;;;;prossimità via Campo Telese;Tamponamento;Rettilineo;Due carreggiate;Asciutto;Asfaltata;Orizzontale;Sereno;Normale;Buona;Ore Diurne;0;0;0;3;;;0;2;Autovettura privata;In marcia / fermata / arresto;Daewoo;Matiz;Passeggero;1983;M;Illeso;0;;Non accertato;Inesploso
3682198;18;13/02/2018 13:30:00;Strada Urbana;VIA ANASTASIO II;da specificare;;;;prossimità cavalcavia Via Aurelia dir.Piazza PioXI;Scontro laterale fra veicoli in marcia;Rettilineo;Due carreggiate;Asciutto;Asfaltata;Verticale ed orizzontale;Sereno;Normale;Buona;Ore Diurne;1;0;0;2;12,44257;41,89917;0;1;Autovettura privata;In marcia / fermata / arresto;Opel;Corsa;Conducente;1994;M;Illeso;0;;Non accertato;Inesploso
3682198;18;13/02/2018 13:30:00;Strada Urbana;VIA ANASTASIO II;da specificare;;;;prossimità cavalcavia Via Aurelia dir.Piazza PioXI;Scontro laterale fra veicoli in marcia;Rettilineo;Due carreggiate;Asciutto;Asfaltata;Verticale ed orizzontale;Sereno;Normale;Buona;Ore Diurne;1;0;0;2;12,44257;41,89917;0;1;Autovettura privata;In marcia / fermata / arresto;Opel;Corsa;Passeggero;1991;M;Illeso;0;;Non accertato;Inesploso
3682198;18;13/02/2018 13:30:00;Strada Urbana;VIA ANASTASIO II;da specificare;;;;prossimità cavalcavia Via Aurelia dir.Piazza PioXI;Scontro laterale fra veicoli in marcia;Rettilineo;Due carreggiate;Asciutto;Asfaltata;Verticale ed orizzontale;Sereno;Normale;Buona;Ore Diurne;1;0;0;2;12,44257;41,89917;0;2;Motociclo a solo;In marcia / fermata / arresto;Piaggio;Beverly 250 Tourer;Conducente;1981;M;Rimandato;0;NON DECEDUTO;Non accertato;
3682262;11;13/02/2018 13:40:00;Strada Urbana;VIA DELLE SETTE CHIESE;in prossimità;;del palo luce n.;81;;Scontro frontale/laterale SX fra veicoli in marcia;Curva senza visuale libera;Una carreggiata a doppio senso;Asciutto;Asfaltata;Orizzontale;Sereno;Normale;Buona;Ore Diurne;1;0;0;2;;;0;1;Autovettura privata;In marcia / fermata / arresto;Volkswagen;Polo;Conducente;1978;F;Rimandato;0;NON DECEDUTO;Non accertato;Esploso
3682262;11;13/02/2018 13:40:00;Strada Urbana;VIA DELLE SETTE CHIESE;in prossimità;;del palo luce n.;81;;Scontro frontale/laterale SX fra veicoli in marcia;Curva senza visuale libera;Una carreggiata a doppio senso;Asciutto;Asfaltata;Orizzontale;Sereno;Normale;Buona;Ore Diurne;1;0;0;2;;;0;2;Autovettura privata;In marcia / fermata / arresto;Mercedes;A 140;Conducente;1977;M;Illeso;0;;Non accertato;Inesploso
3682262;11;13/02/2018 13:40:00;Strada Urbana;VIA DELLE SETTE CHIESE;in prossimità;;del palo luce n.;81;;Scontro frontale/laterale SX fra veicoli in marcia;Curva senza visuale libera;Una carreggiata a doppio senso;Asciutto;Asfaltata;Orizzontale;Sereno;Normale;Buona;Ore Diurne;1;0;0;2;;;0;2;Autovettura privata;In marcia / fermata / arresto;Mercedes;A 140;Passeggero;2003;F;Illeso;0;;Non accertato;Inesploso
3682264;5;13/02/2018 13:50:00;;VIA DI CASAL BIANCO;da specificare;;;;a 90 metri dal km 2,00;Scontro laterale fra veicoli in marcia;;;;;;;;;;1;0;0;1;12,64144;41,94562;0;1;Altro;In marcia / fermata / arresto;(non accertato);(non accertato);Conducente;1965;M;Rimandato;0;NON DECEDUTO;Non accertato;
3682264;5;13/02/2018 13:50:00;;VIA DI CASAL BIANCO;da specificare;;;;a 90 metri dal km 2,00;Scontro laterale fra veicoli in marcia;;;;;;;;;;1;0;0;1;12,64144;41,94562;0;2;Autovettura privata;In marcia / fermata / arresto;BMW;118;Conducente;1998;M;Illeso;0;;Non accertato;
3682301;15;13/02/2018 09:45:00;;VIA PORTUENSE;in corrispondenza;;del civico n.;456;;Tamponamento;;;;;;;;;;1;0;0;2;12,45001;41,85918;0;1;Autovettura privata;In marcia / fermata / arresto;Ford;Fusion;Conducente;0;F;Illeso;0;;;
3682301;15;13/02/2018 09:45:00;;VIA PORTUENSE;in corrispondenza;;del civico n.;456;;Tamponamento;;;;;;;;;;1;0;0;2;12,45001;41,85918;0;1;Autovettura privata;In marcia / fermata / arresto;Ford;Fusion;Passeggero;0;F;Rifiuta cure immediate;0;NON DECEDUTO;;
3682301;15;13/02/2018 09:45:00;;VIA PORTUENSE;in corrispondenza;;del civico n.;456;;Tamponamento;;;;;;;;;;1;0;0;2;12,45001;41,85918;0;2;Autovettura privata;In marcia / fermata / arresto;Fiat;Panda;Conducente;0;M;Illeso;0;;;
3682305;18;13/02/2018 11:35:00;Strada Urbana;VIA DI VAL CANNUTA;all'intersezione con;VIA DELLA DIVINA PROVVIDENZA;VIA DELLA DIVINA PROVVIDENZA;;;Scontro frontale/laterale DX fra veicoli in marcia;Intersezione non regolata/non segnalata;Una carreggiata a doppio senso;Asciutto;Asfaltata;Verticale ed orizzontale;Sereno;Scarso;Buona;Ore Diurne;0;0;0;3;12,41277;41,89873;0;1;Autovettura privata;In marcia / fermata / arresto;Autobianchi;Y 10;Conducente;1941;M;Illeso;0;;;
3682305;18;13/02/2018 11:35:00;Strada Urbana;VIA DI VAL CANNUTA;all'intersezione con;VIA DELLA DIVINA PROVVIDENZA;VIA DELLA DIVINA PROVVIDENZA;;;Scontro frontale/laterale DX fra veicoli in marcia;Intersezione non regolata/non segnalata;Una carreggiata a doppio senso;Asciutto;Asfaltata;Verticale ed orizzontale;Sereno;Scarso;Buona;Ore Diurne;0;0;0;3;12,41277;41,89873;0;1;Autovettura privata;In marcia / fermata / arresto;Autobianchi;Y 10;Passeggero;1935;M;Illeso;0;;Non accertato;Inesistente
3682305;18;13/02/2018 11:35:00;Strada Urbana;VIA DI VAL CANNUTA;all'intersezione con;VIA DELLA DIVINA PROVVIDENZA;VIA DELLA DIVINA PROVVIDENZA;;;Scontro frontale/laterale DX fra veicoli in marcia;Intersezione non regolata/non segnalata;Una carreggiata a doppio senso;Asciutto;Asfaltata;Verticale ed orizzontale;Sereno;Scarso;Buona;Ore Diurne;0;0;0;3;12,41277;41,89873;0;2;Autovettura privata;In marcia / fermata / arresto;BMW;320D;Conducente;1956;M;Illeso;0;;Non accertato;Inesploso
3682342;1;11/02/2018 17:00:00;Strada Urbana;VIALE DI TRASTEVERE;all'intersezione semaforizzata con;VIA CARLO TAVOLACCI;VIA CARLO TAVOLACCI;;;Scontro frontale/laterale DX fra veicoli in marcia;Intersezione semaforizzata;Una carreggiata a doppio senso;Asciutto;Asfaltata;Verticale ed orizzontale;Sereno;Scarso;Buona;Ore Diurne;1;0;0;2;12,46786;41,88159;-1;1;Autovettura privata;In marcia / fermata / arresto;Volkswagen;Golf;Conducente;1951;M;Illeso;0;;Non accertato;Inesploso
3682342;1;11/02/2018 17:00:00;Strada Urbana;VIALE DI TRASTEVERE;all'intersezione semaforizzata con;VIA CARLO TAVOLACCI;VIA CARLO TAVOLACCI;;;Scontro frontale/laterale DX fra veicoli in marcia;Intersezione semaforizzata;Una carreggiata a doppio senso;Asciutto;Asfaltata;Verticale ed orizzontale;Sereno;Scarso;Buona;Ore Diurne;1;0;0;2;12,46786;41,88159;-1;1;Autovettura privata;In marcia / fermata / arresto;Volkswagen;Golf;Passeggero;1955;F;Illeso;0;;Non accertato;Inesploso
3682342;1;11/02/2018 17:00:00;Strada Urbana;VIALE DI TRASTEVERE;all'intersezione semaforizzata con;VIA CARLO TAVOLACCI;VIA CARLO TAVOLACCI;;;Scontro frontale/laterale DX fra veicoli in marcia;Intersezione semaforizzata;Una carreggiata a doppio senso;Asciutto;Asfaltata;Verticale ed orizzontale;Sereno;Scarso;Buona;Ore Diurne;1;0;0;2;12,46786;41,88159;-1;2;Ciclomotore;In marcia / fermata / arresto;Piaggio;Liberty;Conducente;2000;M;Rifiuta cure immediate;0;NON DECEDUTO;Non accertato;
3682372;1;13/02/2018 10:00:00;Strada Urbana;VIA DEI CERCHI;in prossimità;;del palo luce n.;6;;Veicolo in marcia contro ostacolo accidentale;Rettilineo;Una carreggiata a senso unico di marcia;Asciutto;Acciotolata;Verticale ed orizzontale;Sereno;Normale;Buona;Ore Diurne;1;0;0;0;;;0;1;Motociclo a solo;In marcia / fermata / arresto;Piaggio;Liberty;Conducente;1959;F;Rimandato;0;NON DECEDUTO;;
3682471;1;13/02/2018 09:00:00;Strada Urbana;VIA ELENIANA;all'intersezione con;VIA GERMANO SOMMEILLER;VIA GERMANO SOMMEILLER;;;Investimento di pedone;Intersezione stradale segnalata;Una carreggiata a senso unico di marcia;Asciutto;Asfaltata;Assente;Sereno;Normale;Buona;Ore Diurne;2;0;0;1;;;0;;;;;;Pedone;1996;F;Rimandato;0;NON DECEDUTO;;
3682471;1;13/02/2018 09:00:00;Strada Urbana;VIA ELENIANA;all'intersezione con;VIA GERMANO SOMMEILLER;VIA GERMANO SOMMEILLER;;;Investimento di pedone;Intersezione stradale segnalata;Una carreggiata a senso unico di marcia;Asciutto;Asfaltata;Assente;Sereno;Normale;Buona;Ore Diurne;2;0;0;1;;;0;;;;;;Pedone;1997;M;Rimandato;0;NON DECEDUTO;;