Protocollo;Gruppo;DataOraIncidente;Localizzazione1;STRADA1;Localizzazione2;STRADA2;Strada02;Chilometrica;DaSpecificare;NaturaIncidente;particolaritastrade;TipoStrada;FondoStradale;Pavimentazione;Segnaletica;CondizioneAtmosferica;Traffico;Visibilita;Illuminazione;NUM_FERITI;NUM_RISERVATA;NUM_MORTI;NUM_ILLESI;Longitudine;Latitudine;Confermato;Progressivo;TipoVeicolo;StatoVeicolo;Marca;Modello;TipoPersona;AnnoNascita;Sesso;Tipolesione;Deceduto;DecedutoDopo;CinturaCascoUtilizzato;Airbag;
3683097;5;13/02/2018 10:15:00;Strada Urbana;VIA DI PORTONACCIO;all'intersezione con;LARGO GIOVANNI PITTALUGA;LARGO GIOVANNI PITTALUGA;;;Scontro frontale/laterale DX fra veicoli in marcia;Incrocio;Due carreggiate;Asciutto;Asfaltata;Verticale;Sereno;Normale;Buona;Ore Diurne;1;0;0;1;12,53747;41,89933;-1;1;Motociclo a solo;In marcia / fermata / arresto;Honda;SH 150;Conducente;1979;M;Rimandato;0;NON DECEDUTO;Non accertato;
3683097;5;13/02/2018 10:15:00;Strada Urbana;VIA DI PORTONACCIO;all'intersezione con;LARGO GIOVANNI PITTALUGA;LARGO GIOVANNI PITTALUGA;;;Scontro frontale/laterale DX fra veicoli in marcia;Incrocio;Due carreggiate;Asciutto;Asfaltata;Verticale;Sereno;Normale;Buona;Ore Diurne;1;0;0;1;12,53747;41,89933;-1;2;Autovettura privata;In marcia / fermata / arresto;Fiat;Seicento;Conducente;1956;F;Illeso;0;;Non accertato;Inesploso
3683098;6;12/02/2018 12:10:00;Strada Urbana;VIA LUCHINO DAL VERME;all'intersezione con;VIA ERASMO GATTAMELATA;VIA ERASMO GATTAMELATA;;;Scontro frontale/laterale DX fra veicoli in marcia;Intersezione stradale segnalata;Una carreggiata a senso unico di marcia;Asciutto;Asfaltata;Verticale ed orizzontale;Sereno;Scarso;Buona;Ore Diurne;0;0;0;5;12,53664;41,88869;0;1;Autovettura privata;In marcia / fermata / arresto;Lancia;Ypsilon;Conducente;1949;F;Illeso;0;;;
3683098;6;12/02/2018 12:10:00;Strada Urbana;VIA LUCHINO DAL VERME;all'intersezione con;VIA ERASMO GATTAMELATA;VIA ERASMO GATTAMELATA;;;Scontro frontale/laterale DX fra veicoli in marcia;Intersezione stradale segnalata;Una carreggiata a senso unico di marcia;Asciutto;Asfaltata;Verticale ed orizzontale;Sereno;Scarso;Buona;Ore Diurne;0;0;0;5;12,53664;41,88869;0;2;Autovettura privata;In marcia / fermata / arresto;Renault;Twingo;Conducente;1999;F;Illeso;0;;;
3683098;6;12/02/2018 12:10:00;Strada Urbana;VIA LUCHINO DAL VERME;all'intersezione con;VIA ERASMO GATTAMELATA;VIA ERASMO GATTAMELATA;;;Scontro frontale/laterale DX fra veicoli in marcia;Intersezione stradale segnalata;Una carreggiata a senso unico di marcia;Asciutto;Asfaltata;Verticale ed orizzontale;Sereno;Scarso;Buona;Ore Diurne;0;0;0;5;12,53664;41,88869;0;2;Autovettura privata;In marcia / fermata / arresto;Renault;Twingo;Passeggero;1999;F;Illeso;0;;;
3683098;6;12/02/2018 12:10:00;Strada Urbana;VIA LUCHINO DAL VERME;all'intersezione con;VIA ERASMO GATTAMELATA;VIA ERASMO GATTAMELATA;;;Scontro frontale/laterale DX fra veicoli in marcia;Intersezione stradale segnalata;Una carreggiata a senso unico di marcia;Asciutto;Asfaltata;Verticale ed orizzontale;Sereno;Scarso;Buona;Ore Diurne;0;0;0;5;12,53664;41,88869;0;2;Autovettura privata;In marcia / fermata / arresto;Renault;Twingo;Passeggero;2000;F;Illeso;0;;;
3683101;8;13/02/2018 13:30:00;;VIA DANIELE RANZONI;in corrispondenza;;del civico n.;78;;Scontro laterale fra veicoli in marcia;;;;;;;;;;0;0;0;2;;;0;1;Autovettura privata;In marcia / fermata / arresto;Fiat;500;Conducente;1990;M;Illeso;0;;;
3683101;8;13/02/2018 13:30:00;;VIA DANIELE RANZONI;in corrispondenza;;del civico n.;78;;Scontro laterale fra veicoli in marcia;;;;;;;;;;0;0;0;2;;;0;2;Autovettura privata;In marcia / fermata / arresto;Peugeot;206;Conducente;1960;M;Illeso;0;;;
3683103;20;13/02/2018 19:30:00;Strada Urbana;VIA FLAMINIA NUOVA;da specificare;;;;altezza via Bomarzo;Tamponamento Multiplo;Rettilineo;Due carreggiate;Asciutto;Asfaltata;Assente;Sereno;Normale;Buona;Sufficiente;1;0;0;2;;;0;1;Autovettura privata;In marcia / fermata / arresto;Mini;Cooper;Conducente;1967;M;Illeso;0;;Non accertato;Esploso
3683103;20;13/02/2018 19:30:00;Strada Urbana;VIA FLAMINIA NUOVA;da specificare;;;;altezza via Bomarzo;Tamponamento Multiplo;Rettilineo;Due carreggiate;Asciutto;Asfaltata;Assente;Sereno;Normale;Buona;Sufficiente;1;0;0;2;;;0;2;Autovettura privata;In marcia / fermata / arresto;Fiat;500;Conducente;1984;F;Rimandato;0;NON DECEDUTO;Non accertato;
3683103;20;13/02/2018 19:30:00;Strada Urbana;VIA FLAMINIA NUOVA;da specificare;;;;altezza via Bomarzo;Tamponamento Multiplo;Rettilineo;Due carreggiate;Asciutto;Asfaltata;Assente;Sereno;Normale;Buona;Sufficiente;1;0;0;2;;;0;3;Autovettura privata;In marcia / fermata / arresto;Peugeot;307;Conducente;1961;M;Illeso;0;;;
3683104;8;13/02/2018 16:00:00;;VIA GUARDIAGRELE;all'intersezione con;VIA FRAINE;VIA FRAINE;;;Scontro frontale/laterale SX fra veicoli in marcia;;;;;;;;;;0;0;0;2;;;0;1;Autovettura privata;In marcia / fermata / arresto;Fiat;Fiorino;Conducente;1967;M;Illeso;0;;;
3683104;8;13/02/2018 16:00:00;;VIA GUARDIAGRELE;all'intersezione con;VIA FRAINE;VIA FRAINE;;;Scontro frontale/laterale SX fra veicoli in marcia;;;;;;;;;;0;0;0;2;;;0;2;Autovettura privata;In marcia / fermata / arresto;Alfa Romeo;159 Sportwagon;Conducente;1947;M;Illeso;0;;Non accertato;
3683107;8;13/02/2018 16:10:00;Strada Urbana;VIA DI ROCCA CENCIA;in prossimità;;del civico n.;22;;Investimento di pedone;Rettilineo;Una carreggiata a doppio senso;Asciutto;Asfaltata;Orizzontale;Sereno;Intenso;Buona;Ore Diurne;1;0;0;4;;;0;;;;;;Pedone;1980;F;Illeso;0;;;
3683107;8;13/02/2018 16:10:00;Strada Urbana;VIA DI ROCCA CENCIA;in prossimità;;del civico n.;22;;Investimento di pedone;Rettilineo;Una carreggiata a doppio senso;Asciutto;Asfaltata;Orizzontale;Sereno;Intenso;Buona;Ore Diurne;1;0;0;4;;;0;;;;;;Pedone;1983;F;Illeso;0;;;
3683107;8;13/02/2018 16:10:00;Strada Urbana;VIA DI ROCCA CENCIA;in prossimità;;del civico n.;22;;Investimento di pedone;Rettilineo;Una carreggiata a doppio senso;Asciutto;Asfaltata;Orizzontale;Sereno;Intenso;Buona;Ore Diurne;1;0;0;4;;;0;;;;;;Pedone;2007;M;Rimandato;0;NON DECEDUTO;;
3683107;8;13/02/2018 16:10:00;Strada Urbana;VIA DI ROCCA CENCIA;in prossimità;;del civico n.;22;;Investimento di pedone;Rettilineo;Una carreggiata a doppio senso;Asciutto;Asfaltata;Orizzontale;Sereno;Intenso;Buona;Ore Diurne;1;0;0;4;;;0;1;Autovettura privata;In marcia / fermata / arresto;Smart ;FORTWO;Conducente;1982;M;Illeso;0;;Non accertato;Inesploso
3683107;8;13/02/2018 16:10:00;Strada Urbana;VIA DI ROCCA CENCIA;in prossimità;;del civico n.;22;;Investimento di pedone;Rettilineo;Una carreggiata a doppio senso;Asciutto;Asfaltata;Orizzontale;Sereno;Intenso;Buona;Ore Diurne;1;0;0;4;;;0;1;Autovettura privata;In marcia / fermata / arresto;Smart ;FORTWO;Passeggero;1980;M;Illeso;0;;Non accertato;Inesploso
3683111;8;13/02/2018 18:50:00;;VIA DEL FOSSO DELL'OSA;da specificare;;;;altezza via CARPINONE;Tamponamento;;;;;;;;;;0;0;0;2;;;0;1;Autovettura privata;In marcia / fermata / arresto;Volkswagen;Passat;Conducente;1986;F;Illeso;0;;;
3683111;8;13/02/2018 18:50:00;;VIA DEL FOSSO DELL'OSA;da specificare;;;;altezza via CARPINONE;Tamponamento;;;;;;;;;;0;0;0;2;;;0;2;Autovettura privata;In marcia / fermata / arresto;Fiat;Fiorino;Conducente;1968;M;Illeso;0;;;
3683115;8;13/02/2018 20:00:00;;VIA DI PRATAPORCI;all'intersezione con;VIA CAMPO BRUNO;VIA CAMPO BRUNO;;;Scontro laterale fra veicoli in marcia;;;;;;;;;;1;0;0;2;;;0;1;Autovettura privata;In marcia / fermata / arresto;Ford;Focus;Conducente;1980;M;Illeso;0;;;
3683115;8;13/02/2018 20:00:00;;VIA DI PRATAPORCI;all'intersezione con;VIA CAMPO BRUNO;VIA CAMPO BRUNO;;;Scontro laterale fra veicoli in marcia;;;;;;;;;;1;0;0;2;;;0;1;Autovettura privata;In marcia / fermata / arresto;Ford;Focus;Passeggero;2006;M;Illeso;0;;;
3683115;8;13/02/2018 20:00:00;;VIA DI PRATAPORCI;all'intersezione con;VIA CAMPO BRUNO;VIA CAMPO BRUNO;;;Scontro laterale fra veicoli in marcia;;;;;;;;;;1;0;0;2;;;0;2;Autovettura privata;In marcia / fermata / arresto;Opel;Corsa;Conducente;1947;M;Ricoverato;0;NON DECEDUTO;;
3683126;15;13/02/2018 19:20:00;;VIA DI PONTE GALERIA;da specificare;;;;200 mt prima di Via Usini;Veicolo in marcia contro ostacolo accidentale;;;;;;;;;;0;0;0;1;;;0;1;Autovettura privata;In marcia / fermata / arresto;Fiat;500;Conducente;0;M;Illeso;0;;;
3683145;20;12/02/2018 22:30:00;Strada Urbana;VIA DELLA BUFALOTTA;all'intersezione con;VIA ADOLFO ALBERTAZZI;VIA ADOLFO ALBERTAZZI;;;Veicolo in marcia contro veicolo fermo;Incrocio;Una carreggiata a doppio senso;Asciutto;Asfaltata;Verticale ed orizzontale;Sereno;Scarso;Buona;Sufficiente;0;0;0;2;;;0;1;Autovettura privata;In marcia / fermata / arresto;Renault;Megane Scenic;Conducente;1968;M;Illeso;0;;;
3683145;20;12/02/2018 22:30:00;Strada Urbana;VIA DELLA BUFALOTTA;all'intersezione con;VIA ADOLFO ALBERTAZZI;VIA ADOLFO ALBERTAZZI;;;Veicolo in marcia contro veicolo fermo;Incrocio;Una carreggiata a doppio senso;Asciutto;Asfaltata;Verticale ed orizzontale;Sereno;Scarso;Buona;Sufficiente;0;0;0;2;;;0;2;Autovettura privata;In marcia / fermata / arresto;Volkswagen;Touran;Conducente;1988;M;Illeso;0;;;
3683148;13;13/02/2018 16:45:00;;VIA CAPO PALINURO;all'intersezione con;PIAZZA FRANCESCO CONTEDUCA;PIAZZA FRANCESCO CONTEDUCA;;;Investimento di pedone;;;;;;;;;;0;0;0;3;;;0;;;;;;Pedone;1938;F;Illeso;0;;;
3683148;13;13/02/2018 16:45:00;;VIA CAPO PALINURO;all'intersezione con;PIAZZA FRANCESCO CONTEDUCA;PIAZZA FRANCESCO CONTEDUCA;;;Investimento di pedone;;;;;;;;;;0;0;0;3;;;0;1;Autovettura privata;In marcia / fermata / arresto;Volkswagen;Touran;Conducente;1974;M;Illeso;0;;Non accertato;
3683148;13;13/02/2018 16:45:00;;VIA CAPO PALINURO;all'intersezione con;PIAZZA FRANCESCO CONTEDUCA;PIAZZA FRANCESCO CONTEDUCA;;;Investimento di pedone;;;;;;;;;;0;0;0;3;;;0;1;Autovettura privata;In marcia / fermata / arresto;Volkswagen;Touran;Passeggero;2009;F;Illeso;0;;Non accertato;
3683158;4;13/02/2018 09:10:00;;VIA NOMENTANA;in corrispondenza;;del civico n.;569;;Tamponamento;;;;;;;;;;0;0;0;4;12,52837;41,93251;0;1;Autovettura privata;In marcia / fermata / arresto;Citroen;C4;Conducente;1979;M;Illeso;0;;Non accertato;
3683158;4;13/02/2018 09:10:00;;VIA NOMENTANA;in corrispondenza;;del civico n.;569;;Tamponamento;;;;;;;;;;0;0;0;4;12,52837;41,93251;0;1;Autovettura privata;In marcia / fermata / arresto;Citroen;C4;Passeggero;1972;F;Illeso;0;;Non accertato;
3683158;4;13/02/2018 09:10:00;;VIA NOMENTANA;in corrispondenza;;del civico n.;569;;Tamponamento;;;;;;;;;;0;0;0;4;12,52837;41,93251;0;1;Autovettura privata;In marcia / fermata / arresto;Citroen;C4;Passeggero;2014;M;Illeso;0;;Non accertato;
3683158;4;13/02/2018 09:10:00;;VIA NOMENTANA;in corrispondenza;;del civico n.;569;;Tamponamento;;;;;;;;;;0;0;0;4;12,52837;41,93251;0;2;Autovettura privata;In marcia / fermata / arresto;Fiat;500;Conducente;1990;F;Illeso;0;;Non accertato;
3683161;4;13/02/2018 17:30:00;;VIA SUVERETO;in prossimità;;del civico n.;331;;Scontro frontale/laterale SX fra veicoli in marcia;;;;;;;;;;0;0;0;3;;;0;1;Autovettura privata;In marcia / fermata / arresto;Toyota;Yaris;Conducente;1993;M;Illeso;0;;;
3683161;4;13/02/2018 17:30:00;;VIA SUVERETO;in prossimità;;del civico n.;331;;Scontro frontale/laterale SX fra veicoli in marcia;;;;;;;;;;0;0;0;3;;;0;1;Autovettura privata;In marcia / fermata / arresto;Toyota;Yaris;Passeggero;0;F;Illeso;0;;;
3683161;4;13/02/2018 17:30:00;;VIA SUVERETO;in prossimità;;del civico n.;331;;Scontro frontale/laterale SX fra veicoli in marcia;;;;;;;;;;0;0;0;3;;;0;2;Motociclo a solo;In marcia / fermata / arresto;Honda;SH 125;Conducente;1988;M;Illeso;0;;;
3683162;1;13/02/2018 16:20:00;Strada Urbana;PIAZZA DI PORTA CAPENA;in prossimità;;del palo luce n.;2;;Scontro frontale/laterale SX fra veicoli in marcia;Rettilineo;Una carreggiata a doppio senso;Asciutto;Asfaltata;Verticale ed orizzontale;Sereno;Normale;Buona;Ore Diurne;0;0;0;2;;;0;1;Autovettura privata;In marcia / fermata / arresto;Fiat;500 L;Conducente;1975;F;Illeso;0;;Non accertato;Inesploso
3683162;1;13/02/2018 16:20:00;Strada Urbana;PIAZZA DI PORTA CAPENA;in prossimità;;del palo luce n.;2;;Scontro frontale/laterale SX fra veicoli in marcia;Rettilineo;Una carreggiata a doppio senso;Asciutto;Asfaltata;Verticale ed orizzontale;Sereno;Normale;Buona;Ore Diurne;0;0;0;2;;;0;2;Autovettura pubblica;In marcia / fermata / arresto;BMW;520 D;Conducente;1978;M;Illeso;0;;Non accertato;Inesploso
3683163;5;13/02/2018 14:30:00;;VIA DI PORTONACCIO;da specificare;;;;altezza Largo De Dominicis;Scontro frontale/laterale DX fra veicoli in marcia;;;;;;;;;;1;0;0;1;12,53601;41,90301;0;1;Motociclo a solo;In marcia / fermata / arresto;Honda;FJS 400 D;Conducente;0;M;Rimandato;0;NON DECEDUTO;;
3683163;5;13/02/2018 14:30:00;;VIA DI PORTONACCIO;da specificare;;;;altezza Largo De Dominicis;Scontro frontale/laterale DX fra veicoli in marcia;;;;;;;;;;1;0;0;1;12,53601;41,90301;0;2;Autovettura privata;In marcia / fermata / arresto;Ford;Fusion;Conducente;0;F;Illeso;0;;;
3683170;19;14/02/2018 07:40:00;Strada Urbana;VIA DELLA PINETA SACCHETTI;in prossimità;;del civico n.;215a;;Investimento di pedone;Rettilineo;Una carreggiata a senso unico di marcia;Bagnato (umidità in atto);Asfaltata;Verticale ed orizzontale;Nuvoloso;Intenso;Buona;Ore Diurne;1;0;0;1;12,42711;41,92908;-1;;;;;;Pedone;1968;M;Rimandato;0;NON DECEDUTO;;
3683170;19;14/02/2018 07:40:00;Strada Urbana;VIA DELLA PINETA SACCHETTI;in prossimità;;del civico n.;215a;;Investimento di pedone;Rettilineo;Una carreggiata a senso unico di marcia;Bagnato (umidità in atto);Asfaltata;Verticale ed orizzontale;Nuvoloso;Intenso;Buona;Ore Diurne;1;0;0;1;12,42711;41,92908;-1;1;Motociclo a solo;In marcia / fermata / arresto;Kawasaki;(ignoto);Conducente;1984;M;Illeso;0;;;
3683177;17;13/02/2018 19:15:00;Strada Urbana;PIAZZA MONTE GRAPPA;da specificare;;;;DIREZIONE VIA PRESTINARI;Investimento di pedone;Rettilineo;Una carreggiata a senso unico di marcia;Asciutto;Asfaltata;Verticale ed orizzontale;Sereno;Normale;Sufficiente;;1;0;0;1;12,46925;41,91874;0;;;;;;Pedone;1958;M;Rimandato;0;NON DECEDUTO;;
3683177;17;13/02/2018 19:15:00;Strada Urbana;PIAZZA MONTE GRAPPA;da specificare;;;;DIREZIONE VIA PRESTINARI;Investimento di pedone;Rettilineo;Una carreggiata a senso unico di marcia;Asciutto;Asfaltata;Verticale ed orizzontale;Sereno;Normale;Sufficiente;;1;0;0;1;12,46925;41,91874;0;1;Autovettura privata;In marcia / fermata / arresto;Lancia;Thema;Conducente;1961;M;Illeso;0;;;
3683183;4;13/02/2018 18:10:00;;VIALE CARMELO BENE;all'intersezione semaforizzata con;VIA MARIO SOLDATI;VIA MARIO SOLDATI;;;Scontro frontale/laterale DX fra veicoli in marcia;;;;;;;;;;1;0;0;2;12,53369;41,9751;0;1;Autovettura privata;In marcia / fermata / arresto;Ford;C Max;Conducente;1950;M;Illeso;0;;Non accertato;
3683183;4;13/02/2018 18:10:00;;VIALE CARMELO BENE;all'intersezione semaforizzata con;VIA MARIO SOLDATI;VIA MARIO SOLDATI;;;Scontro frontale/laterale DX fra veicoli in marcia;;;;;;;;;;1;0;0;2;12,53369;41,9751;0;1;Autovettura privata;In marcia / fermata / arresto;Ford;C Max;Passeggero;1956;F;Illeso;0;;Non accertato;
3683183;4;13/02/2018 18:10:00;;VIALE CARMELO BENE;all'intersezione semaforizzata con;VIA MARIO SOLDATI;VIA MARIO SOLDATI;;;Scontro frontale/laterale DX fra veicoli in marcia;;;;;;;;;;1;0;0;2;12,53369;41,9751;0;2;Motociclo a solo;In marcia / fermata / arresto;Yamaha;YZF;Conducente;1998;M;Rifiuta cure immediate;0;NON DECEDUTO;Non accertato;
3683189;1;13/02/2018 19:05:00;Strada Urbana;VIA NAZIONALE;all'intersezione con;VIA DEI SERPENTI;VIA DEI SERPENTI;;;Scontro frontale/laterale SX fra veicoli in marcia;Incrocio;Una carreggiata a doppio senso;Asciutto;In cubetti di porfido;Verticale ed orizzontale;Sereno;Normale;Sufficiente;Sufficiente;0;0;0;2;;;0;1;Autovettura privata;In marcia / fermata / arresto;BMW;118 D;Conducente;1960;F;Illeso;0;;Non accertato;
3683189;1;13/02/2018 19:05:00;Strada Urbana;VIA NAZIONALE;all'intersezione con;VIA DEI SERPENTI;VIA DEI SERPENTI;;;Scontro frontale/laterale SX fra veicoli in marcia;Incrocio;Una carreggiata a doppio senso;Asciutto;In cubetti di porfido;Verticale ed orizzontale;Sereno;Normale;Sufficiente;Sufficiente;0;0;0;2;;;0;2;Motociclo a solo;In marcia / fermata / arresto;KTM;(non accertato);Conducente;1999;M;Illeso;0;;Non accertato;
3683194;16;13/02/2018 08:00:00;;VIA DI BRAVETTA;in corrispondenza;;del civico n.;226;;Investimento di pedone;;;;;;;;;;2;0;0;2;;;0;;;;;;Pedone;0;F;Illeso;0;;;
3683194;16;13/02/2018 08:00:00;;VIA DI BRAVETTA;in corrispondenza;;del civico n.;226;;Investimento di pedone;;;;;;;;;;2;0;0;2;;;0;;;;;;Pedone;2001;F;Rimandato;0;NON DECEDUTO;;
3683194;16;13/02/2018 08:00:00;;VIA DI BRAVETTA;in corrispondenza;;del civico n.;226;;Investimento di pedone;;;;;;;;;;2;0;0;2;;;0;1;Ciclomotore con passeggero;In marcia / fermata / arresto;SYM;SYMPHONY 50;Conducente;0;M;Rimandato;0;NON DECEDUTO;;
3683194;16;13/02/2018 08:00:00;;VIA DI BRAVETTA;in corrispondenza;;del civico n.;226;;Investimento di pedone;;;;;;;;;;2;0;0;2;;;0;1;Ciclomotore con passeggero;In marcia / fermata / arresto;SYM;SYMPHONY 50;Passeggero;0;M;Illeso;0;;;
3683221;1;13/02/2018 19:35:00;Strada Urbana;LUNGOTEVERE GIANICOLENSE;all'intersezione semaforizzata con;PONTE GIUSEPPE MAZZINI;PONTE GIUSEPPE MAZZINI;;;Scontro laterale fra veicoli in marcia;Intersezione semaforizzata;Una carreggiata a senso unico di marcia;Asciutto;Asfaltata;Verticale ed orizzontale;Sereno;Normale;Sufficiente;Sufficiente;0;0;0;3;;;0;1;Autovettura privata;In marcia / fermata / arresto;Fiat-Lancia;YPSILON;Conducente;1990;M;Illeso;0;;Non accertato;
3683221;1;13/02/2018 19:35:00;Strada Urbana;LUNGOTEVERE GIANICOLENSE;all'intersezione semaforizzata con;PONTE GIUSEPPE MAZZINI;PONTE GIUSEPPE MAZZINI;;;Scontro laterale fra veicoli in marcia;Intersezione semaforizzata;Una carreggiata a senso unico di marcia;Asciutto;Asfaltata;Verticale ed orizzontale;Sereno;Normale;Sufficiente;Sufficiente;0;0;0;3;;;0;1;Autovettura privata;In marcia / fermata / arresto;Fiat-Lancia;YPSILON;Passeggero;1964;F;Illeso;0;;Non accertato;
3683221;1;13/02/2018 19:35:00;Strada Urbana;LUNGOTEVERE GIANICOLENSE;all'intersezione semaforizzata con;PONTE GIUSEPPE MAZZINI;PONTE GIUSEPPE MAZZINI;;;Scontro laterale fra veicoli in marcia;Intersezione semaforizzata;Una carreggiata a senso unico di marcia;Asciutto;Asfaltata;Verticale ed orizzontale;Sereno;Normale;Sufficiente;Sufficiente;0;0;0;3;;;0;2;Autobus turistico;In marcia / fermata / arresto;Irizar Scania;(ignoto);Conducente;1967;M;Illeso;0;;Non accertato;
3683227;4;13/02/2018 23:40:00;;PIAZZALE ADRIATICO;in prossimità;;del civico n.;4;;Tamponamento;;;;;;;;;;0;0;0;2;12,53616;41,94015;0;1;Autovettura privata;In marcia / fermata / arresto;Lancia;Ypsilon;Conducente;1998;F;Illeso;0;;Non accertato;
3683227;4;13/02/2018 23:40:00;;PIAZZALE ADRIATICO;in prossimità;;del civico n.;4;;Tamponamento;;;;;;;;;;0;0;0;2;12,53616;41,94015;0;1;Autovettura privata;In marcia / fermata / arresto;Lancia;Ypsilon;Passeggero;1998;M;Illeso;0;;Non accertato;
3683229;4;13/02/2018 12:05:00;Strada Urbana;VIA DELLA BUFALOTTA;all'intersezione con;VIA CANBERRA;VIA CANBERRA;;;Scontro frontale/laterale SX fra veicoli in marcia;Incrocio;Una carreggiata a doppio senso;Asciutto;Asfaltata;Verticale ed orizzontale;Sereno;Normale;Buona;Ore Diurne;0;0;0;2;12,54983;41,96743;0;1;Autovettura privata;In marcia / fermata / arresto;Ford;Kuga;Conducente;1976;M;Illeso;0;;;
3683229;4;13/02/2018 12:05:00;Strada Urbana;VIA DELLA BUFALOTTA;all'intersezione con;VIA CANBERRA;VIA CANBERRA;;;Scontro frontale/laterale SX fra veicoli in marcia;Incrocio;Una carreggiata a doppio senso;Asciutto;Asfaltata;Verticale ed orizzontale;Sereno;Normale;Buona;Ore Diurne;0;0;0;2;12,54983;41,96743;0;2;Autocarro inferiore 35 q.;In marcia / fermata / arresto;Fiat;Doblò;Conducente;1993;M;Illeso;0;;;
3683241;13;13/02/2018 07:30:00;;VIA OSTIENSE;all'intersezione con;VIA ALBI;VIA ALBI;;;Scontro frontale/laterale SX fra veicoli in marcia;;;;;;;;;;1;0;0;1;;;0;1;Autovettura privata;In marcia / fermata / arresto;Fiat;Panda;Conducente;1969;F;Illeso;0;;Non accertato;Inesploso
3683241;13;13/02/2018 07:30:00;;VIA OSTIENSE;all'intersezione con;VIA ALBI;VIA ALBI;;;Scontro frontale/laterale SX fra veicoli in marcia;;;;;;;;;;1;0;0;1;;;0;2;Motociclo a solo;In marcia / fermata / arresto;Honda;Transalp;Conducente;1979;M;Rimandato;0;NON DECEDUTO;Utilizzato;
3683253;1;14/02/2018 00:10:00;Strada Urbana;VIA GIOVANNI AMENDOLA;all'intersezione con;VIA D'AZEGLIO;VIA D'AZEGLIO;;;Scontro frontale/laterale SX fra veicoli in marcia;Incrocio;Una carreggiata a senso unico di marcia;Asciutto;Asfaltata;Verticale ed orizzontale;Sereno;Scarso;Buona;Sufficiente;1;0;0;1;;;0;1;Autovettura privata;In marcia / fermata / arresto;Smart ;FORTWO;Conducente;1992;F;Illeso;0;;Non accertato;
3683253;1;14/02/2018 00:10:00;Strada Urbana;VIA GIOVANNI AMENDOLA;all'intersezione con;VIA D'AZEGLIO;VIA D'AZEGLIO;;;Scontro frontale/laterale SX fra veicoli in marcia;Incrocio;Una carreggiata a senso unico di marcia;Asciutto;Asfaltata;Verticale ed orizzontale;Sereno;Scarso;Buona;Sufficiente;1;0;0;1;;;0;2;Motociclo a solo;In marcia / fermata / arresto;Honda;SH150;Conducente;0;M;Rimandato;0;NON DECEDUTO;;
3683276;17;13/02/2018 19:50:00;Strada Urbana;VIALE DELLE MILIZIE;all'intersezione semaforizzata con;VIA LEPANTO;VIA LEPANTO;;;Investimento di pedone;Intersezione semaforizzata;Più di due carreggiate;Asciutto;Asfaltata;Verticale ed orizzontale;Sereno;Normale;Sufficiente;Sufficiente;1;0;0;2;12,46534;41,91274;0;;;;;;Pedone;1990;F;Rimandato;0;NON DECEDUTO;;
3683276;17;13/02/2018 19:50:00;Strada Urbana;VIALE DELLE MILIZIE;all'intersezione semaforizzata con;VIA LEPANTO;VIA LEPANTO;;;Investimento di pedone;Intersezione semaforizzata;Più di due carreggiate;Asciutto;Asfaltata;Verticale ed orizzontale;Sereno;Normale;Sufficiente;Sufficiente;1;0;0;2;12,46534;41,91274;0;1;Autovettura di polizia;In marcia / fermata / arresto;BMW;525;Conducente;1963;M;Illeso;0;;;
3683276;17;13/02/2018 19:50:00;Strada Urbana;VIALE DELLE MILIZIE;all'intersezione semaforizzata con;VIA LEPANTO;VIA LEPANTO;;;Investimento di pedone;Intersezione semaforizzata;Più di due carreggiate;Asciutto;Asfaltata;Verticale ed orizzontale;Sereno;Normale;Sufficiente;Sufficiente;1;0;0;2;12,46534;41,91274;0;1;Autovettura di polizia;In marcia / fermata / arresto;BMW;525;Passeggero;1971;F;Illeso;0;;;
3683283;10;14/02/2018 08:50:00;Strada Urbana;VIA DEL PONTE DELLE SETTE MIGLIA;all'intersezione con;VIA LEOPOLDO MICUCCI;VIA LEOPOLDO MICUCCI;;;Scontro frontale/laterale SX fra veicoli in marcia;Intersezione stradale segnalata;Una carreggiata a doppio senso;Asciutto;Asfaltata;Verticale ed orizzontale;Nuvoloso;Normale;Buona;Ore Diurne;1;0;0;4;;;0;1;Autovettura privata;In marcia / fermata / arresto;Nissan;Micra;Conducente;1978;F;Rimandato;0;NON DECEDUTO;Non accertato;Inesploso
3683283;10;14/02/2018 08:50:00;Strada Urbana;VIA DEL PONTE DELLE SETTE MIGLIA;all'intersezione con;VIA LEOPOLDO MICUCCI;VIA LEOPOLDO MICUCCI;;;Scontro frontale/laterale SX fra veicoli in marcia;Intersezione stradale segnalata;Una carreggiata a doppio senso;Asciutto;Asfaltata;Verticale ed orizzontale;Nuvoloso;Normale;Buona;Ore Diurne;1;0;0;4;;;0;1;Autovettura privata;In marcia / fermata / arresto;Nissan;Micra;Passeggero;2013;M;Illeso;0;;Utilizzato;Esploso
3683283;10;14/02/2018 08:50:00;Strada Urbana;VIA DEL PONTE DELLE SETTE MIGLIA;all'intersezione con;VIA LEOPOLDO MICUCCI;VIA LEOPOLDO MICUCCI;;;Scontro frontale/laterale SX fra veicoli in marcia;Intersezione stradale segnalata;Una carreggiata a doppio senso;Asciutto;Asfaltata;Verticale ed orizzontale;Nuvoloso;Normale;Buona;Ore Diurne;1;0;0;4;;;0;2;Autovettura privata;In marcia / fermata / arresto;Mitsubishi;Colt;Conducente;1990;M;Illeso;0;;Non accertato;Esploso