Protocollo;Gruppo;DataOraIncidente;Localizzazione1;STRADA1;Localizzazione2;STRADA2;Strada02;Chilometrica;DaSpecificare;NaturaIncidente;particolaritastrade;TipoStrada;FondoStradale;Pavimentazione;Segnaletica;CondizioneAtmosferica;Traffico;Visibilita;Illuminazione;NUM_FERITI;NUM_RISERVATA;NUM_MORTI;NUM_ILLESI;Longitudine;Latitudine;Confermato;Progressivo;TipoVeicolo;StatoVeicolo;Marca;Modello;TipoPersona;AnnoNascita;Sesso;Tipolesione;Deceduto;DecedutoDopo;CinturaCascoUtilizzato;Airbag;
3683283;10;14/02/2018 08:50:00;Strada Urbana;VIA DEL PONTE DELLE SETTE MIGLIA;all'intersezione con;VIA LEOPOLDO MICUCCI;VIA LEOPOLDO MICUCCI;;;Scontro frontale/laterale SX fra veicoli in marcia;Intersezione stradale segnalata;Una carreggiata a doppio senso;Asciutto;Asfaltata;Verticale ed orizzontale;Nuvoloso;Normale;Buona;Ore Diurne;1;0;0;4;;;0;3;Autovettura privata;In marcia / fermata / arresto;Ford;Kuga;Conducente;1982;M;Illeso;0;;Non accertato;Inesploso
3683283;10;14/02/2018 08:50:00;Strada Urbana;VIA DEL PONTE DELLE SETTE MIGLIA;all'intersezione con;VIA LEOPOLDO MICUCCI;VIA LEOPOLDO MICUCCI;;;Scontro frontale/laterale SX fra veicoli in marcia;Intersezione stradale segnalata;Una carreggiata a doppio senso;Asciutto;Asfaltata;Verticale ed orizzontale;Nuvoloso;Normale;Buona;Ore Diurne;1;0;0;4;;;0;3;Autovettura privata;In marcia / fermata / arresto;Ford;Kuga;Passeggero;1983;F;Illeso;0;;Non accertato;Inesploso
3683302;23;13/02/2018 08:50:00;Comunale extraurbana;VIA CRISTOFORO COLOMBO;all'intersezione semaforizzata con;VIA DI ACILIA;VIA DI ACILIA;;;Tamponamento;Intersezione semaforizzata;Più di due carreggiate;Asciutto;Asfaltata;Verticale ed orizzontale;Sereno;Intenso;Buona;Ore Diurne;1;0;0;1;12,3831;41,76524;0;1;Autovettura privata;In marcia / fermata / arresto;Fiat;Doblò;Conducente;1974;M;Illeso;0;;Non accertato;Inesploso
3683302;23;13/02/2018 08:50:00;Comunale extraurbana;VIA CRISTOFORO COLOMBO;all'intersezione semaforizzata con;VIA DI ACILIA;VIA DI ACILIA;;;Tamponamento;Intersezione semaforizzata;Più di due carreggiate;Asciutto;Asfaltata;Verticale ed orizzontale;Sereno;Intenso;Buona;Ore Diurne;1;0;0;1;12,3831;41,76524;0;2;Motociclo a solo;In marcia / fermata / arresto;Piaggio;Beverly;Conducente;1982;F;Rimandato;0;NON DECEDUTO;Utilizzato;
3683328;1;13/02/2018 20:50:00;Strada Urbana;VIA CESARE BATTISTI;in prossimità;;del civico n.;121;;Investimento di pedone;Rettilineo;Una carreggiata a doppio senso;Asciutto;In cubetti di porfido;Verticale ed orizzontale;Sereno;Normale;Sufficiente;Sufficiente;1;0;0;1;;;0;;;;;;Pedone;1977;M;Rimandato;0;NON DECEDUTO;;
3683328;1;13/02/2018 20:50:00;Strada Urbana;VIA CESARE BATTISTI;in prossimità;;del civico n.;121;;Investimento di pedone;Rettilineo;Una carreggiata a doppio senso;Asciutto;In cubetti di porfido;Verticale ed orizzontale;Sereno;Normale;Sufficiente;Sufficiente;1;0;0;1;;;0;1;Autovettura privata;In marcia / fermata / arresto;Toyota;Rav 4;Conducente;1960;M;Illeso;0;;Non accertato;
3683354;12;13/02/2018 07:45:00;Strada Urbana;VIA CARMELO MAESTRINI;in corrispondenza;;del civico n.;275;;Scontro laterale fra veicoli in marcia;Rettilineo;Una carreggiata a senso unico di marcia;Asciutto;Asfaltata;Verticale ed orizzontale;Sereno;Normale;Buona;Ore Diurne;0;0;0;2;12,44512;41,79534;0;1;Autovettura privata;In marcia / fermata / arresto;Ford;Fusion;Conducente;1941;M;Illeso;0;;Utilizzato;
3683354;12;13/02/2018 07:45:00;Strada Urbana;VIA CARMELO MAESTRINI;in corrispondenza;;del civico n.;275;;Scontro laterale fra veicoli in marcia;Rettilineo;Una carreggiata a senso unico di marcia;Asciutto;Asfaltata;Verticale ed orizzontale;Sereno;Normale;Buona;Ore Diurne;0;0;0;2;12,44512;41,79534;0;2;Autovettura privata;In marcia / fermata / arresto;Fiat;Doblò;Conducente;1985;M;Illeso;0;;;
3683366;2;09/02/2018 21:30:00;;VIA DEL FORO ITALICO;da specificare;;;;alt. Tamoil dir. uscita Parioli/S. Giovanni;Veicolo in marcia contro ostacolo accidentale;;;;;;;;;;0;0;0;1;;;0;1;Autovettura privata;In marcia / fermata / arresto;Seat;Ibiza;Conducente;1995;M;Illeso;0;;;
3683377;1;13/02/2018 22:30:00;Strada Urbana;VIA MARSALA;in prossimità;;del civico n.;95/a;;Veicolo in marcia contro ostacolo accidentale;Rettilineo;Una carreggiata a doppio senso;Asciutto;In cubetti di porfido;Verticale ed orizzontale;Sereno;Scarso;Sufficiente;Sufficiente;0;0;0;1;;;0;1;Autovettura privata;In marcia / fermata / arresto;Mercedes;A 200;Conducente;1994;M;Illeso;0;;Non accertato;
3683378;2;13/02/2018 11:55:00;;VIA ARCHIMEDE;all'intersezione con;VIA TEODORO MONTICELLI;VIA TEODORO MONTICELLI;;;Scontro laterale fra veicoli in marcia;;;;;;;;;;0;0;0;2;;;0;1;Autovettura privata;In marcia / fermata / arresto;Nissan;Micra;Conducente;1983;F;Illeso;0;;;
3683378;2;13/02/2018 11:55:00;;VIA ARCHIMEDE;all'intersezione con;VIA TEODORO MONTICELLI;VIA TEODORO MONTICELLI;;;Scontro laterale fra veicoli in marcia;;;;;;;;;;0;0;0;2;;;0;2;Autovettura privata;In marcia / fermata / arresto;Volkswagen;FOX;Conducente;1956;F;Illeso;0;;;
3683380;2;09/02/2018 14:10:00;;VIA GIAMBATTISTA VICO;in prossimità;;del civico n.;1;;Tamponamento;;;;;;;;;;0;0;0;1;;;0;1;Autovettura privata;In marcia / fermata / arresto;Citroen;C 1;Conducente;1976;F;Illeso;0;;;
3683382;2;13/02/2018 15:55:00;;LUNGOTEVERE ARNALDO DA BRESCIA;all'intersezione con;VIA LUISA DI SAVOIA;VIA LUISA DI SAVOIA;;;Scontro laterale fra veicoli in marcia;;;;;;;;;;0;0;0;2;;;0;1;Autobus turistico;In marcia / fermata / arresto; Mercedes ;(ignoto);Conducente;1984;M;Illeso;0;;;
3683382;2;13/02/2018 15:55:00;;LUNGOTEVERE ARNALDO DA BRESCIA;all'intersezione con;VIA LUISA DI SAVOIA;VIA LUISA DI SAVOIA;;;Scontro laterale fra veicoli in marcia;;;;;;;;;;0;0;0;2;;;0;2;Autovettura privata;In marcia / fermata / arresto;Peugeot;208;Conducente;1972;M;Illeso;0;;;
3683383;2;13/02/2018 19:15:00;;PIAZZA PALOMBARA SABINA;da specificare;;;;fronte via Rocca Sinibalda;Veicolo in marcia contro veicolo fermo;;;;;;;;;;0;0;0;1;;;0;2;Autovettura privata;In marcia / fermata / arresto;Mercedes;(ignoto);Conducente;1944;M;Illeso;0;;;
3683390;2;13/02/2018 20:15:00;;VIA DEL FORO ITALICO;in prossimità;;del civico n.;647;;Ribaltamento senza urto contro ostacolo fisso;;;;;;;;;;1;0;0;0;;;0;1;Motociclo a solo;In marcia / fermata / arresto;Honda;SH150;Conducente;1973;M;Rimandato;0;NON DECEDUTO;;
3683395;1;13/02/2018 22:00:00;Strada Urbana;VIA MARSALA;in prossimità;;del civico n.;95/a;;Veicolo in marcia contro ostacolo accidentale;Rettilineo;Una carreggiata a doppio senso;Asciutto;In cubetti di porfido;Verticale ed orizzontale;Sereno;Scarso;Sufficiente;Sufficiente;0;0;0;2;;;0;1;Autovettura privata;In marcia / fermata / arresto;Volkswagen;Passat;Conducente;1969;M;Illeso;0;;Non accertato;
3683395;1;13/02/2018 22:00:00;Strada Urbana;VIA MARSALA;in prossimità;;del civico n.;95/a;;Veicolo in marcia contro ostacolo accidentale;Rettilineo;Una carreggiata a doppio senso;Asciutto;In cubetti di porfido;Verticale ed orizzontale;Sereno;Scarso;Sufficiente;Sufficiente;0;0;0;2;;;0;1;Autovettura privata;In marcia / fermata / arresto;Volkswagen;Passat;Passeggero;1967;F;Illeso;0;;Non accertato;
3683417;5;14/02/2018 10:00:00;Strada Urbana;VIA FRANCESCO PAOLO BONIFACIO;all'intersezione con;VIA CARLO ARTURO JEMOLO;VIA CARLO ARTURO JEMOLO;;;Scontro frontale/laterale DX fra veicoli in marcia;Incrocio;Due carreggiate;Asciutto;Asfaltata;Verticale ed orizzontale;Sereno;Normale;Buona;Ore Diurne;0;0;0;2;12,58108;41,95101;-1;1;Autovettura privata;In marcia / fermata / arresto;Fiat;Punto;Conducente;1958;F;Illeso;0;;Non accertato;Inesploso
3683417;5;14/02/2018 10:00:00;Strada Urbana;VIA FRANCESCO PAOLO BONIFACIO;all'intersezione con;VIA CARLO ARTURO JEMOLO;VIA CARLO ARTURO JEMOLO;;;Scontro frontale/laterale DX fra veicoli in marcia;Incrocio;Due carreggiate;Asciutto;Asfaltata;Verticale ed orizzontale;Sereno;Normale;Buona;Ore Diurne;0;0;0;2;12,58108;41,95101;-1;2;Autovettura privata;In marcia / fermata / arresto;Toyota;Aygo;Conducente;1968;M;Illeso;0;;Non accertato;Inesploso
3683422;12;13/02/2018 08:20:00;Strada Urbana;VIA CRISTOFORO COLOMBO;all'intersezione con;VIALE ASIA;VIALE ASIA;;;Scontro frontale/laterale SX fra veicoli in marcia;Incrocio;Una carreggiata a senso unico di marcia;Asciutto;Asfaltata;Verticale ed orizzontale;Sereno;Intenso;Buona;Ore Diurne;0;0;0;2;12,47013;41,83206;0;1;Autovettura privata;In marcia / fermata / arresto;Mercedes;Smart Fortwo Coupè;Conducente;1963;F;Illeso;0;;Utilizzato;
3683422;12;13/02/2018 08:20:00;Strada Urbana;VIA CRISTOFORO COLOMBO;all'intersezione con;VIALE ASIA;VIALE ASIA;;;Scontro frontale/laterale SX fra veicoli in marcia;Incrocio;Una carreggiata a senso unico di marcia;Asciutto;Asfaltata;Verticale ed orizzontale;Sereno;Intenso;Buona;Ore Diurne;0;0;0;2;12,47013;41,83206;0;2;Autovettura privata;In marcia / fermata / arresto;Toyota;IQ;Conducente;1958;M;Illeso;0;;Utilizzato;
3683479;11;14/02/2018 10:45:00;Strada Urbana;VIALE CARLO TOMMASO ODESCALCHI;in prossimità;;del civico n.;55;;Veicolo in marcia contro veicolo in sosta;Rettilineo;Due carreggiate;Bagnato (pioggia);Asfaltata;Orizzontale;Pioggia in atto;Scarso;Buona;Ore Diurne;0;0;0;1;12,50156;41,85785;0;1;Autovettura privata;In marcia / fermata / arresto;Chrysler;Jeep Grand Cherokee;Conducente;1965;M;Illeso;0;;Non accertato;Inesploso
3683483;18;14/02/2018 08:30:00;Strada Urbana;VIA AURELIA;all'intersezione con;VIA AGOSTINO RICHELMY;VIA AGOSTINO RICHELMY;;;Ribaltamento senza urto contro ostacolo fisso;Intersezione stradale segnalata;Una carreggiata a doppio senso;Bagnato (pioggia);Asfaltata;Verticale ed orizzontale;Pioggia in atto;Intenso;Buona;Ore Diurne;1;0;0;1;12,43946;41,89838;-1;1;Motociclo a solo;In marcia / fermata / arresto;Honda;SH 150;Conducente;1962;M;Rifiuta cure immediate;0;NON DECEDUTO;Non accertato;
3683483;18;14/02/2018 08:30:00;Strada Urbana;VIA AURELIA;all'intersezione con;VIA AGOSTINO RICHELMY;VIA AGOSTINO RICHELMY;;;Ribaltamento senza urto contro ostacolo fisso;Intersezione stradale segnalata;Una carreggiata a doppio senso;Bagnato (pioggia);Asfaltata;Verticale ed orizzontale;Pioggia in atto;Intenso;Buona;Ore Diurne;1;0;0;1;12,43946;41,89838;-1;2;Motociclo a solo;In marcia / fermata / arresto;BMW;(non accertato);Conducente;1960;M;Illeso;0;;Non accertato;
3683503;15;14/02/2018 08:00:00;;VIALE PROSPERO COLONNA;da specificare;;;;PROSSIMITà CIV. 63;Veicolo in marcia contro veicolo fermo;;;;;;;;;;1;0;0;3;;;0;1;Autovettura privata;In marcia / fermata / arresto;Alfa Romeo;Giulietta;Conducente;0;F;Illeso;0;;;
3683503;15;14/02/2018 08:00:00;;VIALE PROSPERO COLONNA;da specificare;;;;PROSSIMITà CIV. 63;Veicolo in marcia contro veicolo fermo;;;;;;;;;;1;0;0;3;;;0;1;Autovettura privata;In marcia / fermata / arresto;Alfa Romeo;Giulietta;Passeggero;0;F;Illeso;0;;;
3683503;15;14/02/2018 08:00:00;;VIALE PROSPERO COLONNA;da specificare;;;;PROSSIMITà CIV. 63;Veicolo in marcia contro veicolo fermo;;;;;;;;;;1;0;0;3;;;0;2;Motociclo a solo;In marcia / fermata / arresto;Suzuki;Intruder;Conducente;0;M;Rifiuta cure immediate;0;NON DECEDUTO;;
3683540;15;14/02/2018 08:15:00;;VIA PORTUENSE;all'intersezione con;VIA SAN MARCELLO PISTOIESE;VIA SAN MARCELLO PISTOIESE;;;Scontro frontale fra veicoli in marcia;;;;;;;;;;1;0;0;1;;;0;1;Motociclo a solo;In marcia / fermata / arresto;Honda;SH 150;Conducente;0;M;Rifiuta cure immediate;0;NON DECEDUTO;;
3683540;15;14/02/2018 08:15:00;;VIA PORTUENSE;all'intersezione con;VIA SAN MARCELLO PISTOIESE;VIA SAN MARCELLO PISTOIESE;;;Scontro frontale fra veicoli in marcia;;;;;;;;;;1;0;0;1;;;0;2;Quadriciclo leggero;In marcia / fermata / arresto;Chatenet;CH 26;Conducente;0;M;Illeso;0;;;
3683547;20;14/02/2018 11:20:00;Regionale entro l'abitato;VIA FLAMINIA;in corrispondenza;;del civico n.;499;;Scontro laterale fra veicoli in marcia;Curva a visuale libera;Una carreggiata a doppio senso;Bagnato (pioggia);Asfaltata;Verticale ed orizzontale;Pioggia in atto;Normale;Buona;Ore Diurne;1;0;0;1;;;0;1;Autovettura pubblica;In marcia / fermata / arresto;Ford;Focus;Conducente;1962;M;Illeso;0;;Non accertato;Inesploso
3683547;20;14/02/2018 11:20:00;Regionale entro l'abitato;VIA FLAMINIA;in corrispondenza;;del civico n.;499;;Scontro laterale fra veicoli in marcia;Curva a visuale libera;Una carreggiata a doppio senso;Bagnato (pioggia);Asfaltata;Verticale ed orizzontale;Pioggia in atto;Normale;Buona;Ore Diurne;1;0;0;1;;;0;2;Ciclomotore;In marcia / fermata / arresto;Piaggio;Liberty;Conducente;1995;M;Rifiuta cure immediate;0;NON DECEDUTO;Non accertato;
3683633;12;13/02/2018 09:30:00;Strada Urbana;VIA ANDREA MELDOLA;da specificare;;;;fr. 33;Veicolo in marcia contro ostacolo fisso;Rettilineo;Una carreggiata a doppio senso;Asciutto;Asfaltata;Verticale ed orizzontale;Sereno;Normale;Buona;Ore Diurne;0;0;0;1;12,50776;41,82355;0;1;Autovettura privata;In marcia / fermata / arresto;Citroen;DS3;Conducente;1989;F;Illeso;0;;;
3683646;12;13/02/2018 13:15:00;Strada Urbana;VIALE DELL'UMANESIMO;in corrispondenza;;del palo luce n.;33;;Scontro laterale fra veicoli in marcia;Rettilineo;Una carreggiata a doppio senso;Asciutto;Asfaltata;Verticale ed orizzontale;Sereno;Normale;Buona;Ore Diurne;0;0;0;2;12,46947;41,82324;0;1;Autovettura privata;In marcia / fermata / arresto;Nissan;Juke;Conducente;1980;M;Illeso;0;;Utilizzato;Inesploso
3683646;12;13/02/2018 13:15:00;Strada Urbana;VIALE DELL'UMANESIMO;in corrispondenza;;del palo luce n.;33;;Scontro laterale fra veicoli in marcia;Rettilineo;Una carreggiata a doppio senso;Asciutto;Asfaltata;Verticale ed orizzontale;Sereno;Normale;Buona;Ore Diurne;0;0;0;2;12,46947;41,82324;0;2;Autovettura privata;In marcia / fermata / arresto;Audi;A 3;Conducente;1953;M;Illeso;0;;Utilizzato;Inesploso
3683757;6;14/02/2018 12:20:00;Strada Urbana;VIA FRANCESCO LAPARELLI;all'intersezione con;VIA BERNARDO BUONTALENTI;VIA BERNARDO BUONTALENTI;;;Veicolo in marcia contro veicolo in sosta;Incrocio;Una carreggiata a senso unico di marcia;Bagnato (umidità in atto);Asfaltata;Orizzontale;Nuvoloso;Normale;Buona;Ore Diurne;0;0;0;1;12,53953;41,879;-1;1;Autovettura privata;In marcia / fermata / arresto;Fiat;Punto;Conducente;1994;M;Illeso;0;;Non accertato;Inesploso
3683880;2;14/02/2018 13:40:00;;VIA DEL FORO ITALICO;in corrispondenza;;del civico n.;611;;Scontro laterale fra veicoli in marcia;;;;;;;;;;0;0;0;2;;;0;1;Autovettura privata;In marcia / fermata / arresto;Volkswagen;Lupo;Conducente;1986;M;Illeso;0;;;
3683880;2;14/02/2018 13:40:00;;VIA DEL FORO ITALICO;in corrispondenza;;del civico n.;611;;Scontro laterale fra veicoli in marcia;;;;;;;;;;0;0;0;2;;;0;2;Motociclo a solo;In marcia / fermata / arresto;Honda;SH 125;Conducente;1995;M;Illeso;0;;;
3683912;20;14/02/2018 13:50:00;Strada Urbana;VIA DELLA CAMILLUCCIA;in prossimità;;del civico n.;587;;Scontro frontale/laterale SX fra veicoli in marcia;Rettilineo;Una carreggiata a doppio senso;Asciutto;Asfaltata;Orizzontale;Sereno;Normale;Buona;Ore Diurne;1;0;0;1;;;0;1;Autovettura privata;In marcia / fermata / arresto;Smart ;Smart for two coupè;Conducente;1966;F;Illeso;0;;Non accertato;Inesploso
3683912;20;14/02/2018 13:50:00;Strada Urbana;VIA DELLA CAMILLUCCIA;in prossimità;;del civico n.;587;;Scontro frontale/laterale SX fra veicoli in marcia;Rettilineo;Una carreggiata a doppio senso;Asciutto;Asfaltata;Orizzontale;Sereno;Normale;Buona;Ore Diurne;1;0;0;1;;;0;2;Motociclo a solo;In marcia / fermata / arresto;Honda;SH 150;Conducente;1952;M;Rimandato;0;NON DECEDUTO;Non accertato;
3683921;7;14/02/2018 14:00:00;Strada Urbana;VIA ADRIANO CECIONI;in prossimità;;del civico n.;44;;Veicolo in marcia contro veicolo fermo;Rettilineo;Una carreggiata a senso unico di marcia;Asciutto;Asfaltata;Orizzontale;Sereno;Normale;Buona;Ore Diurne;0;0;0;2;12,59158;41,90229;-1;1;Autovettura privata;In marcia / fermata / arresto;Renault;Kangoo;Conducente;1976;M;Illeso;0;;;
3683921;7;14/02/2018 14:00:00;Strada Urbana;VIA ADRIANO CECIONI;in prossimità;;del civico n.;44;;Veicolo in marcia contro veicolo fermo;Rettilineo;Una carreggiata a senso unico di marcia;Asciutto;Asfaltata;Orizzontale;Sereno;Normale;Buona;Ore Diurne;0;0;0;2;12,59158;41,90229;-1;2;Autovettura privata;In marcia / fermata / arresto;Peugeot;208;Conducente;1981;M;Illeso;0;;;
3684000;1;14/02/2018 10:00:00;Strada Urbana;VIA MARIA ADELAIDE;in prossimità;;del civico n.;5;;Investimento di pedone;Rettilineo;Una carreggiata a senso unico di marcia;Bagnato (pioggia);Asfaltata;Verticale ed orizzontale;Pioggia in atto;Intenso;Buona;Ore Diurne;1;0;0;1;;;0;;;;;;Pedone;1955;M;Rimandato;0;NON DECEDUTO;;
3684000;1;14/02/2018 10:00:00;Strada Urbana;VIA MARIA ADELAIDE;in prossimità;;del civico n.;5;;Investimento di pedone;Rettilineo;Una carreggiata a senso unico di marcia;Bagnato (pioggia);Asfaltata;Verticale ed orizzontale;Pioggia in atto;Intenso;Buona;Ore Diurne;1;0;0;1;;;0;1;Autovettura privata;In marcia / fermata / arresto;Nissan;Micra;Conducente;1977;M;Illeso;0;;Utilizzato;Inesploso
3684035;9;14/02/2018 11:40:00;;VIA TUSCOLANA;da specificare;;;;altezza VIA DEI QUINTILI;Scontro laterale fra veicoli in marcia;;;;;;;;;;1;0;0;1;12,54734;41,86426;0;1;Autocarro inferiore 35 q.;In marcia / fermata / arresto;Bedford;(non accertato);Conducente;1971;M;Illeso;0;;Non accertato;Inesploso
3684035;9;14/02/2018 11:40:00;;VIA TUSCOLANA;da specificare;;;;altezza VIA DEI QUINTILI;Scontro laterale fra veicoli in marcia;;;;;;;;;;1;0;0;1;12,54734;41,86426;0;2;Autovettura privata;In marcia / fermata / arresto;Chevrolet;Matiz;Conducente;1976;M;Rimandato;0;NON DECEDUTO;Non accertato;Inesploso
3684038;10;14/02/2018 16:00:00;Strada Urbana;PIAZZA QUINTO CURZIO;all'intersezione con;VIA STATILIO OTTATO;VIA STATILIO OTTATO;;;Scontro laterale fra veicoli in marcia;Intersezione stradale segnalata;Una carreggiata a senso unico di marcia;Asciutto;Asfaltata;Verticale ed orizzontale;Sereno;Normale;Sufficiente;Sufficiente;1;0;0;1;;;0;1;Autovettura privata;In marcia / fermata / arresto;Volkswagen;Polo;Conducente;1972;M;Illeso;0;;;
3684038;10;14/02/2018 16:00:00;Strada Urbana;PIAZZA QUINTO CURZIO;all'intersezione con;VIA STATILIO OTTATO;VIA STATILIO OTTATO;;;Scontro laterale fra veicoli in marcia;Intersezione stradale segnalata;Una carreggiata a senso unico di marcia;Asciutto;Asfaltata;Verticale ed orizzontale;Sereno;Normale;Sufficiente;Sufficiente;1;0;0;1;;;0;2;Motociclo a solo;In marcia / fermata / arresto;Honda;Silver Wing;Conducente;1961;M;Rimandato;0;NON DECEDUTO;Non accertato;
3684040;13;14/02/2018 15:45:00;Strada Urbana;VIA DEL MARE;in prossimità;;della chilometrica;15.8;;Tamponamento;Rettilineo;Una carreggiata a doppio senso;Bagnato (pioggia);Asfaltata;Verticale ed orizzontale;Nuvoloso;Normale;Buona;Ore Diurne;0;0;0;2;12,38839;41,7928;0;1;Autovettura privata;In marcia / fermata / arresto;Land Rover;Discovery;Conducente;1962;M;Illeso;0;;Non accertato;Inesploso
3684040;13;14/02/2018 15:45:00;Strada Urbana;VIA DEL MARE;in prossimità;;della chilometrica;15.8;;Tamponamento;Rettilineo;Una carreggiata a doppio senso;Bagnato (pioggia);Asfaltata;Verticale ed orizzontale;Nuvoloso;Normale;Buona;Ore Diurne;0;0;0;2;12,38839;41,7928;0;2;Autovettura privata;In marcia / fermata / arresto;Toyota;Rav;Conducente;1980;F;Illeso;0;;Non accertato;Inesploso
3684115;1;14/02/2018 09:00:00;Strada Urbana;PIAZZALE OSTIENSE;all'intersezione con;VIALE MARCO POLO;VIALE MARCO POLO;;;Scontro frontale/laterale DX fra veicoli in marcia;Incrocio;Una carreggiata a senso unico di marcia;Bagnato (pioggia);Asfaltata;Orizzontale;Pioggia in atto;Normale;Buona;Ore Diurne;0;0;0;2;12,48191;41,87624;0;1;Autovettura privata;In marcia / fermata / arresto;Smart ;FORTWO;Conducente;1942;F;Illeso;0;;Non accertato;
3684115;1;14/02/2018 09:00:00;Strada Urbana;PIAZZALE OSTIENSE;all'intersezione con;VIALE MARCO POLO;VIALE MARCO POLO;;;Scontro frontale/laterale DX fra veicoli in marcia;Incrocio;Una carreggiata a senso unico di marcia;Bagnato (pioggia);Asfaltata;Orizzontale;Pioggia in atto;Normale;Buona;Ore Diurne;0;0;0;2;12,48191;41,87624;0;2;Autovettura privata;In marcia / fermata / arresto;Daewoo;Matiz;Conducente;1986;F;Illeso;0;;Non accertato;Inesploso
3684188;15;14/02/2018 08:20:00;;VIA PORTUENSE;in corrispondenza;;del civico n.;1274;;Tamponamento;;;;;;;;;;2;0;0;1;12,35513;41,82591;0;1;Autocarro inferiore 35 q.;In marcia / fermata / arresto;Renault;Trucks;Conducente;1990;F;Rifiuta cure immediate;0;NON DECEDUTO;Utilizzato;Inesploso
3684188;15;14/02/2018 08:20:00;;VIA PORTUENSE;in corrispondenza;;del civico n.;1274;;Tamponamento;;;;;;;;;;2;0;0;1;12,35513;41,82591;0;1;Autocarro inferiore 35 q.;In marcia / fermata / arresto;Renault;Trucks;Passeggero;0;M;Rifiuta cure immediate;0;NON DECEDUTO;;
3684188;15;14/02/2018 08:20:00;;VIA PORTUENSE;in corrispondenza;;del civico n.;1274;;Tamponamento;;;;;;;;;;2;0;0;1;12,35513;41,82591;0;2;Autocarro inferiore 35 q.;In marcia / fermata / arresto;Volkswagen;Transporter;Conducente;0;M;Illeso;0;;;
3684191;16;13/02/2018 14:00:00;;VIA DEGLI ALDOBRANDESCHI;in prossimità;;del palo luce n.;.;;Veicolo in marcia contro ostacolo accidentale;;;;;;;;;;0;0;0;1;;;0;1;Autovettura privata;In marcia / fermata / arresto;Smart ;FORTWO;Conducente;0;F;Illeso;0;;;
3684192;16;13/02/2018 08:55:00;;VIALE DI TRASTEVERE;in corrispondenza;;del civico n.;290;;Scontro frontale/laterale SX fra veicoli in marcia;;;;;;;;;;0;0;0;2;12,46562;41,87385;0;1;Autocarro inferiore 35 q.;In marcia / fermata / arresto;Fiat;Ducato;Conducente;0;M;Illeso;0;;;
3684192;16;13/02/2018 08:55:00;;VIALE DI TRASTEVERE;in corrispondenza;;del civico n.;290;;Scontro frontale/laterale SX fra veicoli in marcia;;;;;;;;;;0;0;0;2;12,46562;41,87385;0;2;Autovettura privata;In marcia / fermata / arresto;Fiat;Scudo;Conducente;0;M;Illeso;0;;;
3684200;15;14/02/2018 08:45:00;;VIA GIORGIO PALLAVICINO;in corrispondenza;;del civico n.;23;;Veicolo in marcia contro veicoli in sosta;;;;;;;;;;0;0;0;1;;;0;1;Autocarro inferiore 35 q.;In marcia / fermata / arresto;Opel;Zafira;Conducente;0;M;Illeso;0;;;
3684202;16;13/02/2018 18:10:00;;VIA EDOARDO JENNER;all'intersezione con;VIA DELLA TRASFIGURAZIONE;VIA DELLA TRASFIGURAZIONE;;;Scontro laterale fra veicoli in marcia;;;;;;;;;;1;0;0;1;;;0;1;Motociclo a solo;In marcia / fermata / arresto;Yamaha;(ignoto);Conducente;1994;M;Rimandato;0;NON DECEDUTO;Non accertato;
3684202;16;13/02/2018 18:10:00;;VIA EDOARDO JENNER;all'intersezione con;VIA DELLA TRASFIGURAZIONE;VIA DELLA TRASFIGURAZIONE;;;Scontro laterale fra veicoli in marcia;;;;;;;;;;1;0;0;1;;;0;2;Autovettura privata;In marcia / fermata / arresto;Toyota;Yaris;Conducente;0;F;Illeso;0;;;
3684205;16;14/02/2018 02:45:00;;VIALE DI TRASTEVERE;all'intersezione con;LARGO BERNARDINO DA FELTRE;LARGO BERNARDINO DA FELTRE;;;Scontro frontale/laterale DX fra veicoli in marcia;;;;;;;;;;0;0;0;4;12,46786;41,88159;0;1;Autovettura privata;In marcia / fermata / arresto;Fiat;Panda;Conducente;0;F;Illeso;0;;;
3684205;16;14/02/2018 02:45:00;;VIALE DI TRASTEVERE;all'intersezione con;LARGO BERNARDINO DA FELTRE;LARGO BERNARDINO DA FELTRE;;;Scontro frontale/laterale DX fra veicoli in marcia;;;;;;;;;;0;0;0;4;12,46786;41,88159;0;2;Autovettura privata;In marcia / fermata / arresto;Mercedes;Smart Fortwo;Conducente;0;M;Illeso;0;;;
3684205;16;14/02/2018 02:45:00;;VIALE DI TRASTEVERE;all'intersezione con;LARGO BERNARDINO DA FELTRE;LARGO BERNARDINO DA FELTRE;;;Scontro frontale/laterale DX fra veicoli in marcia;;;;;;;;;;0;0;0;4;12,46786;41,88159;0;2;Autovettura privata;In marcia / fermata / arresto;Mercedes;Smart Fortwo;Passeggero;0;M;Illeso;0;;;
3684205;16;14/02/2018 02:45:00;;VIALE DI TRASTEVERE;all'intersezione con;LARGO BERNARDINO DA FELTRE;LARGO BERNARDINO DA FELTRE;;;Scontro frontale/laterale DX fra veicoli in marcia;;;;;;;;;;0;0;0;4;12,46786;41,88159;0;3;Autovettura privata;In marcia / fermata / arresto;Volkswagen;Touran;Conducente;0;F;Illeso;0;;;