Protocollo;Gruppo;DataOraIncidente;Localizzazione1;STRADA1;Localizzazione2;STRADA2;Strada02;Chilometrica;DaSpecificare;NaturaIncidente;particolaritastrade;TipoStrada;FondoStradale;Pavimentazione;Segnaletica;CondizioneAtmosferica;Traffico;Visibilita;Illuminazione;NUM_FERITI;NUM_RISERVATA;NUM_MORTI;NUM_ILLESI;Longitudine;Latitudine;Confermato;Progressivo;TipoVeicolo;StatoVeicolo;Marca;Modello;TipoPersona;AnnoNascita;Sesso;Tipolesione;Deceduto;DecedutoDopo;CinturaCascoUtilizzato;Airbag;
3684209;12;14/02/2018 13:45:00;Altra strada;VIA DEGLI AGROSTEMMI;all'intersezione con;VIA DELLE COSMEE;VIA DELLE COSMEE;;;Scontro frontale/laterale SX fra veicoli in marcia;Incrocio;Una carreggiata a doppio senso;Bagnato (pioggia);Asfaltata;Assente;Pioggia in atto;Scarso;Buona;Ore Diurne;5;0;0;0;12,58811;41,70584;0;1;Autovettura privata;In marcia / fermata / arresto;Peugeot;308;Conducente;1971;M;Rimandato;0;NON DECEDUTO;Utilizzato;Inesploso
3684209;12;14/02/2018 13:45:00;Altra strada;VIA DEGLI AGROSTEMMI;all'intersezione con;VIA DELLE COSMEE;VIA DELLE COSMEE;;;Scontro frontale/laterale SX fra veicoli in marcia;Incrocio;Una carreggiata a doppio senso;Bagnato (pioggia);Asfaltata;Assente;Pioggia in atto;Scarso;Buona;Ore Diurne;5;0;0;0;12,58811;41,70584;0;2;Autovettura privata;In marcia / fermata / arresto;Hyundai;Atos;Conducente;1972;F;Rimandato;0;NON DECEDUTO;Non accertato;Esploso
3684209;12;14/02/2018 13:45:00;Altra strada;VIA DEGLI AGROSTEMMI;all'intersezione con;VIA DELLE COSMEE;VIA DELLE COSMEE;;;Scontro frontale/laterale SX fra veicoli in marcia;Incrocio;Una carreggiata a doppio senso;Bagnato (pioggia);Asfaltata;Assente;Pioggia in atto;Scarso;Buona;Ore Diurne;5;0;0;0;12,58811;41,70584;0;2;Autovettura privata;In marcia / fermata / arresto;Hyundai;Atos;Passeggero;1993;F;Rimandato;0;NON DECEDUTO;Non accertato;Esploso
3684209;12;14/02/2018 13:45:00;Altra strada;VIA DEGLI AGROSTEMMI;all'intersezione con;VIA DELLE COSMEE;VIA DELLE COSMEE;;;Scontro frontale/laterale SX fra veicoli in marcia;Incrocio;Una carreggiata a doppio senso;Bagnato (pioggia);Asfaltata;Assente;Pioggia in atto;Scarso;Buona;Ore Diurne;5;0;0;0;12,58811;41,70584;0;2;Autovettura privata;In marcia / fermata / arresto;Hyundai;Atos;Passeggero;1999;F;Rimandato;0;NON DECEDUTO;Non accertato;
3684209;12;14/02/2018 13:45:00;Altra strada;VIA DEGLI AGROSTEMMI;all'intersezione con;VIA DELLE COSMEE;VIA DELLE COSMEE;;;Scontro frontale/laterale SX fra veicoli in marcia;Incrocio;Una carreggiata a doppio senso;Bagnato (pioggia);Asfaltata;Assente;Pioggia in atto;Scarso;Buona;Ore Diurne;5;0;0;0;12,58811;41,70584;0;2;Autovettura privata;In marcia / fermata / arresto;Hyundai;Atos;Passeggero;2016;M;Rimandato;0;NON DECEDUTO;Non accertato;
3684213;20;14/02/2018 16:45:00;Strada Urbana;VIA DEI DUE PONTI;in corrispondenza;;del civico n.;182;;Scontro frontale/laterale DX fra veicoli in marcia;Curva a visuale libera;Una carreggiata a doppio senso;Asciutto;Asfaltata;Verticale ed orizzontale;Sereno;Normale;Buona;Ore Diurne;0;0;0;2;12,45467;41,96511;-1;1;Autovettura privata;In marcia / fermata / arresto;Lancia;Y;Conducente;1969;F;Illeso;0;;Non accertato;Inesploso
3684213;20;14/02/2018 16:45:00;Strada Urbana;VIA DEI DUE PONTI;in corrispondenza;;del civico n.;182;;Scontro frontale/laterale DX fra veicoli in marcia;Curva a visuale libera;Una carreggiata a doppio senso;Asciutto;Asfaltata;Verticale ed orizzontale;Sereno;Normale;Buona;Ore Diurne;0;0;0;2;12,45467;41,96511;-1;2;Autovettura privata;In marcia / fermata / arresto;BMW;520 D;Conducente;1991;M;Illeso;0;;Utilizzato;Inesploso
3684220;15;14/02/2018 11:10:00;;VIA DEGLI ORSEOLO;in corrispondenza;;del civico n.;10;;Tamponamento;;;;;;;;;;0;0;0;2;;;0;1;Autovettura privata;In marcia / fermata / arresto;Fiat;Panda;Conducente;0;F;Illeso;0;;;
3684220;15;14/02/2018 11:10:00;;VIA DEGLI ORSEOLO;in corrispondenza;;del civico n.;10;;Tamponamento;;;;;;;;;;0;0;0;2;;;0;2;Autovettura privata;In marcia / fermata / arresto;Peugeot;306;Conducente;0;M;Illeso;0;;;
3684267;13;14/02/2018 08:55:00;;VIA DEMOCRITO;da specificare;;;;angolo Via Eraclito di Efeso;Scontro frontale/laterale SX fra veicoli in marcia;;;;;;;;;;0;0;0;2;;;0;1;Autovettura privata;In marcia / fermata / arresto;BMW;114 D;Conducente;1970;F;Illeso;0;;Non accertato;Inesploso
3684267;13;14/02/2018 08:55:00;;VIA DEMOCRITO;da specificare;;;;angolo Via Eraclito di Efeso;Scontro frontale/laterale SX fra veicoli in marcia;;;;;;;;;;0;0;0;2;;;0;2;Autovettura privata;In marcia / fermata / arresto;Mini;Cooper;Conducente;1992;M;Illeso;0;;Non accertato;Inesploso
3684275;7;14/02/2018 14:30:00;Strada Urbana;VIA FILIPPO PARLATORE;all'intersezione con;LARGO FEDERICO DELPINO;LARGO FEDERICO DELPINO;;;Scontro laterale fra veicoli in marcia;Incrocio;Due carreggiate;Asciutto;Asfaltata;Verticale ed orizzontale;Sereno;Normale;Buona;Ore Diurne;0;0;0;4;;;0;1;Autovettura privata;In marcia / fermata / arresto;Citroen;C 1;Conducente;1972;M;Illeso;0;;Non accertato;Inesploso
3684275;7;14/02/2018 14:30:00;Strada Urbana;VIA FILIPPO PARLATORE;all'intersezione con;LARGO FEDERICO DELPINO;LARGO FEDERICO DELPINO;;;Scontro laterale fra veicoli in marcia;Incrocio;Due carreggiate;Asciutto;Asfaltata;Verticale ed orizzontale;Sereno;Normale;Buona;Ore Diurne;0;0;0;4;;;0;2;Autovettura privata;In marcia / fermata / arresto;Iveco;Turbo Daily;Conducente;1992;M;Illeso;0;;Non accertato;Inesploso
3684275;7;14/02/2018 14:30:00;Strada Urbana;VIA FILIPPO PARLATORE;all'intersezione con;LARGO FEDERICO DELPINO;LARGO FEDERICO DELPINO;;;Scontro laterale fra veicoli in marcia;Incrocio;Due carreggiate;Asciutto;Asfaltata;Verticale ed orizzontale;Sereno;Normale;Buona;Ore Diurne;0;0;0;4;;;0;2;Autovettura privata;In marcia / fermata / arresto;Iveco;Turbo Daily;Passeggero;1975;F;Illeso;0;;Non accertato;Inesploso
3684275;7;14/02/2018 14:30:00;Strada Urbana;VIA FILIPPO PARLATORE;all'intersezione con;LARGO FEDERICO DELPINO;LARGO FEDERICO DELPINO;;;Scontro laterale fra veicoli in marcia;Incrocio;Due carreggiate;Asciutto;Asfaltata;Verticale ed orizzontale;Sereno;Normale;Buona;Ore Diurne;0;0;0;4;;;0;2;Autovettura privata;In marcia / fermata / arresto;Iveco;Turbo Daily;Passeggero;1979;M;Illeso;0;;Non accertato;Inesploso
3684360;13;14/02/2018 10:20:00;Strada Urbana;VIA DEL FOSSO DI DRAGONCELLO;da specificare;;;;alt.sottopasso Ferrovia direzione Via Ostiense;Veicolo in marcia contro ostacolo fisso;Sottopasso illuminato;Una carreggiata a doppio senso;Bagnato (pioggia);Asfaltata;Verticale;Pioggia in atto;Normale;Buona;Ore Diurne;0;0;0;1;12,32991;41,75701;0;1;Autocarro inferiore 35 q.;In marcia / fermata / arresto;Fiat Iveco;35;Conducente;1983;M;Illeso;0;;Non accertato;Inesploso
3684383;13;14/02/2018 10:55:00;;VIA DEL FOSSO DI DRAGONCELLO;all'intersezione con;VIA DI SAPONARA;VIA DI SAPONARA;;;Scontro frontale/laterale SX fra veicoli in marcia;;;;;;;;;;0;0;0;2;;;0;1;Autovettura privata;In marcia / fermata / arresto;Fiat;Panda;Conducente;1961;M;Illeso;0;;Non accertato;Inesploso
3684383;13;14/02/2018 10:55:00;;VIA DEL FOSSO DI DRAGONCELLO;all'intersezione con;VIA DI SAPONARA;VIA DI SAPONARA;;;Scontro frontale/laterale SX fra veicoli in marcia;;;;;;;;;;0;0;0;2;;;0;2;Autovettura privata;In marcia / fermata / arresto;Peugeot;208;Conducente;1955;M;Illeso;0;;Non accertato;Inesploso
3684435;13;14/02/2018 12:30:00;Strada Urbana;VIA APELLE;da specificare;;;;altezza Piazza Filippo il Macedone;Veicolo in marcia contro veicoli in sosta;Rettilineo;Una carreggiata a senso unico di marcia;Bagnato (pioggia);Asfaltata;Assente;Pioggia in atto;Normale;Buona;Ore Diurne;0;0;0;1;12,35544;41,75199;0;1;Autovettura privata;In marcia / fermata / arresto;Mercedes;Smart Fortwo;Conducente;1936;F;Illeso;0;;Non accertato;Inesploso
3684448;13;14/02/2018 11:30:00;;VIALE VASCO DE GAMA;da specificare;;;;PROX BAR 'LUNA';Scontro laterale fra veicoli in marcia;;;;;;;;;;0;0;0;1;;;0;1;Autovettura privata;In marcia / fermata / arresto;Fiat;Panda;Conducente;1941;M;Illeso;0;;Non accertato;Inesploso
3684482;11;14/02/2018 12:00:00;Strada Urbana;VIA DI TOR CARBONE;in corrispondenza;;del palo luce n.;66;;Scontro frontale fra veicoli in marcia;Rettilineo;Una carreggiata a doppio senso;Bagnato (umidità in atto);Asfaltata;Assente;Nuvoloso;Normale;Buona;Ore Diurne;3;0;0;0;12,53041;41,82618;0;1;Autovettura privata;In marcia / fermata / arresto;Mini;One;Conducente;1977;M;Rimandato;0;NON DECEDUTO;Non accertato;
3684482;11;14/02/2018 12:00:00;Strada Urbana;VIA DI TOR CARBONE;in corrispondenza;;del palo luce n.;66;;Scontro frontale fra veicoli in marcia;Rettilineo;Una carreggiata a doppio senso;Bagnato (umidità in atto);Asfaltata;Assente;Nuvoloso;Normale;Buona;Ore Diurne;3;0;0;0;12,53041;41,82618;0;2;Autovettura privata;In marcia / fermata / arresto;Fiat;Idea;Conducente;1971;F;Rimandato;0;NON DECEDUTO;;
3684482;11;14/02/2018 12:00:00;Strada Urbana;VIA DI TOR CARBONE;in corrispondenza;;del palo luce n.;66;;Scontro frontale fra veicoli in marcia;Rettilineo;Una carreggiata a doppio senso;Bagnato (umidità in atto);Asfaltata;Assente;Nuvoloso;Normale;Buona;Ore Diurne;3;0;0;0;12,53041;41,82618;0;2;Autovettura privata;In marcia / fermata / arresto;Fiat;Idea;Passeggero;2016;M;Rimandato;0;NON DECEDUTO;;
3684485;11;14/02/2018 16:15:00;Strada Urbana;LARGO DELLE SETTE CHIESE;all'intersezione con;VIA DELLA VILLA DI LUCINA;VIA DELLA VILLA DI LUCINA;;;Tamponamento Multiplo;Intersezione stradale segnalata;Due carreggiate;Asciutto;Asfaltata;Verticale ed orizzontale;Sereno;Intenso;Buona;Ore Diurne;0;0;0;4;12,48665;41,86065;0;1;Autovettura privata;In marcia / fermata / arresto;Citroen;C 3;Conducente;1966;F;Illeso;0;;Non accertato;
3684485;11;14/02/2018 16:15:00;Strada Urbana;LARGO DELLE SETTE CHIESE;all'intersezione con;VIA DELLA VILLA DI LUCINA;VIA DELLA VILLA DI LUCINA;;;Tamponamento Multiplo;Intersezione stradale segnalata;Due carreggiate;Asciutto;Asfaltata;Verticale ed orizzontale;Sereno;Intenso;Buona;Ore Diurne;0;0;0;4;12,48665;41,86065;0;2;Autovettura privata;In marcia / fermata / arresto;Suzuki;Ignis;Conducente;1996;M;Illeso;0;;Non accertato;
3684485;11;14/02/2018 16:15:00;Strada Urbana;LARGO DELLE SETTE CHIESE;all'intersezione con;VIA DELLA VILLA DI LUCINA;VIA DELLA VILLA DI LUCINA;;;Tamponamento Multiplo;Intersezione stradale segnalata;Due carreggiate;Asciutto;Asfaltata;Verticale ed orizzontale;Sereno;Intenso;Buona;Ore Diurne;0;0;0;4;12,48665;41,86065;0;2;Autovettura privata;In marcia / fermata / arresto;Suzuki;Ignis;Passeggero;1997;M;Illeso;0;;Non accertato;
3684485;11;14/02/2018 16:15:00;Strada Urbana;LARGO DELLE SETTE CHIESE;all'intersezione con;VIA DELLA VILLA DI LUCINA;VIA DELLA VILLA DI LUCINA;;;Tamponamento Multiplo;Intersezione stradale segnalata;Due carreggiate;Asciutto;Asfaltata;Verticale ed orizzontale;Sereno;Intenso;Buona;Ore Diurne;0;0;0;4;12,48665;41,86065;0;3;Autovettura privata;In marcia / fermata / arresto;Volkswagen;Polo;Conducente;1973;M;Illeso;0;;Non accertato;
3684486;11;14/02/2018 16:35:00;;VIALE GUGLIELMO MARCONI;all'intersezione con;VIA VALCO DI S. PAOLO;VIA VALCO DI S. PAOLO;;;Scontro laterale fra veicoli in marcia;;;;;;;;;;1;0;0;3;;;0;1;Autovettura privata;In marcia / fermata / arresto;Lancia;Ypsilon;Conducente;1966;M;Illeso;0;;;
3684486;11;14/02/2018 16:35:00;;VIALE GUGLIELMO MARCONI;all'intersezione con;VIA VALCO DI S. PAOLO;VIA VALCO DI S. PAOLO;;;Scontro laterale fra veicoli in marcia;;;;;;;;;;1;0;0;3;;;0;1;Autovettura privata;In marcia / fermata / arresto;Lancia;Ypsilon;Passeggero;1956;M;Illeso;0;;;
3684486;11;14/02/2018 16:35:00;;VIALE GUGLIELMO MARCONI;all'intersezione con;VIA VALCO DI S. PAOLO;VIA VALCO DI S. PAOLO;;;Scontro laterale fra veicoli in marcia;;;;;;;;;;1;0;0;3;;;0;1;Autovettura privata;In marcia / fermata / arresto;Lancia;Ypsilon;Passeggero;1982;F;Illeso;0;;;
3684486;11;14/02/2018 16:35:00;;VIALE GUGLIELMO MARCONI;all'intersezione con;VIA VALCO DI S. PAOLO;VIA VALCO DI S. PAOLO;;;Scontro laterale fra veicoli in marcia;;;;;;;;;;1;0;0;3;;;0;2;Motociclo a solo;In marcia / fermata / arresto;Yamaha;TMAX;Conducente;1963;M;Rifiuta cure immediate;0;NON DECEDUTO;;
3684487;11;14/02/2018 17:05:00;Strada Urbana;LUNGOTEVERE DI S. PAOLO;da specificare;;;;FRONTE CIVICO 10;Scontro frontale/laterale DX fra veicoli in marcia;Rettilineo;Una carreggiata a doppio senso;Asciutto;Asfaltata;Verticale ed orizzontale;Sereno;Normale;Buona;Ore Diurne;1;0;0;2;12,47698;41,86146;0;1;Autocarro inferiore 35 q.;In marcia / fermata / arresto;Ford;Transit;Conducente;1997;M;Illeso;0;;;
3684487;11;14/02/2018 17:05:00;Strada Urbana;LUNGOTEVERE DI S. PAOLO;da specificare;;;;FRONTE CIVICO 10;Scontro frontale/laterale DX fra veicoli in marcia;Rettilineo;Una carreggiata a doppio senso;Asciutto;Asfaltata;Verticale ed orizzontale;Sereno;Normale;Buona;Ore Diurne;1;0;0;2;12,47698;41,86146;0;1;Autocarro inferiore 35 q.;In marcia / fermata / arresto;Ford;Transit;Passeggero;1999;F;Illeso;0;;;
3684487;11;14/02/2018 17:05:00;Strada Urbana;LUNGOTEVERE DI S. PAOLO;da specificare;;;;FRONTE CIVICO 10;Scontro frontale/laterale DX fra veicoli in marcia;Rettilineo;Una carreggiata a doppio senso;Asciutto;Asfaltata;Verticale ed orizzontale;Sereno;Normale;Buona;Ore Diurne;1;0;0;2;12,47698;41,86146;0;2;Motociclo a solo;In marcia / fermata / arresto;Kawasaki;ER-6;Conducente;1993;M;Rimandato;0;NON DECEDUTO;;
3684638;9;14/02/2018 19:00:00;;VIA APPIA NUOVA;all'intersezione semaforizzata con;VIA DEL QUADRARO;VIA DEL QUADRARO;;;Veicolo in marcia contro ostacolo fisso;;;;;;;;;;0;0;0;2;12,54922;41,85041;0;1;Autovettura privata;In marcia / fermata / arresto;Nissan;Juke;Conducente;1990;M;Illeso;0;;Non accertato;Inesploso
3684638;9;14/02/2018 19:00:00;;VIA APPIA NUOVA;all'intersezione semaforizzata con;VIA DEL QUADRARO;VIA DEL QUADRARO;;;Veicolo in marcia contro ostacolo fisso;;;;;;;;;;0;0;0;2;12,54922;41,85041;0;1;Autovettura privata;In marcia / fermata / arresto;Nissan;Juke;Passeggero;1996;F;Illeso;0;;Non accertato;Inesploso
3684666;11;15/02/2018;;VIA PONTINA;da specificare;;;;direzione Eur alt km 16.600;Veicolo in marcia contro ostacolo fisso;;;;;;;;;;1;0;0;0;;;0;1;Autovettura privata;In marcia / fermata / arresto;Opel;Corsa;Conducente;1995;M;Rimandato;0;NON DECEDUTO;;
3684690;13;14/02/2018 13:00:00;;CORSO DUCA DI GENOVA;all'intersezione con;VIALE DELLE REPUBBLICHE MARINARE;VIALE DELLE REPUBBLICHE MARINARE;;;Scontro frontale/laterale SX fra veicoli in marcia;;;;;;;;;;0;0;0;4;12,27145;41,73394;0;1;Autovettura privata;In marcia / fermata / arresto;Fiat;Doblò;Conducente;1954;M;Illeso;0;;Non accertato;Inesploso
3684690;13;14/02/2018 13:00:00;;CORSO DUCA DI GENOVA;all'intersezione con;VIALE DELLE REPUBBLICHE MARINARE;VIALE DELLE REPUBBLICHE MARINARE;;;Scontro frontale/laterale SX fra veicoli in marcia;;;;;;;;;;0;0;0;4;12,27145;41,73394;0;2;Autovettura privata;In marcia / fermata / arresto;Fiat;Brava;Conducente;1982;M;Illeso;0;;Non accertato;Inesploso
3684690;13;14/02/2018 13:00:00;;CORSO DUCA DI GENOVA;all'intersezione con;VIALE DELLE REPUBBLICHE MARINARE;VIALE DELLE REPUBBLICHE MARINARE;;;Scontro frontale/laterale SX fra veicoli in marcia;;;;;;;;;;0;0;0;4;12,27145;41,73394;0;2;Autovettura privata;In marcia / fermata / arresto;Fiat;Brava;Passeggero;1989;F;Illeso;0;;Non accertato;Inesploso
3684690;13;14/02/2018 13:00:00;;CORSO DUCA DI GENOVA;all'intersezione con;VIALE DELLE REPUBBLICHE MARINARE;VIALE DELLE REPUBBLICHE MARINARE;;;Scontro frontale/laterale SX fra veicoli in marcia;;;;;;;;;;0;0;0;4;12,27145;41,73394;0;2;Autovettura privata;In marcia / fermata / arresto;Fiat;Brava;Passeggero;2014;F;Illeso;0;;Non accertato;Inesploso
3684696;6;14/02/2018 17:30:00;Strada Urbana;VIA DI ACQUA BULLICANTE;in prossimità;;del civico n.;1;;Tamponamento;Rettilineo;Una carreggiata a doppio senso;Asciutto;Asfaltata;Verticale ed orizzontale;Sereno;Normale;Buona;Sufficiente;0;0;0;2;12,54291;41,88106;-1;2;Autovettura privata;In marcia / fermata / arresto;Dacia;Sandero;Conducente;1976;M;Illeso;0;;Non accertato;Inesploso
3684696;6;14/02/2018 17:30:00;Strada Urbana;VIA DI ACQUA BULLICANTE;in prossimità;;del civico n.;1;;Tamponamento;Rettilineo;Una carreggiata a doppio senso;Asciutto;Asfaltata;Verticale ed orizzontale;Sereno;Normale;Buona;Sufficiente;0;0;0;2;12,54291;41,88106;-1;2;Autovettura privata;In marcia / fermata / arresto;Dacia;Sandero;Passeggero;2003;F;Illeso;0;;Non accertato;Inesploso
3684706;11;15/02/2018 06:30:00;Strada Urbana;VIA DEI GEORGOFILI;all'intersezione con;VIA DELL'ARCADIA;VIA DELL'ARCADIA;;;Scontro frontale/laterale DX fra veicoli in marcia;Intersezione non regolata/non segnalata;Una carreggiata a senso unico di marcia;Asciutto;Asfaltata;Verticale ed orizzontale;Sereno;Scarso;Buona;Sufficiente;0;0;0;3;12,49397;41,8519;0;1;Autovettura privata;In marcia / fermata / arresto;Opel;Meriva-A;Conducente;1973;F;Illeso;0;;Non accertato;Inesploso
3684706;11;15/02/2018 06:30:00;Strada Urbana;VIA DEI GEORGOFILI;all'intersezione con;VIA DELL'ARCADIA;VIA DELL'ARCADIA;;;Scontro frontale/laterale DX fra veicoli in marcia;Intersezione non regolata/non segnalata;Una carreggiata a senso unico di marcia;Asciutto;Asfaltata;Verticale ed orizzontale;Sereno;Scarso;Buona;Sufficiente;0;0;0;3;12,49397;41,8519;0;1;Autovettura privata;In marcia / fermata / arresto;Opel;Meriva-A;Passeggero;1980;M;Illeso;0;;Non accertato;Inesploso
3684706;11;15/02/2018 06:30:00;Strada Urbana;VIA DEI GEORGOFILI;all'intersezione con;VIA DELL'ARCADIA;VIA DELL'ARCADIA;;;Scontro frontale/laterale DX fra veicoli in marcia;Intersezione non regolata/non segnalata;Una carreggiata a senso unico di marcia;Asciutto;Asfaltata;Verticale ed orizzontale;Sereno;Scarso;Buona;Sufficiente;0;0;0;3;12,49397;41,8519;0;2;Autovettura privata;In marcia / fermata / arresto;Mazda;MX-5;Conducente;1974;M;Illeso;0;;Non accertato;Inesploso
3684713;19;14/02/2018 13:00:00;Strada Urbana;VIA EUGENIO DI MATTEI;in prossimità;;del civico n.;60;;Scontro laterale fra veicoli in marcia;Rettilineo;Una carreggiata a doppio senso;Bagnato (pioggia);Asfaltata;Orizzontale;Nuvoloso;Intenso;Buona;Ore Diurne;0;0;0;2;;;0;1;Autovettura privata;In marcia / fermata / arresto;Opel;Corsa;Conducente;1952;M;Illeso;0;;;
3684713;19;14/02/2018 13:00:00;Strada Urbana;VIA EUGENIO DI MATTEI;in prossimità;;del civico n.;60;;Scontro laterale fra veicoli in marcia;Rettilineo;Una carreggiata a doppio senso;Bagnato (pioggia);Asfaltata;Orizzontale;Nuvoloso;Intenso;Buona;Ore Diurne;0;0;0;2;;;0;2;Autovettura privata;In marcia / fermata / arresto;Toyota;AYGO';Conducente;1959;M;Illeso;0;;;
3684734;6;15/02/2018 03:00:00;Strada Urbana;VIA ANGELO BERARDI;in prossimità;;del civico n.;44;;Veicolo in marcia contro veicoli in sosta;Curva a visuale libera;Una carreggiata a senso unico di marcia;Asciutto;Asfaltata;Verticale ed orizzontale;Sereno;Scarso;Sufficiente;Sufficiente;3;0;0;0;12,54766;41,87649;0;1;Autovettura privata;In marcia / fermata / arresto;Fiat;500;Conducente;1996;M;Rimandato;0;NON DECEDUTO;;
3684734;6;15/02/2018 03:00:00;Strada Urbana;VIA ANGELO BERARDI;in prossimità;;del civico n.;44;;Veicolo in marcia contro veicoli in sosta;Curva a visuale libera;Una carreggiata a senso unico di marcia;Asciutto;Asfaltata;Verticale ed orizzontale;Sereno;Scarso;Sufficiente;Sufficiente;3;0;0;0;12,54766;41,87649;0;1;Autovettura privata;In marcia / fermata / arresto;Fiat;500;Passeggero;1990;M;Rimandato;0;NON DECEDUTO;;
3684734;6;15/02/2018 03:00:00;Strada Urbana;VIA ANGELO BERARDI;in prossimità;;del civico n.;44;;Veicolo in marcia contro veicoli in sosta;Curva a visuale libera;Una carreggiata a senso unico di marcia;Asciutto;Asfaltata;Verticale ed orizzontale;Sereno;Scarso;Sufficiente;Sufficiente;3;0;0;0;12,54766;41,87649;0;1;Autovettura privata;In marcia / fermata / arresto;Fiat;500;Passeggero;1996;F;Rimandato;0;NON DECEDUTO;;
3684736;10;14/02/2018 21:20:00;Strada Urbana;VIA APPIA NUOVA;da specificare;;;;alt. BMW. dir. centro civ.1259;Veicolo in marcia contro ostacolo fisso;Rettilineo;Due carreggiate;Asciutto;Asfaltata;Orizzontale;Sereno;Normale;Buona;Sufficiente;1;0;0;0;12,5712;41,81538;0;1;Autovettura privata;In marcia / fermata / arresto;Ford;Fiesta;Conducente;1997;M;Rimandato;0;NON DECEDUTO;Non accertato;Esploso
3684740;6;14/02/2018 18:15:00;Strada Urbana;VIA SABAUDIA;all'intersezione con;VIA PRENESTINA;VIA PRENESTINA;;;Scontro frontale/laterale DX fra veicoli in marcia;Incrocio;Due carreggiate;Asciutto;Asfaltata;Verticale ed orizzontale;Sereno;Normale;Sufficiente;Sufficiente;0;0;0;5;12,55765;41,89426;0;1;Autovettura privata;In marcia / fermata / arresto;Audi;A3;Conducente;1985;M;Illeso;0;;;
3684740;6;14/02/2018 18:15:00;Strada Urbana;VIA SABAUDIA;all'intersezione con;VIA PRENESTINA;VIA PRENESTINA;;;Scontro frontale/laterale DX fra veicoli in marcia;Incrocio;Due carreggiate;Asciutto;Asfaltata;Verticale ed orizzontale;Sereno;Normale;Sufficiente;Sufficiente;0;0;0;5;12,55765;41,89426;0;1;Autovettura privata;In marcia / fermata / arresto;Audi;A3;Passeggero;1967;M;Illeso;0;;;
3684740;6;14/02/2018 18:15:00;Strada Urbana;VIA SABAUDIA;all'intersezione con;VIA PRENESTINA;VIA PRENESTINA;;;Scontro frontale/laterale DX fra veicoli in marcia;Incrocio;Due carreggiate;Asciutto;Asfaltata;Verticale ed orizzontale;Sereno;Normale;Sufficiente;Sufficiente;0;0;0;5;12,55765;41,89426;0;1;Autovettura privata;In marcia / fermata / arresto;Audi;A3;Passeggero;1993;M;Illeso;0;;;
3684740;6;14/02/2018 18:15:00;Strada Urbana;VIA SABAUDIA;all'intersezione con;VIA PRENESTINA;VIA PRENESTINA;;;Scontro frontale/laterale DX fra veicoli in marcia;Incrocio;Due carreggiate;Asciutto;Asfaltata;Verticale ed orizzontale;Sereno;Normale;Sufficiente;Sufficiente;0;0;0;5;12,55765;41,89426;0;2;Autovettura privata;In marcia / fermata / arresto;Ford;Mondeo;Conducente;1964;M;Illeso;0;;;
3684740;6;14/02/2018 18:15:00;Strada Urbana;VIA SABAUDIA;all'intersezione con;VIA PRENESTINA;VIA PRENESTINA;;;Scontro frontale/laterale DX fra veicoli in marcia;Incrocio;Due carreggiate;Asciutto;Asfaltata;Verticale ed orizzontale;Sereno;Normale;Sufficiente;Sufficiente;0;0;0;5;12,55765;41,89426;0;2;Autovettura privata;In marcia / fermata / arresto;Ford;Mondeo;Passeggero;1966;F;Illeso;0;;;
3684745;19;14/02/2018 20:45:00;;VIA DAMIANO CHIESA;all'intersezione con;VIA DI VALLE AURELIA;VIA DI VALLE AURELIA;;;Tamponamento;;;;;;;;;;1;0;0;1;;;0;1;Autocarro inferiore 35 q.;In marcia / fermata / arresto;Peugeot;Boxer;Conducente;0;M;Illeso;0;;;
3684745;19;14/02/2018 20:45:00;;VIA DAMIANO CHIESA;all'intersezione con;VIA DI VALLE AURELIA;VIA DI VALLE AURELIA;;;Tamponamento;;;;;;;;;;1;0;0;1;;;0;2;Motociclo a solo;In marcia / fermata / arresto;Honda;SH 300;Conducente;1977;M;Rimandato;0;NON DECEDUTO;;
3684761;8;14/02/2018 08:40:00;;VIA DEI RUDERI DI TORRENOVA;all'intersezione semaforizzata con;VIA CASILINA;VIA CASILINA;;;Veicolo in marcia contro ostacolo fisso;;;;;;;;;;0;0;0;1;12,60515;41,8678;0;1;Autocarro superiore 35 q.;In marcia / fermata / arresto;Scania;(ignoto);Conducente;1968;M;Illeso;0;;Non accertato;Inesploso
3684764;10;15/02/2018 00:40:00;;VIA CAIO CANULEIO;all'intersezione con;VIALE TITO LABIENO;VIALE TITO LABIENO;;;Scontro frontale/laterale DX fra veicoli in marcia;;;;;;;;;;0;0;0;3;;;0;1;Autovettura pubblica;In marcia / fermata / arresto;Hyundai;i 30;Conducente;1964;M;Illeso;0;;;
3684764;10;15/02/2018 00:40:00;;VIA CAIO CANULEIO;all'intersezione con;VIALE TITO LABIENO;VIALE TITO LABIENO;;;Scontro frontale/laterale DX fra veicoli in marcia;;;;;;;;;;0;0;0;3;;;0;2;Autovettura privata;In marcia / fermata / arresto;Fiat;Punto;Conducente;1995;M;Illeso;0;;;
3684764;10;15/02/2018 00:40:00;;VIA CAIO CANULEIO;all'intersezione con;VIALE TITO LABIENO;VIALE TITO LABIENO;;;Scontro frontale/laterale DX fra veicoli in marcia;;;;;;;;;;0;0;0;3;;;0;2;Autovettura privata;In marcia / fermata / arresto;Fiat;Punto;Passeggero;1997;F;Illeso;0;;;
3684766;20;14/02/2018 22:00:00;Strada Urbana;VIA CASSIA;in corrispondenza;;del civico n.;f.c. 14;;Veicolo in marcia contro veicolo in sosta;Rettilineo;Una carreggiata a senso unico di marcia;Asciutto;Asfaltata;Verticale ed orizzontale;Sereno;;Sufficiente;Sufficiente;0;0;0;1;;;0;2;Autovettura privata;In marcia / fermata / arresto;Toyota;Rav 4;Conducente;1973;F;Illeso;0;;;