Protocollo;Gruppo;DataOraIncidente;Localizzazione1;STRADA1;Localizzazione2;STRADA2;Strada02;Chilometrica;DaSpecificare;NaturaIncidente;particolaritastrade;TipoStrada;FondoStradale;Pavimentazione;Segnaletica;CondizioneAtmosferica;Traffico;Visibilita;Illuminazione;NUM_FERITI;NUM_RISERVATA;NUM_MORTI;NUM_ILLESI;Longitudine;Latitudine;Confermato;Progressivo;TipoVeicolo;StatoVeicolo;Marca;Modello;TipoPersona;AnnoNascita;Sesso;Tipolesione;Deceduto;DecedutoDopo;CinturaCascoUtilizzato;Airbag;
3684769;13;14/02/2018 23:15:00;;VIA ANTONIO SCONTRINO;all'intersezione con;VIA ERMANNO WOLF FERRARI;VIA ERMANNO WOLF FERRARI;;;Scontro frontale/laterale SX fra veicoli in marcia;;;;;;;;;;0;0;0;4;12,37643;41,75174;0;1;Autovettura privata;In marcia / fermata / arresto;Suzuki;Swift;Conducente;1995;M;Illeso;0;;Non accertato;Inesploso
3684769;13;14/02/2018 23:15:00;;VIA ANTONIO SCONTRINO;all'intersezione con;VIA ERMANNO WOLF FERRARI;VIA ERMANNO WOLF FERRARI;;;Scontro frontale/laterale SX fra veicoli in marcia;;;;;;;;;;0;0;0;4;12,37643;41,75174;0;1;Autovettura privata;In marcia / fermata / arresto;Suzuki;Swift;Passeggero;1998;F;Illeso;0;;Non accertato;Inesploso
3684769;13;14/02/2018 23:15:00;;VIA ANTONIO SCONTRINO;all'intersezione con;VIA ERMANNO WOLF FERRARI;VIA ERMANNO WOLF FERRARI;;;Scontro frontale/laterale SX fra veicoli in marcia;;;;;;;;;;0;0;0;4;12,37643;41,75174;0;2;Autovettura privata;In marcia / fermata / arresto;Lancia;Ypsilon;Conducente;1973;M;Illeso;0;;Non accertato;Inesploso
3684769;13;14/02/2018 23:15:00;;VIA ANTONIO SCONTRINO;all'intersezione con;VIA ERMANNO WOLF FERRARI;VIA ERMANNO WOLF FERRARI;;;Scontro frontale/laterale SX fra veicoli in marcia;;;;;;;;;;0;0;0;4;12,37643;41,75174;0;2;Autovettura privata;In marcia / fermata / arresto;Lancia;Ypsilon;Passeggero;1982;F;Illeso;0;;Non accertato;Inesploso
3684774;8;14/02/2018 07:00:00;;VIA SANT'ELPIDIO A MARE;in prossimità;;del civico n.;211;;Veicolo in marcia contro ostacolo fisso;;;;;;;;;;1;0;0;0;;;0;1;Autovettura privata;In marcia / fermata / arresto;Daimler;Chrysler Smart;Conducente;1983;M;Ricoverato;0;NON DECEDUTO;;
3684779;8;14/02/2018 11:00:00;;VIALE OXFORD;da specificare;;;;prposs rotatoria Oxford/Sorbona dir. Cambellotti;Tamponamento;;;;;;;;;;0;0;0;4;;;0;1;Autovettura privata;In marcia / fermata / arresto;Kia;(non accertato);Conducente;1946;;Illeso;0;;;
3684779;8;14/02/2018 11:00:00;;VIALE OXFORD;da specificare;;;;prposs rotatoria Oxford/Sorbona dir. Cambellotti;Tamponamento;;;;;;;;;;0;0;0;4;;;0;2;Autovettura privata;In marcia / fermata / arresto;Ford;Focus;Conducente;1974;M;Illeso;0;;;
3684779;8;14/02/2018 11:00:00;;VIALE OXFORD;da specificare;;;;prposs rotatoria Oxford/Sorbona dir. Cambellotti;Tamponamento;;;;;;;;;;0;0;0;4;;;0;2;Autovettura privata;In marcia / fermata / arresto;Ford;Focus;Passeggero;0;M;Illeso;0;;;
3684781;8;14/02/2018 11:15:00;;VIA DI VERMICINO;in prossimità;;del civico n.;230;;Tamponamento Multiplo;;;;;;;;;;3;0;0;2;;;0;1;Autovettura privata;In marcia / fermata / arresto;Citroen;C 1;Conducente;1988;F;Rimandato;0;NON DECEDUTO;;
3684781;8;14/02/2018 11:15:00;;VIA DI VERMICINO;in prossimità;;del civico n.;230;;Tamponamento Multiplo;;;;;;;;;;3;0;0;2;;;0;1;Autovettura privata;In marcia / fermata / arresto;Citroen;C 1;Passeggero;1961;F;Illeso;0;;;
3684781;8;14/02/2018 11:15:00;;VIA DI VERMICINO;in prossimità;;del civico n.;230;;Tamponamento Multiplo;;;;;;;;;;3;0;0;2;;;0;2;Autovettura privata;In marcia / fermata / arresto;Ford;Fiesta;Conducente;1963;F;Rimandato;0;NON DECEDUTO;;
3684781;8;14/02/2018 11:15:00;;VIA DI VERMICINO;in prossimità;;del civico n.;230;;Tamponamento Multiplo;;;;;;;;;;3;0;0;2;;;0;2;Autovettura privata;In marcia / fermata / arresto;Ford;Fiesta;Passeggero;1991;F;Rifiuta cure immediate;0;NON DECEDUTO;;
3684781;8;14/02/2018 11:15:00;;VIA DI VERMICINO;in prossimità;;del civico n.;230;;Tamponamento Multiplo;;;;;;;;;;3;0;0;2;;;0;3;Autovettura privata;In marcia / fermata / arresto;Mercedes;GLK;Conducente;1971;F;Illeso;0;;;
3684782;20;13/02/2018 12:00:00;Strada Urbana;VIA DEGLI ORTI DELLA FARNESINA;da specificare;;;;in prossimità di via Ranuccio Farnese;Scontro frontale/laterale DX fra veicoli in marcia;Rettilineo;Una carreggiata a doppio senso;Asciutto;Asfaltata;Verticale ed orizzontale;Sereno;Normale;Buona;Ore Diurne;0;0;0;2;;;0;1;Autovettura privata;In marcia / fermata / arresto;Mercedes;A 180;Conducente;1949;F;Illeso;0;;Non accertato;
3684782;20;13/02/2018 12:00:00;Strada Urbana;VIA DEGLI ORTI DELLA FARNESINA;da specificare;;;;in prossimità di via Ranuccio Farnese;Scontro frontale/laterale DX fra veicoli in marcia;Rettilineo;Una carreggiata a doppio senso;Asciutto;Asfaltata;Verticale ed orizzontale;Sereno;Normale;Buona;Ore Diurne;0;0;0;2;;;0;3;Autovettura privata;In marcia / fermata / arresto;Volkswagen;Polo;Conducente;0;M;Illeso;0;;;
3684785;8;14/02/2018 15:15:00;Strada Urbana;VIA CASILINA;in corrispondenza;;del civico n.;1739;;Tamponamento Multiplo;Rettilineo;Una carreggiata a doppio senso;Asciutto;Asfaltata;Verticale ed orizzontale;Sereno;Normale;Buona;Ore Diurne;0;0;0;4;;;0;1;Autovettura privata;In marcia / fermata / arresto;Nissan;X Trail;Conducente;1967;M;Illeso;0;;Non accertato;Inesploso
3684785;8;14/02/2018 15:15:00;Strada Urbana;VIA CASILINA;in corrispondenza;;del civico n.;1739;;Tamponamento Multiplo;Rettilineo;Una carreggiata a doppio senso;Asciutto;Asfaltata;Verticale ed orizzontale;Sereno;Normale;Buona;Ore Diurne;0;0;0;4;;;0;2;Autovettura privata;In marcia / fermata / arresto;Ford;Transit;Conducente;1990;M;Illeso;0;;Non accertato;Inesploso
3684785;8;14/02/2018 15:15:00;Strada Urbana;VIA CASILINA;in corrispondenza;;del civico n.;1739;;Tamponamento Multiplo;Rettilineo;Una carreggiata a doppio senso;Asciutto;Asfaltata;Verticale ed orizzontale;Sereno;Normale;Buona;Ore Diurne;0;0;0;4;;;0;3;Autovettura privata;In marcia / fermata / arresto;Fiat;600;Conducente;1972;M;Illeso;0;;Non accertato;Inesploso
3684785;8;14/02/2018 15:15:00;Strada Urbana;VIA CASILINA;in corrispondenza;;del civico n.;1739;;Tamponamento Multiplo;Rettilineo;Una carreggiata a doppio senso;Asciutto;Asfaltata;Verticale ed orizzontale;Sereno;Normale;Buona;Ore Diurne;0;0;0;4;;;0;4;Autovettura privata;In marcia / fermata / arresto;Audi;(ignoto);Conducente;1969;M;Illeso;0;;Non accertato;Inesploso
3684788;20;14/02/2018 18:35:00;Strada Urbana;VIA MASTRO GABRIELLO;in prossimità;;del civico n.;32;;Scontro laterale fra veicoli in marcia;Rettilineo;Una carreggiata a senso unico di marcia;Asciutto;Asfaltata;Verticale ed orizzontale;Sereno;Normale;Sufficiente;Sufficiente;1;0;0;1;;;0;1;Autovettura privata;In marcia / fermata / arresto;Fiat;Panda;Conducente;1978;F;Rimandato;0;NON DECEDUTO;Non accertato;
3684788;20;14/02/2018 18:35:00;Strada Urbana;VIA MASTRO GABRIELLO;in prossimità;;del civico n.;32;;Scontro laterale fra veicoli in marcia;Rettilineo;Una carreggiata a senso unico di marcia;Asciutto;Asfaltata;Verticale ed orizzontale;Sereno;Normale;Sufficiente;Sufficiente;1;0;0;1;;;0;3;Autovettura privata;In marcia / fermata / arresto;BMW;330 D;Conducente;1944;M;Illeso;0;;Non accertato;
3684789;5;14/02/2018 19:00:00;;VIA TANCREDI CARTELLA;in prossimità;;del civico n.;31;;Investimento di pedone;;;;;;;;;;1;0;0;0;12,5381;41,90654;0;;;;;;Pedone;1931;F;Rimandato;0;NON DECEDUTO;;
3684791;8;14/02/2018 14:05:00;;VIA AMICO ASPERTINI;da specificare;;;;fronte fermata ATAC 77966 dir. Aspertini;Investimento di pedone;;;;;;;;;;1;0;0;1;12,62994;41,87279;0;;;;;;Pedone;2003;F;Rimandato;0;NON DECEDUTO;;
3684791;8;14/02/2018 14:05:00;;VIA AMICO ASPERTINI;da specificare;;;;fronte fermata ATAC 77966 dir. Aspertini;Investimento di pedone;;;;;;;;;;1;0;0;1;12,62994;41,87279;0;1;Autovettura privata;In marcia / fermata / arresto;Ford;Fiesta;Conducente;1961;F;Illeso;0;;Non accertato;Inesploso
3684792;8;14/02/2018 16:20:00;;VIA CONTESSA ENTELLINA;in prossimità;;del civico n.;61;;Tamponamento;;;;;;;;;;1;0;0;2;12,67256;41,86889;0;1;Autovettura privata;In marcia / fermata / arresto;Smart ;ForFour;Conducente;1961;M;Illeso;0;;Non accertato;Inesploso
3684792;8;14/02/2018 16:20:00;;VIA CONTESSA ENTELLINA;in prossimità;;del civico n.;61;;Tamponamento;;;;;;;;;;1;0;0;2;12,67256;41,86889;0;2;Autovettura privata;In marcia / fermata / arresto;Renault;Clio;Conducente;1994;M;Rifiuta cure immediate;0;NON DECEDUTO;Non accertato;Inesploso
3684792;8;14/02/2018 16:20:00;;VIA CONTESSA ENTELLINA;in prossimità;;del civico n.;61;;Tamponamento;;;;;;;;;;1;0;0;2;12,67256;41,86889;0;3;Autovettura privata;In marcia / fermata / arresto;Fiat;Punto;Conducente;1982;M;Illeso;0;;Non accertato;Inesploso
3684794;8;14/02/2018 16:30:00;Provinciale entro l'abitato;VIA PRENESTINA NUOVA;da specificare;;;;prossimità ROCCA CENCIA;Veicolo in marcia contro ostacolo accidentale;Rettilineo;Una carreggiata a doppio senso;Bagnato (pioggia);Asfaltata;Verticale ed orizzontale;Sereno;Normale;Buona;Ore Diurne;0;0;0;2;12,69525;41,88875;-1;1;Autovettura privata;In marcia / fermata / arresto;Mercedes;Class A;Conducente;1976;F;Illeso;0;;Non accertato;Inesploso
3684794;8;14/02/2018 16:30:00;Provinciale entro l'abitato;VIA PRENESTINA NUOVA;da specificare;;;;prossimità ROCCA CENCIA;Veicolo in marcia contro ostacolo accidentale;Rettilineo;Una carreggiata a doppio senso;Bagnato (pioggia);Asfaltata;Verticale ed orizzontale;Sereno;Normale;Buona;Ore Diurne;0;0;0;2;12,69525;41,88875;-1;1;Autovettura privata;In marcia / fermata / arresto;Mercedes;Class A;Passeggero;2004;F;Illeso;0;;Non accertato;Inesploso
3684800;8;14/02/2018 17:00:00;;VIA RAFFAELE DE FERRARI;da specificare;;;;20 m dopo palo ACEA 17;Scontro frontale fra veicoli in marcia;;;;;;;;;;0;0;0;2;12,64998;41,86366;0;1;Autovettura privata;In marcia / fermata / arresto;Chevrolet;spark;Conducente;1972;F;Illeso;0;;Non accertato;Inesploso
3684800;8;14/02/2018 17:00:00;;VIA RAFFAELE DE FERRARI;da specificare;;;;20 m dopo palo ACEA 17;Scontro frontale fra veicoli in marcia;;;;;;;;;;0;0;0;2;12,64998;41,86366;0;2;Autovettura privata;In marcia / fermata / arresto;Opel;AGILA;Conducente;1961;F;Illeso;0;;Non accertato;Inesploso
3684802;8;14/02/2018 20:20:00;;VIA DI TORRENOVA;in prossimità;;del civico n.;236;;Scontro frontale/laterale SX fra veicoli in marcia;;;;;;;;;;0;0;0;3;;;0;1;Autovettura privata;In marcia / fermata / arresto;Lancia;Ypsilon;Conducente;1989;F;Illeso;0;;;
3684802;8;14/02/2018 20:20:00;;VIA DI TORRENOVA;in prossimità;;del civico n.;236;;Scontro frontale/laterale SX fra veicoli in marcia;;;;;;;;;;0;0;0;3;;;0;2;Autovettura privata;In marcia / fermata / arresto;BMW;114 D;Conducente;1963;M;Illeso;0;;;
3684802;8;14/02/2018 20:20:00;;VIA DI TORRENOVA;in prossimità;;del civico n.;236;;Scontro frontale/laterale SX fra veicoli in marcia;;;;;;;;;;0;0;0;3;;;0;2;Autovettura privata;In marcia / fermata / arresto;BMW;114 D;Passeggero;1993;M;Illeso;0;;;
3684805;8;14/02/2018 22:15:00;;VIA DI TOR VERGATA;in prossimità;;del civico n.;428;;Veicolo in marcia contro veicolo fermo;;;;;;;;;;1;0;0;3;;;0;1;Autovettura privata;In marcia / fermata / arresto;Fiat;600;Conducente;1994;M;Ricoverato;0;NON DECEDUTO;;
3684805;8;14/02/2018 22:15:00;;VIA DI TOR VERGATA;in prossimità;;del civico n.;428;;Veicolo in marcia contro veicolo fermo;;;;;;;;;;1;0;0;3;;;0;2;Autovettura privata;In marcia / fermata / arresto;Ford;(non accertato);Conducente;1980;;Illeso;0;;;
3684805;8;14/02/2018 22:15:00;;VIA DI TOR VERGATA;in prossimità;;del civico n.;428;;Veicolo in marcia contro veicolo fermo;;;;;;;;;;1;0;0;3;;;0;2;Autovettura privata;In marcia / fermata / arresto;Ford;(non accertato);Passeggero;0;M;Illeso;0;;;
3684809;6;15/02/2018 00:45:00;Strada Urbana;VIA COLLATINA;all'intersezione con;VIALE PALMIRO TOGLIATTI;VIALE PALMIRO TOGLIATTI;;;Scontro frontale/laterale DX fra veicoli in marcia;Incrocio;Una carreggiata a doppio senso;Asciutto;Asfaltata;Verticale ed orizzontale;Sereno;Scarso;Sufficiente;Sufficiente;0;0;0;2;12,57363;41,90271;0;1;Autovettura privata;In marcia / fermata / arresto;Volkswagen;Lupo;Conducente;1996;M;Illeso;0;;;
3684809;6;15/02/2018 00:45:00;Strada Urbana;VIA COLLATINA;all'intersezione con;VIALE PALMIRO TOGLIATTI;VIALE PALMIRO TOGLIATTI;;;Scontro frontale/laterale DX fra veicoli in marcia;Incrocio;Una carreggiata a doppio senso;Asciutto;Asfaltata;Verticale ed orizzontale;Sereno;Scarso;Sufficiente;Sufficiente;0;0;0;2;12,57363;41,90271;0;2;Autovettura privata;In marcia / fermata / arresto;Citroen;Saxo;Conducente;1993;M;Illeso;0;;;
3684814;1;15/02/2018 00:30:00;Strada Urbana;PIAZZA VITTORIO EMANUELE II;all'intersezione con;VIA CARLO ALBERTO;VIA CARLO ALBERTO;;;Scontro frontale/laterale SX fra veicoli in marcia;Incrocio;Una carreggiata a doppio senso;Asciutto;Asfaltata;Verticale ed orizzontale;Sereno;Scarso;Sufficiente;Sufficiente;1;0;0;1;;;0;1;Autobus di linea;In marcia / fermata / arresto;Irisbus;ITALIA;Conducente;1972;M;Illeso;0;;Non accertato;
3684814;1;15/02/2018 00:30:00;Strada Urbana;PIAZZA VITTORIO EMANUELE II;all'intersezione con;VIA CARLO ALBERTO;VIA CARLO ALBERTO;;;Scontro frontale/laterale SX fra veicoli in marcia;Incrocio;Una carreggiata a doppio senso;Asciutto;Asfaltata;Verticale ed orizzontale;Sereno;Scarso;Sufficiente;Sufficiente;1;0;0;1;;;0;2;Ciclomotore;In marcia / fermata / arresto;Peugeot;Tweet;Conducente;1951;F;Rimandato;0;NON DECEDUTO;Non accertato;
3684837;7;14/02/2018 23:10:00;;VIA PRENESTINA;all'intersezione con;VIALE PALMIRO TOGLIATTI;VIALE PALMIRO TOGLIATTI;;;Scontro frontale/laterale SX fra veicoli in marcia;;;;;;;;;;0;0;0;2;;;0;1;Autovettura privata;In marcia / fermata / arresto;Ford;C Max;Conducente;1977;M;Illeso;0;;;
3684837;7;14/02/2018 23:10:00;;VIA PRENESTINA;all'intersezione con;VIALE PALMIRO TOGLIATTI;VIALE PALMIRO TOGLIATTI;;;Scontro frontale/laterale SX fra veicoli in marcia;;;;;;;;;;0;0;0;2;;;0;2;Autovettura privata;In marcia / fermata / arresto;Audi;A4;Conducente;1986;M;Illeso;0;;;
3684883;4;14/02/2018 14:20:00;;VIA SALARIA;in prossimità;;del civico n.;718;;Scontro laterale fra veicoli in marcia;;;;;;;;;;0;0;0;2;;;0;1;Autovettura privata;In marcia / fermata / arresto;Nissan;QASHQAI;Conducente;1980;M;Illeso;0;;;
3684883;4;14/02/2018 14:20:00;;VIA SALARIA;in prossimità;;del civico n.;718;;Scontro laterale fra veicoli in marcia;;;;;;;;;;0;0;0;2;;;0;2;Autovettura privata;In marcia / fermata / arresto;Fiat;Panda;Conducente;1975;M;Illeso;0;;;
3684899;15;15/02/2018 08:40:00;Strada Urbana;VIA UGO GUIDO MONDOLFO;all'intersezione con;VIA DELLA MAGLIANA;VIA DELLA MAGLIANA;;;Scontro laterale fra veicoli in marcia;Incrocio;Una carreggiata a doppio senso;Asciutto;Asfaltata;Orizzontale;Sereno;Intenso;Buona;Ore Diurne;0;0;0;2;12,45523;41,8429;0;1;Autovettura privata;In marcia / fermata / arresto;Lancia;Ypsilon;Conducente;1984;M;Illeso;0;;Non accertato;Inesploso
3684899;15;15/02/2018 08:40:00;Strada Urbana;VIA UGO GUIDO MONDOLFO;all'intersezione con;VIA DELLA MAGLIANA;VIA DELLA MAGLIANA;;;Scontro laterale fra veicoli in marcia;Incrocio;Una carreggiata a doppio senso;Asciutto;Asfaltata;Orizzontale;Sereno;Intenso;Buona;Ore Diurne;0;0;0;2;12,45523;41,8429;0;2;Autovettura privata;In marcia / fermata / arresto;Peugeot;308;Conducente;1960;M;Illeso;0;;Non accertato;Inesploso
3684901;4;14/02/2018 18:05:00;;VIA DELLA BUFALOTTA;in corrispondenza;;del civico n.;241;;Scontro laterale fra veicoli in marcia;;;;;;;;;;0;0;0;3;;;0;1;Autovettura privata;In marcia / fermata / arresto;Opel;AGILA;Conducente;1969;M;Illeso;0;;;
3684901;4;14/02/2018 18:05:00;;VIA DELLA BUFALOTTA;in corrispondenza;;del civico n.;241;;Scontro laterale fra veicoli in marcia;;;;;;;;;;0;0;0;3;;;0;1;Autovettura privata;In marcia / fermata / arresto;Opel;AGILA;Passeggero;0;M;Illeso;0;;;
3684901;4;14/02/2018 18:05:00;;VIA DELLA BUFALOTTA;in corrispondenza;;del civico n.;241;;Scontro laterale fra veicoli in marcia;;;;;;;;;;0;0;0;3;;;0;2;Autocarro inferiore 35 q.;In marcia / fermata / arresto;Volvo;Truck 420;Conducente;1957;M;Illeso;0;;;
3684918;19;15/02/2018 08:50:00;Strada Urbana;VIA DI TORREVECCHIA;all'intersezione con;VIA DELLA VALLE DEI FONTANILI;VIA DELLA VALLE DEI FONTANILI;;;Scontro laterale fra veicoli in marcia;Intersezione semaforizzata;Una carreggiata a doppio senso;Asciutto;Asfaltata;Verticale ed orizzontale;Sereno;Normale;Buona;Ore Diurne;0;0;0;2;;;0;1;Autovettura privata;In marcia / fermata / arresto;Fiat;Seicento;Conducente;1982;M;Illeso;0;;Non accertato;Inesploso
3684918;19;15/02/2018 08:50:00;Strada Urbana;VIA DI TORREVECCHIA;all'intersezione con;VIA DELLA VALLE DEI FONTANILI;VIA DELLA VALLE DEI FONTANILI;;;Scontro laterale fra veicoli in marcia;Intersezione semaforizzata;Una carreggiata a doppio senso;Asciutto;Asfaltata;Verticale ed orizzontale;Sereno;Normale;Buona;Ore Diurne;0;0;0;2;;;0;2;Autocarro superiore 35 q.;In marcia / fermata / arresto;DAIMLER CHRYSLER;AG MB 950;Conducente;1974;M;Illeso;0;;Non accertato;Inesistente
3684928;2;14/02/2018 06:40:00;;PIAZZA SANTIAGO DEL CILE;in prossimità;;del civico n.;6;;Veicolo in marcia contro ostacolo accidentale;;;;;;;;;;0;0;0;1;;;0;1;Autovettura privata;In marcia / fermata / arresto;Opel;AGILA;Conducente;1967;M;Illeso;0;;;
3684930;11;15/02/2018 08:50:00;Strada Urbana;VIA VALERIA RUFINA;da specificare;;;;prossimità VIA C. T. ODESCALCHI;Tamponamento;Rettilineo;Una carreggiata a doppio senso;Asciutto;Asfaltata;Verticale ed orizzontale;Sereno;Normale;Buona;Ore Diurne;0;0;0;2;12,5;41,85491;0;1;Autovettura privata;In marcia / fermata / arresto;Opel;KARL;Conducente;1976;F;Illeso;0;;Non accertato;Inesploso
3684930;11;15/02/2018 08:50:00;Strada Urbana;VIA VALERIA RUFINA;da specificare;;;;prossimità VIA C. T. ODESCALCHI;Tamponamento;Rettilineo;Una carreggiata a doppio senso;Asciutto;Asfaltata;Verticale ed orizzontale;Sereno;Normale;Buona;Ore Diurne;0;0;0;2;12,5;41,85491;0;1;Autovettura privata;In marcia / fermata / arresto;Opel;KARL;Passeggero;2012;M;Illeso;0;;Utilizzato;Inesploso
3684931;2;14/02/2018 10:50:00;;VIALE BRUNO BUOZZI;in prossimità;;del civico n.;fr. 68;;Scontro laterale fra veicoli in marcia;;;;;;;;;;0;0;0;3;;;0;1;Autovettura pubblica;In marcia / fermata / arresto;Fiat;Stilo;Conducente;1974;M;Illeso;0;;;
3684931;2;14/02/2018 10:50:00;;VIALE BRUNO BUOZZI;in prossimità;;del civico n.;fr. 68;;Scontro laterale fra veicoli in marcia;;;;;;;;;;0;0;0;3;;;0;2;Autovettura di polizia;In marcia / fermata / arresto;Alfa Romeo;159;Conducente;1974;M;Illeso;0;;;
3684931;2;14/02/2018 10:50:00;;VIALE BRUNO BUOZZI;in prossimità;;del civico n.;fr. 68;;Scontro laterale fra veicoli in marcia;;;;;;;;;;0;0;0;3;;;0;2;Autovettura di polizia;In marcia / fermata / arresto;Alfa Romeo;159;Passeggero;1966;M;Illeso;0;;;
3684934;2;14/02/2018 13:56:00;;VIA JUGOSLAVIA;all'intersezione con;VIA DEGLI OLIMPIONICI;VIA DEGLI OLIMPIONICI;;;Scontro frontale/laterale SX fra veicoli in marcia;;;;;;;;;;1;0;0;2;;;0;1;Quadriciclo leggero;In marcia / fermata / arresto;Simpa JDM;(ignoto);Conducente;2000;F;Ricoverato;0;NON DECEDUTO;;
3684934;2;14/02/2018 13:56:00;;VIA JUGOSLAVIA;all'intersezione con;VIA DEGLI OLIMPIONICI;VIA DEGLI OLIMPIONICI;;;Scontro frontale/laterale SX fra veicoli in marcia;;;;;;;;;;1;0;0;2;;;0;2;Autovettura privata;In marcia / fermata / arresto;Suzuki;Swift;Conducente;1948;F;Illeso;0;;;
3684934;2;14/02/2018 13:56:00;;VIA JUGOSLAVIA;all'intersezione con;VIA DEGLI OLIMPIONICI;VIA DEGLI OLIMPIONICI;;;Scontro frontale/laterale SX fra veicoli in marcia;;;;;;;;;;1;0;0;2;;;0;3;Motociclo a solo;In marcia / fermata / arresto;Yamaha;YP250;Conducente;1971;M;Illeso;0;;;
3684937;2;14/02/2018 18:40:00;;CORSO D'ITALIA;in prossimità;;del civico n.;fr. 6;;Tamponamento;;;;;;;;;;1;0;0;2;;;0;1;Autovettura privata;In marcia / fermata / arresto;Fiat;Panda;Conducente;1959;F;Illeso;0;;;
3684937;2;14/02/2018 18:40:00;;CORSO D'ITALIA;in prossimità;;del civico n.;fr. 6;;Tamponamento;;;;;;;;;;1;0;0;2;;;0;1;Autovettura privata;In marcia / fermata / arresto;Fiat;Panda;Passeggero;1948;M;Illeso;0;;;
3684937;2;14/02/2018 18:40:00;;CORSO D'ITALIA;in prossimità;;del civico n.;fr. 6;;Tamponamento;;;;;;;;;;1;0;0;2;;;0;2;Motociclo a solo;In marcia / fermata / arresto;Kymco;Agility 150;Conducente;1967;M;Rimandato;0;NON DECEDUTO;;
3684954;5;15/02/2018 08:50:00;;VIA DI CASAL BIANCO;da specificare;;;;in prossimità di via Rubellia;Scontro laterale fra veicoli in marcia;;;;;;;;;;0;0;0;2;12,62367;41,939;0;1;Autovettura privata;In marcia / fermata / arresto;Renault;Clio;Conducente;1981;F;Illeso;0;;Non accertato;
3684954;5;15/02/2018 08:50:00;;VIA DI CASAL BIANCO;da specificare;;;;in prossimità di via Rubellia;Scontro laterale fra veicoli in marcia;;;;;;;;;;0;0;0;2;12,62367;41,939;0;2;Motociclo a solo;In marcia / fermata / arresto;Honda;SH 150;Conducente;1959;M;Illeso;0;;Utilizzato;
3684955;4;14/02/2018 16:50:00;;VIA PIETRO ARETINO;da specificare;;;;altezza 43;Veicolo in marcia contro veicolo in sosta;;;;;;;;;;0;0;0;1;;;0;1;Autocarro inferiore 35 q.;In marcia / fermata / arresto;Fiat;Iveco Magirus;Conducente;1967;M;Illeso;0;;;
3684980;1;14/02/2018 19:45:00;Strada Urbana;VIA MARGHERA;all'intersezione con;VIA MAGENTA;VIA MAGENTA;;;Veicolo in marcia contro veicoli in sosta;Intersezione stradale segnalata;Una carreggiata a senso unico di marcia;Asciutto;Asfaltata;Verticale ed orizzontale;Sereno;Scarso;Sufficiente;Sufficiente;1;0;0;0;;;0;1;Autovettura privata;In marcia / fermata / arresto;BMW;520 D;Conducente;1963;M;Ricoverato;0;NON DECEDUTO;Non accertato;
3684998;4;14/02/2018 11:30:00;;VIA ALESSANDRO D'ANCONA;all'intersezione con;VIA ADOLFO ALBERTAZZI;VIA ADOLFO ALBERTAZZI;;;Scontro laterale fra veicoli in marcia;;;;;;;;;;0;0;0;2;;;0;1;Autovettura privata;In marcia / fermata / arresto;Volkswagen;TIGUAN;Conducente;1978;M;Illeso;0;;;
3684998;4;14/02/2018 11:30:00;;VIA ALESSANDRO D'ANCONA;all'intersezione con;VIA ADOLFO ALBERTAZZI;VIA ADOLFO ALBERTAZZI;;;Scontro laterale fra veicoli in marcia;;;;;;;;;;0;0;0;2;;;0;2;Autovettura privata;In marcia / fermata / arresto;Hyundai;i 10;Conducente;1973;M;Illeso;0;;;
3685010;4;14/02/2018 09:00:00;;VIALE LINA CAVALIERI;all'intersezione con;VIA ERMINIA FREZZOLINI;VIA ERMINIA FREZZOLINI;;;Scontro frontale/laterale DX fra veicoli in marcia;;;;;;;;;;0;0;0;2;;;0;1;Autovettura privata;In marcia / fermata / arresto;Ford;C Max;Conducente;1946;M;Illeso;0;;;
3685010;4;14/02/2018 09:00:00;;VIALE LINA CAVALIERI;all'intersezione con;VIA ERMINIA FREZZOLINI;VIA ERMINIA FREZZOLINI;;;Scontro frontale/laterale DX fra veicoli in marcia;;;;;;;;;;0;0;0;2;;;0;2;Autovettura privata;In marcia / fermata / arresto;Volvo;S 60;Conducente;1945;;Illeso;0;;;
3685014;4;14/02/2018 11:30:00;;VIA POMONTE;in corrispondenza;;del civico n.;41;;Scontro frontale/laterale SX fra veicoli in marcia;;;;;;;;;;0;0;0;2;;;0;1;Autocarro inferiore 35 q.;In marcia / fermata / arresto;Fiat;Doblo';Conducente;1991;M;Illeso;0;;;
3685014;4;14/02/2018 11:30:00;;VIA POMONTE;in corrispondenza;;del civico n.;41;;Scontro frontale/laterale SX fra veicoli in marcia;;;;;;;;;;0;0;0;2;;;0;2;Autovettura privata;In marcia / fermata / arresto;Fiat;Multipla;Conducente;1976;M;Illeso;0;;;
3685023;4;14/02/2018 17:15:00;;VIA SALARIA;in prossimità;;del civico n.;1313;;Tamponamento;;;;;;;;;;0;0;0;2;;;0;1;Autovettura privata;In marcia / fermata / arresto;Volkswagen;UP;Conducente;1955;M;Illeso;0;;;
3685023;4;14/02/2018 17:15:00;;VIA SALARIA;in prossimità;;del civico n.;1313;;Tamponamento;;;;;;;;;;0;0;0;2;;;0;2;Autovettura privata;In marcia / fermata / arresto;Fiat;Panda;Conducente;1990;M;Illeso;0;;;
3685049;11;15/02/2018 09:20:00;Strada Urbana;VIA LEON PANCALDO;in prossimità;;del civico n.;2;;Veicolo in marcia contro ostacolo accidentale;Rettilineo;Una carreggiata a doppio senso;Asciutto;Asfaltata;Verticale ed orizzontale;Sereno;Normale;Buona;Ore Diurne;0;0;0;4;12,50084;41,85984;0;1;Autovettura privata;In marcia / fermata / arresto;Skoda;Fabia;Conducente;1931;M;Illeso;0;;Non accertato;Inesploso