Protocollo;Gruppo;DataOraIncidente;Localizzazione1;STRADA1;Localizzazione2;STRADA2;Strada02;Chilometrica;DaSpecificare;NaturaIncidente;particolaritastrade;TipoStrada;FondoStradale;Pavimentazione;Segnaletica;CondizioneAtmosferica;Traffico;Visibilita;Illuminazione;NUM_FERITI;NUM_RISERVATA;NUM_MORTI;NUM_ILLESI;Longitudine;Latitudine;Confermato;Progressivo;TipoVeicolo;StatoVeicolo;Marca;Modello;TipoPersona;AnnoNascita;Sesso;Tipolesione;Deceduto;DecedutoDopo;CinturaCascoUtilizzato;Airbag;
3685049;11;15/02/2018 09:20:00;Strada Urbana;VIA LEON PANCALDO;in prossimità;;del civico n.;2;;Veicolo in marcia contro ostacolo accidentale;Rettilineo;Una carreggiata a doppio senso;Asciutto;Asfaltata;Verticale ed orizzontale;Sereno;Normale;Buona;Ore Diurne;0;0;0;4;12,50084;41,85984;0;2;Autovettura privata;In marcia / fermata / arresto;Nissan;QASHQAI;Conducente;1976;F;Illeso;0;;Non accertato;Inesploso
3685049;11;15/02/2018 09:20:00;Strada Urbana;VIA LEON PANCALDO;in prossimità;;del civico n.;2;;Veicolo in marcia contro ostacolo accidentale;Rettilineo;Una carreggiata a doppio senso;Asciutto;Asfaltata;Verticale ed orizzontale;Sereno;Normale;Buona;Ore Diurne;0;0;0;4;12,50084;41,85984;0;2;Autovettura privata;In marcia / fermata / arresto;Nissan;QASHQAI;Passeggero;1957;M;Illeso;0;;Non accertato;Inesploso
3685049;11;15/02/2018 09:20:00;Strada Urbana;VIA LEON PANCALDO;in prossimità;;del civico n.;2;;Veicolo in marcia contro ostacolo accidentale;Rettilineo;Una carreggiata a doppio senso;Asciutto;Asfaltata;Verticale ed orizzontale;Sereno;Normale;Buona;Ore Diurne;0;0;0;4;12,50084;41,85984;0;2;Autovettura privata;In marcia / fermata / arresto;Nissan;QASHQAI;Passeggero;1968;F;Illeso;0;;Non accertato;Inesploso
3685061;23;14/02/2018 17:15:00;Comunale extraurbana;VIA CRISTOFORO COLOMBO;in corrispondenza;;della chilometrica;16.3;;Tamponamento Multiplo;Curva a visuale libera;Due carreggiate;Bagnato (umidità in atto);Asfaltata;Assente;Sereno;Intenso;Buona;Ore Diurne;0;0;0;4;12,41155;41,78584;0;1;Autovettura privata;In marcia / fermata / arresto;Volkswagen;Polo;Conducente;1980;M;Illeso;0;;Non accertato;
3685061;23;14/02/2018 17:15:00;Comunale extraurbana;VIA CRISTOFORO COLOMBO;in corrispondenza;;della chilometrica;16.3;;Tamponamento Multiplo;Curva a visuale libera;Due carreggiate;Bagnato (umidità in atto);Asfaltata;Assente;Sereno;Intenso;Buona;Ore Diurne;0;0;0;4;12,41155;41,78584;0;2;Autovettura privata;In marcia / fermata / arresto;Volkswagen;Touran;Conducente;1977;F;Illeso;0;;Non accertato;
3685061;23;14/02/2018 17:15:00;Comunale extraurbana;VIA CRISTOFORO COLOMBO;in corrispondenza;;della chilometrica;16.3;;Tamponamento Multiplo;Curva a visuale libera;Due carreggiate;Bagnato (umidità in atto);Asfaltata;Assente;Sereno;Intenso;Buona;Ore Diurne;0;0;0;4;12,41155;41,78584;0;3;Autovettura privata;In marcia / fermata / arresto;Citroen;C4;Conducente;1973;F;Illeso;0;;Non accertato;
3685061;23;14/02/2018 17:15:00;Comunale extraurbana;VIA CRISTOFORO COLOMBO;in corrispondenza;;della chilometrica;16.3;;Tamponamento Multiplo;Curva a visuale libera;Due carreggiate;Bagnato (umidità in atto);Asfaltata;Assente;Sereno;Intenso;Buona;Ore Diurne;0;0;0;4;12,41155;41,78584;0;4;Autovettura privata;In marcia / fermata / arresto;Peugeot;207 SW;Conducente;1967;M;Illeso;0;;Non accertato;
3685129;18;15/02/2018 10:40:00;;VIA AURELIA;in corrispondenza;;del civico n.;480;;Scontro laterale fra veicoli in marcia;;;;;;;;;;1;0;0;1;12,42042;41,89862;0;1;Autovettura privata;In marcia / fermata / arresto;Daewoo;Cruze;Conducente;1965;M;Illeso;0;;Non accertato;Inesploso
3685129;18;15/02/2018 10:40:00;;VIA AURELIA;in corrispondenza;;del civico n.;480;;Scontro laterale fra veicoli in marcia;;;;;;;;;;1;0;0;1;12,42042;41,89862;0;2;Motociclo a solo;In marcia / fermata / arresto;Yamaha;(ignoto);Conducente;1966;F;Rimandato;0;NON DECEDUTO;Utilizzato;
3685130;5;15/02/2018 10:45:00;;VIA GIUSEPPE ANTONIO ANDRIULLI;da specificare;;;;pross. rampa accesso A24 (dir. via Tiburtina);Veicoli in marcia contro veicolo fermo;;;;;;;;;;0;0;0;2;12,55774;41,90238;0;1;Autovettura privata;In marcia / fermata / arresto;Fiat;Panda;Conducente;1969;M;Illeso;0;;Non accertato;
3685130;5;15/02/2018 10:45:00;;VIA GIUSEPPE ANTONIO ANDRIULLI;da specificare;;;;pross. rampa accesso A24 (dir. via Tiburtina);Veicoli in marcia contro veicolo fermo;;;;;;;;;;0;0;0;2;12,55774;41,90238;0;2;Motociclo a solo;In marcia / fermata / arresto;Gilera;GP800;Conducente;1956;M;Illeso;0;;Utilizzato;
3685138;3;13/02/2018 20:35:00;Strada Urbana;CIRCONVALLAZIONE NOMENTANA;da specificare;;;;altezza n.251;Tamponamento Multiplo;Rettilineo;Più di due carreggiate;Asciutto;Asfaltata;Verticale ed orizzontale;Sereno;Normale;Buona;Sufficiente;0;0;0;3;;;0;1;Autovettura privata;In marcia / fermata / arresto;Hyundai;i 20;Conducente;1982;M;Illeso;0;;Non accertato;Inesploso
3685138;3;13/02/2018 20:35:00;Strada Urbana;CIRCONVALLAZIONE NOMENTANA;da specificare;;;;altezza n.251;Tamponamento Multiplo;Rettilineo;Più di due carreggiate;Asciutto;Asfaltata;Verticale ed orizzontale;Sereno;Normale;Buona;Sufficiente;0;0;0;3;;;0;2;Autovettura privata;In marcia / fermata / arresto;Alfa Romeo;MITO;Conducente;1963;M;Illeso;0;;Non accertato;Inesploso
3685138;3;13/02/2018 20:35:00;Strada Urbana;CIRCONVALLAZIONE NOMENTANA;da specificare;;;;altezza n.251;Tamponamento Multiplo;Rettilineo;Più di due carreggiate;Asciutto;Asfaltata;Verticale ed orizzontale;Sereno;Normale;Buona;Sufficiente;0;0;0;3;;;0;3;Autocarro inferiore 35 q.;In marcia / fermata / arresto;Mercedes;Sprinter;Conducente;1963;M;Illeso;0;;Non accertato;Inesploso
3685148;17;14/02/2018 08:30:00;Strada Urbana;VIA ANGELO EMO;in prossimità;;del civico n.;35;;Scontro laterale fra veicoli in marcia;Rettilineo;Due carreggiate;Bagnato (pioggia);Asfaltata;Verticale ed orizzontale;Nuvoloso;Normale;Buona;Ore Diurne;0;0;0;2;12,44771;41,90513;0;1;Autoarticolato;In marcia / fermata / arresto;Volvo;FH;Conducente;1967;M;Illeso;0;;Non accertato;Inesploso
3685148;17;14/02/2018 08:30:00;Strada Urbana;VIA ANGELO EMO;in prossimità;;del civico n.;35;;Scontro laterale fra veicoli in marcia;Rettilineo;Due carreggiate;Bagnato (pioggia);Asfaltata;Verticale ed orizzontale;Nuvoloso;Normale;Buona;Ore Diurne;0;0;0;2;12,44771;41,90513;0;2;Autovettura privata;In marcia / fermata / arresto;Toyota;AYGO';Conducente;1963;F;Illeso;0;;Non accertato;Inesploso
3685174;3;14/02/2018 19:40:00;Strada Urbana;VIALE IPPOCRATE;in prossimità;;del civico n.;91/c/93;;Scontro laterale fra veicoli in marcia;Pendenza;Due carreggiate;Asciutto;Asfaltata;Verticale ed orizzontale;Nuvoloso;Normale;Sufficiente;Sufficiente;0;0;0;2;;;0;1;Autovettura privata;In marcia / fermata / arresto;Fiat;Punto;Conducente;1970;M;Illeso;0;;Non accertato;Inesploso
3685174;3;14/02/2018 19:40:00;Strada Urbana;VIALE IPPOCRATE;in prossimità;;del civico n.;91/c/93;;Scontro laterale fra veicoli in marcia;Pendenza;Due carreggiate;Asciutto;Asfaltata;Verticale ed orizzontale;Nuvoloso;Normale;Sufficiente;Sufficiente;0;0;0;2;;;0;2;Motociclo a solo;In marcia / fermata / arresto;Honda;sh300;Conducente;1988;M;Illeso;0;;Non accertato;
3685197;16;14/02/2018 08:30:00;;VIA OTTAVIO GASPARRI;in corrispondenza;;del civico n.;42;;Veicolo in marcia contro ostacolo accidentale;;;;;;;;;;1;0;0;1;;;0;1;Motociclo a solo;In marcia / fermata / arresto;Honda;SH 125;Conducente;1994;M;Rimandato;0;NON DECEDUTO;Non accertato;
3685197;16;14/02/2018 08:30:00;;VIA OTTAVIO GASPARRI;in corrispondenza;;del civico n.;42;;Veicolo in marcia contro ostacolo accidentale;;;;;;;;;;1;0;0;1;;;0;2;Autovettura privata;In marcia / fermata / arresto;Peugeot;208;Conducente;0;M;Illeso;0;;;
3685234;17;14/02/2018 20:45:00;;VIA BERNARDO BARBIELLINI AMIDEI;in prossimità;;del civico n.;39;;Investimento di pedone;;;;;;;;;;1;0;0;1;;;0;;;;;;Pedone;1978;M;Rimandato;0;NON DECEDUTO;;
3685234;17;14/02/2018 20:45:00;;VIA BERNARDO BARBIELLINI AMIDEI;in prossimità;;del civico n.;39;;Investimento di pedone;;;;;;;;;;1;0;0;1;;;0;1;Autovettura privata;In marcia / fermata / arresto;Mercedes;Classe A;Conducente;1959;M;Illeso;0;;Non accertato;Inesploso
3685285;16;14/02/2018 09:40:00;;VIALE DEI COLLI PORTUENSI;da specificare;;;;prossimità del fronte civico 392;Veicolo in marcia contro veicolo in sosta;;;;;;;;;;0;0;0;2;;;0;1;Autocarro inferiore 35 q.;Sosta;Iveco;180;Conducente;0;M;Illeso;0;;;
3685285;16;14/02/2018 09:40:00;;VIALE DEI COLLI PORTUENSI;da specificare;;;;prossimità del fronte civico 392;Veicolo in marcia contro veicolo in sosta;;;;;;;;;;0;0;0;2;;;0;2;Autovettura privata;In marcia / fermata / arresto;Hyundai;i 10;Conducente;0;F;Illeso;0;;;
3685330;17;14/02/2018 10:15:00;Strada Urbana;CIRCONVALLAZIONE TRIONFALE;da specificare;;;;ALTEZZA VIA BOVIO ;Tamponamento;Rettilineo;Due carreggiate;Bagnato (pioggia);Asfaltata;Verticale ed orizzontale;Nuvoloso;Normale;Buona;Ore Diurne;0;0;0;2;12,45032;41,91284;0;1;Autovettura privata;In marcia / fermata / arresto;Fiat;Punto;Conducente;1939;M;Illeso;0;;Non accertato;Inesploso
3685330;17;14/02/2018 10:15:00;Strada Urbana;CIRCONVALLAZIONE TRIONFALE;da specificare;;;;ALTEZZA VIA BOVIO ;Tamponamento;Rettilineo;Due carreggiate;Bagnato (pioggia);Asfaltata;Verticale ed orizzontale;Nuvoloso;Normale;Buona;Ore Diurne;0;0;0;2;12,45032;41,91284;0;2;Autocarro inferiore 35 q.;In marcia / fermata / arresto;Daimlerchrysler;(non accertato);Conducente;1996;M;Illeso;0;;Non accertato;Inesploso
3685400;12;13/02/2018 09:00:00;Strada Urbana;PIAZZALE VENTICINQUE MARZO 1957;da specificare;;;;direzione roma centro;Tamponamento;Rettilineo;Due carreggiate;Asciutto;Asfaltata;Verticale ed orizzontale;Sereno;Normale;Buona;Ore Diurne;0;0;0;1;12,46303;41,81852;0;1;Autovettura privata;In marcia / fermata / arresto;Fiat;Doblò;Conducente;1970;M;Illeso;0;;Utilizzato;
3685449;7;15/02/2018 08:35:00;;VIA DEGLI OLMI;in prossimità;;del civico n.;25;;Veicolo in marcia contro veicolo arresto;;;;;;;;;;1;0;0;1;;;0;1;Autovettura privata;In marcia / fermata / arresto;Fiat;Panda;Conducente;1953;M;Illeso;0;;;
3685449;7;15/02/2018 08:35:00;;VIA DEGLI OLMI;in prossimità;;del civico n.;25;;Veicolo in marcia contro veicolo arresto;;;;;;;;;;1;0;0;1;;;0;2;Autovettura privata;In marcia / fermata / arresto;Mercedes;C 220;Conducente;1990;M;Ricoverato;0;NON DECEDUTO;;
3685462;11;15/02/2018 13:00:00;Strada Urbana;VIA FRANCESCO ACRI;in corrispondenza;;del civico n.;5;;Tamponamento;Rettilineo;Due carreggiate;Asciutto;Asfaltata;Assente;Sereno;Normale;Buona;Ore Diurne;0;0;0;3;12,48419;41,84477;0;1;Autovettura privata;In marcia / fermata / arresto;Nissan;QASHQAI;Conducente;1967;M;Illeso;0;;Non accertato;Inesploso
3685462;11;15/02/2018 13:00:00;Strada Urbana;VIA FRANCESCO ACRI;in corrispondenza;;del civico n.;5;;Tamponamento;Rettilineo;Due carreggiate;Asciutto;Asfaltata;Assente;Sereno;Normale;Buona;Ore Diurne;0;0;0;3;12,48419;41,84477;0;1;Autovettura privata;In marcia / fermata / arresto;Nissan;QASHQAI;Passeggero;1997;F;Illeso;0;;Non accertato;Inesploso
3685462;11;15/02/2018 13:00:00;Strada Urbana;VIA FRANCESCO ACRI;in corrispondenza;;del civico n.;5;;Tamponamento;Rettilineo;Due carreggiate;Asciutto;Asfaltata;Assente;Sereno;Normale;Buona;Ore Diurne;0;0;0;3;12,48419;41,84477;0;2;Autovettura privata;In marcia / fermata / arresto;Citroen;(ignoto);Conducente;1994;F;Illeso;0;;;
3685475;6;15/02/2018 13:10:00;Strada Urbana;VIA LUCHINO DAL VERME;all'intersezione con;VIA GUGLIELMO DEGLI UBERTINI;VIA GUGLIELMO DEGLI UBERTINI;;;Scontro frontale/laterale SX fra veicoli in marcia;Incrocio;Una carreggiata a senso unico di marcia;Asciutto;Asfaltata;Verticale ed orizzontale;Sereno;Normale;Buona;Ore Diurne;0;0;0;4;12,53868;41,88868;0;1;Autovettura privata;In marcia / fermata / arresto;Fiat;Panda;Conducente;1932;M;Illeso;0;;;
3685475;6;15/02/2018 13:10:00;Strada Urbana;VIA LUCHINO DAL VERME;all'intersezione con;VIA GUGLIELMO DEGLI UBERTINI;VIA GUGLIELMO DEGLI UBERTINI;;;Scontro frontale/laterale SX fra veicoli in marcia;Incrocio;Una carreggiata a senso unico di marcia;Asciutto;Asfaltata;Verticale ed orizzontale;Sereno;Normale;Buona;Ore Diurne;0;0;0;4;12,53868;41,88868;0;1;Autovettura privata;In marcia / fermata / arresto;Fiat;Panda;Passeggero;1932;F;Illeso;0;;Non accertato;Inesploso
3685475;6;15/02/2018 13:10:00;Strada Urbana;VIA LUCHINO DAL VERME;all'intersezione con;VIA GUGLIELMO DEGLI UBERTINI;VIA GUGLIELMO DEGLI UBERTINI;;;Scontro frontale/laterale SX fra veicoli in marcia;Incrocio;Una carreggiata a senso unico di marcia;Asciutto;Asfaltata;Verticale ed orizzontale;Sereno;Normale;Buona;Ore Diurne;0;0;0;4;12,53868;41,88868;0;2;Autovettura privata;In marcia / fermata / arresto;Mini;(ignoto);Conducente;1994;M;Illeso;0;;Non accertato;Inesploso
3685475;6;15/02/2018 13:10:00;Strada Urbana;VIA LUCHINO DAL VERME;all'intersezione con;VIA GUGLIELMO DEGLI UBERTINI;VIA GUGLIELMO DEGLI UBERTINI;;;Scontro frontale/laterale SX fra veicoli in marcia;Incrocio;Una carreggiata a senso unico di marcia;Asciutto;Asfaltata;Verticale ed orizzontale;Sereno;Normale;Buona;Ore Diurne;0;0;0;4;12,53868;41,88868;0;2;Autovettura privata;In marcia / fermata / arresto;Mini;(ignoto);Passeggero;1996;M;Illeso;0;;Non accertato;Inesploso
3685512;20;15/02/2018 11:23:00;Strada Urbana;VIA DI GROTTAROSSA;in corrispondenza;;del civico n.;1037;;Scontro frontale/laterale SX fra veicoli in marcia;Rettilineo;Una carreggiata a doppio senso;Asciutto;Asfaltata;Verticale ed orizzontale;Sereno;Normale;Buona;Ore Diurne;0;0;0;4;;;0;1;Autovettura privata;In marcia / fermata / arresto;Fiat;Croma;Conducente;1985;F;Illeso;0;;;
3685512;20;15/02/2018 11:23:00;Strada Urbana;VIA DI GROTTAROSSA;in corrispondenza;;del civico n.;1037;;Scontro frontale/laterale SX fra veicoli in marcia;Rettilineo;Una carreggiata a doppio senso;Asciutto;Asfaltata;Verticale ed orizzontale;Sereno;Normale;Buona;Ore Diurne;0;0;0;4;;;0;1;Autovettura privata;In marcia / fermata / arresto;Fiat;Croma;Passeggero;1969;F;Illeso;0;;Non accertato;Inesploso
3685512;20;15/02/2018 11:23:00;Strada Urbana;VIA DI GROTTAROSSA;in corrispondenza;;del civico n.;1037;;Scontro frontale/laterale SX fra veicoli in marcia;Rettilineo;Una carreggiata a doppio senso;Asciutto;Asfaltata;Verticale ed orizzontale;Sereno;Normale;Buona;Ore Diurne;0;0;0;4;;;0;1;Autovettura privata;In marcia / fermata / arresto;Fiat;Croma;Passeggero;2017;M;Illeso;0;;Non accertato;Inesploso
3685512;20;15/02/2018 11:23:00;Strada Urbana;VIA DI GROTTAROSSA;in corrispondenza;;del civico n.;1037;;Scontro frontale/laterale SX fra veicoli in marcia;Rettilineo;Una carreggiata a doppio senso;Asciutto;Asfaltata;Verticale ed orizzontale;Sereno;Normale;Buona;Ore Diurne;0;0;0;4;;;0;2;Autovettura privata;In marcia / fermata / arresto;Alfa Lancia;Y;Conducente;1945;M;Illeso;0;;;
3685524;18;15/02/2018 13:30:00;Strada Urbana;VIA DI CASAL DEL MARMO;all'intersezione con;VIA DRONERO;VIA DRONERO;;;Tamponamento;Intersezione stradale segnalata;Una carreggiata a doppio senso;Asciutto;Asfaltata;Verticale ed orizzontale;Sereno;Normale;Buona;Ore Diurne;0;0;0;2;12,38899;41,94215;0;1;Autovettura privata;In marcia / fermata / arresto;Chevrolet;Trax;Conducente;1964;F;Illeso;0;;Non accertato;Inesploso
3685524;18;15/02/2018 13:30:00;Strada Urbana;VIA DI CASAL DEL MARMO;all'intersezione con;VIA DRONERO;VIA DRONERO;;;Tamponamento;Intersezione stradale segnalata;Una carreggiata a doppio senso;Asciutto;Asfaltata;Verticale ed orizzontale;Sereno;Normale;Buona;Ore Diurne;0;0;0;2;12,38899;41,94215;0;2;Autovettura privata;In marcia / fermata / arresto;Fiat;Bravo;Conducente;1952;M;Illeso;0;;Non accertato;
3685526;3;15/02/2018 08:00:00;;VIALE REGINA ELENA;all'intersezione con;VIALE DELL'UNIVERSITA';VIALE DELL'UNIVERSITA';;;Scontro laterale fra veicoli in marcia;;;;;;;;;;0;0;0;4;;;0;1;Autovettura privata;In marcia / fermata / arresto;Fiat;Punto;Conducente;0;M;Illeso;0;;;
3685526;3;15/02/2018 08:00:00;;VIALE REGINA ELENA;all'intersezione con;VIALE DELL'UNIVERSITA';VIALE DELL'UNIVERSITA';;;Scontro laterale fra veicoli in marcia;;;;;;;;;;0;0;0;4;;;0;2;Autovettura privata;In marcia / fermata / arresto;Renault;Clio;Conducente;0;M;Illeso;0;;;
3685526;3;15/02/2018 08:00:00;;VIALE REGINA ELENA;all'intersezione con;VIALE DELL'UNIVERSITA';VIALE DELL'UNIVERSITA';;;Scontro laterale fra veicoli in marcia;;;;;;;;;;0;0;0;4;;;0;2;Autovettura privata;In marcia / fermata / arresto;Renault;Clio;Passeggero;0;M;Illeso;0;;;
3685545;16;14/02/2018 10:00:00;;VIA DI DONNA OLIMPIA;all'intersezione con;VIA GIOVANNI FILIPPO INGRASSIA;VIA GIOVANNI FILIPPO INGRASSIA;;;Scontro frontale/laterale SX fra veicoli in marcia;;;;;;;;;;0;0;0;2;;;0;1;Motociclo a solo;In marcia / fermata / arresto;Derbi;Rambla;Conducente;0;M;Illeso;0;;;
3685545;16;14/02/2018 10:00:00;;VIA DI DONNA OLIMPIA;all'intersezione con;VIA GIOVANNI FILIPPO INGRASSIA;VIA GIOVANNI FILIPPO INGRASSIA;;;Scontro frontale/laterale SX fra veicoli in marcia;;;;;;;;;;0;0;0;2;;;0;2;Autovettura privata;In marcia / fermata / arresto;Volkswagen;Polo;Conducente;0;M;Illeso;0;;;
3685554;5;15/02/2018 14:30:00;Strada Urbana;VIA DEI MONTI TIBURTINI;in prossimità;;del civico n.;720;;Tamponamento;Curva a visuale libera;Due carreggiate;Asciutto;Asfaltata;Orizzontale;Sereno;Normale;Buona;Ore Diurne;0;0;0;2;12,55212;41,9137;0;1;Autovettura privata;In marcia / fermata / arresto;Fiat;Panda;Conducente;1965;;Illeso;0;;;
3685554;5;15/02/2018 14:30:00;Strada Urbana;VIA DEI MONTI TIBURTINI;in prossimità;;del civico n.;720;;Tamponamento;Curva a visuale libera;Due carreggiate;Asciutto;Asfaltata;Orizzontale;Sereno;Normale;Buona;Ore Diurne;0;0;0;2;12,55212;41,9137;0;2;Autovettura privata;In marcia / fermata / arresto;Opel;Corsa;Conducente;1971;;Illeso;0;;;
3685575;6;15/02/2018 13:07:00;Strada Urbana;VIA TEANO;da specificare;;;;f.c. 247;Tamponamento Multiplo;Rettilineo;Due carreggiate;Asciutto;Asfaltata;Verticale;Sereno;Normale;Buona;Ore Diurne;2;0;0;1;12,55063;41,8896;-1;1;Autovettura privata;In marcia / fermata / arresto;Daimler;Smart;Conducente;1991;F;Rifiuta cure immediate;0;NON DECEDUTO;Non accertato;Inesploso
3685575;6;15/02/2018 13:07:00;Strada Urbana;VIA TEANO;da specificare;;;;f.c. 247;Tamponamento Multiplo;Rettilineo;Due carreggiate;Asciutto;Asfaltata;Verticale;Sereno;Normale;Buona;Ore Diurne;2;0;0;1;12,55063;41,8896;-1;2;Autovettura privata;In marcia / fermata / arresto;Daewoo;Matiz;Conducente;1947;F;Rifiuta cure immediate;0;NON DECEDUTO;Non accertato;Inesploso
3685575;6;15/02/2018 13:07:00;Strada Urbana;VIA TEANO;da specificare;;;;f.c. 247;Tamponamento Multiplo;Rettilineo;Due carreggiate;Asciutto;Asfaltata;Verticale;Sereno;Normale;Buona;Ore Diurne;2;0;0;1;12,55063;41,8896;-1;3;Autovettura privata;In marcia / fermata / arresto;Fiat;Panda;Conducente;1946;F;Illeso;0;;Non accertato;Inesploso
3685665;19;15/02/2018 15:00:00;Strada Urbana;VIA MARIO FANI;all'intersezione con;VIA STRESA;VIA STRESA;;;Scontro frontale/laterale DX fra veicoli in marcia;Incrocio;Una carreggiata a doppio senso;Asciutto;Asfaltata;Verticale ed orizzontale;Sereno;Normale;Buona;Ore Diurne;0;0;0;2;12,44096;41,9371;-1;1;Autovettura privata;In marcia / fermata / arresto;Fiat;Punto;Conducente;1964;M;Illeso;0;;;
3685665;19;15/02/2018 15:00:00;Strada Urbana;VIA MARIO FANI;all'intersezione con;VIA STRESA;VIA STRESA;;;Scontro frontale/laterale DX fra veicoli in marcia;Incrocio;Una carreggiata a doppio senso;Asciutto;Asfaltata;Verticale ed orizzontale;Sereno;Normale;Buona;Ore Diurne;0;0;0;2;12,44096;41,9371;-1;2;Autovettura privata;In marcia / fermata / arresto;Audi;A 4;Conducente;1985;M;Illeso;0;;;
3685667;17;15/02/2018 13:05:00;Strada Urbana;VIA MONTE SANTO;all'intersezione con;VIA SABOTINO;VIA SABOTINO;;;Investimento di pedone;Intersezione stradale segnalata;Due carreggiate;Asciutto;Asfaltata;Verticale ed orizzontale;Sereno;Normale;Buona;Ore Diurne;0;0;0;2;;;0;;;;;;Pedone;1944;F;Illeso;0;;;
3685667;17;15/02/2018 13:05:00;Strada Urbana;VIA MONTE SANTO;all'intersezione con;VIA SABOTINO;VIA SABOTINO;;;Investimento di pedone;Intersezione stradale segnalata;Due carreggiate;Asciutto;Asfaltata;Verticale ed orizzontale;Sereno;Normale;Buona;Ore Diurne;0;0;0;2;;;0;1;Motociclo a solo;In marcia / fermata / arresto;Piaggio;125 cc.;Conducente;1957;M;Illeso;0;;Non accertato;
3685668;12;15/02/2018 12:40:00;Strada Urbana;VIA DELLE TRE FONTANE;all'intersezione semaforizzata con;VIALE DELL'AGRICOLTURA;VIALE DELL'AGRICOLTURA;;;Scontro frontale/laterale SX fra veicoli in marcia;Intersezione semaforizzata;Una carreggiata a doppio senso;Asciutto;Asfaltata;Verticale ed orizzontale;Sereno;Scarso;Buona;Ore Diurne;1;0;0;1;12,47341;41,83939;0;1;Autovettura privata;In marcia / fermata / arresto;Mini;clubman;Conducente;1970;F;Illeso;0;;Non accertato;Inesploso
3685668;12;15/02/2018 12:40:00;Strada Urbana;VIA DELLE TRE FONTANE;all'intersezione semaforizzata con;VIALE DELL'AGRICOLTURA;VIALE DELL'AGRICOLTURA;;;Scontro frontale/laterale SX fra veicoli in marcia;Intersezione semaforizzata;Una carreggiata a doppio senso;Asciutto;Asfaltata;Verticale ed orizzontale;Sereno;Scarso;Buona;Ore Diurne;1;0;0;1;12,47341;41,83939;0;2;Autovettura privata;In marcia / fermata / arresto;Mercedes;Smart Fortwo Coupè;Conducente;1964;F;Rimandato;0;NON DECEDUTO;Non accertato;Inesploso
3685674;7;15/02/2018 14:55:00;Strada Urbana;VIA FEDERICO DELPINO;in corrispondenza;;del civico n.;5;;Scontro laterale fra veicoli in marcia;Rettilineo;Due carreggiate;Asciutto;Asfaltata;Verticale ed orizzontale;Sereno;Normale;Buona;Ore Diurne;0;0;0;2;12,5608;41,89077;0;1;Autovettura privata;In marcia / fermata / arresto;Mitsubishi;Colt;Conducente;1964;M;Illeso;0;;Non accertato;Inesploso
3685674;7;15/02/2018 14:55:00;Strada Urbana;VIA FEDERICO DELPINO;in corrispondenza;;del civico n.;5;;Scontro laterale fra veicoli in marcia;Rettilineo;Due carreggiate;Asciutto;Asfaltata;Verticale ed orizzontale;Sereno;Normale;Buona;Ore Diurne;0;0;0;2;12,5608;41,89077;0;2;Autovettura privata;In marcia / fermata / arresto;Mercedes;Classe A 180;Conducente;1985;M;Illeso;0;;;
3685829;18;15/02/2018 16:55:00;Strada Urbana;VIA BALDO DEGLI UBALDI;in corrispondenza;;del civico n.;171;;Scontro laterale fra veicoli in marcia;Rettilineo;Due carreggiate;Asciutto;Asfaltata;Verticale ed orizzontale;Sereno;Normale;Buona;Ore Diurne;1;0;0;1;12,43547;41,89973;0;1;Autovettura privata;In marcia / fermata / arresto;Opel;ADAM;Conducente;1991;M;Illeso;0;;Non accertato;Inesploso
3685829;18;15/02/2018 16:55:00;Strada Urbana;VIA BALDO DEGLI UBALDI;in corrispondenza;;del civico n.;171;;Scontro laterale fra veicoli in marcia;Rettilineo;Due carreggiate;Asciutto;Asfaltata;Verticale ed orizzontale;Sereno;Normale;Buona;Ore Diurne;1;0;0;1;12,43547;41,89973;0;2;Motociclo a solo;In marcia / fermata / arresto;Yamaha;T MAX;Conducente;1958;M;Ricoverato;0;NON DECEDUTO;;
3685865;11;15/02/2018 13:25:00;Strada Urbana;VIA ARDEATINA;in corrispondenza;;del civico n.;850;;Tamponamento Multiplo;Rettilineo;Una carreggiata a doppio senso;Asciutto;Asfaltata;Verticale ed orizzontale;Sereno;Intenso;Buona;Ore Diurne;1;0;0;3;;;0;1;Autovettura privata;In marcia / fermata / arresto;Volvo;(ignoto);Conducente;1978;M;Illeso;0;;Non accertato;
3685865;11;15/02/2018 13:25:00;Strada Urbana;VIA ARDEATINA;in corrispondenza;;del civico n.;850;;Tamponamento Multiplo;Rettilineo;Una carreggiata a doppio senso;Asciutto;Asfaltata;Verticale ed orizzontale;Sereno;Intenso;Buona;Ore Diurne;1;0;0;3;;;0;2;Autovettura privata;In marcia / fermata / arresto;Opel;Astra;Conducente;1982;M;Illeso;0;;Non accertato;
3685865;11;15/02/2018 13:25:00;Strada Urbana;VIA ARDEATINA;in corrispondenza;;del civico n.;850;;Tamponamento Multiplo;Rettilineo;Una carreggiata a doppio senso;Asciutto;Asfaltata;Verticale ed orizzontale;Sereno;Intenso;Buona;Ore Diurne;1;0;0;3;;;0;2;Autovettura privata;In marcia / fermata / arresto;Opel;Astra;Passeggero;1957;F;Rimandato;0;NON DECEDUTO;Non accertato;