Protocollo;Gruppo;DataOraIncidente;Localizzazione1;STRADA1;Localizzazione2;STRADA2;Strada02;Chilometrica;DaSpecificare;NaturaIncidente;particolaritastrade;TipoStrada;FondoStradale;Pavimentazione;Segnaletica;CondizioneAtmosferica;Traffico;Visibilita;Illuminazione;NUM_FERITI;NUM_RISERVATA;NUM_MORTI;NUM_ILLESI;Longitudine;Latitudine;Confermato;Progressivo;TipoVeicolo;StatoVeicolo;Marca;Modello;TipoPersona;AnnoNascita;Sesso;Tipolesione;Deceduto;DecedutoDopo;CinturaCascoUtilizzato;Airbag;
3685865;11;15/02/2018 13:25:00;Strada Urbana;VIA ARDEATINA;in corrispondenza;;del civico n.;850;;Tamponamento Multiplo;Rettilineo;Una carreggiata a doppio senso;Asciutto;Asfaltata;Verticale ed orizzontale;Sereno;Intenso;Buona;Ore Diurne;1;0;0;3;;;0;2;Autovettura privata;In marcia / fermata / arresto;Opel;Astra;Passeggero;2012;M;Illeso;0;;Non accertato;
3685866;12;13/02/2018 12:00:00;Strada Urbana;VIA SANT'ARCANGELO DI ROMAGNA;in prossimità;;del civico n.;34;;Scontro laterale fra veicoli in marcia;Rettilineo;Una carreggiata a senso unico di marcia;Asciutto;Asfaltata;Verticale ed orizzontale;Sereno;Scarso;Buona;Ore Diurne;0;0;0;2;12,40536;41,7929;0;1;Autovettura privata;In marcia / fermata / arresto;Volkswagen;Polo;Conducente;1960;M;Illeso;0;;;
3685866;12;13/02/2018 12:00:00;Strada Urbana;VIA SANT'ARCANGELO DI ROMAGNA;in prossimità;;del civico n.;34;;Scontro laterale fra veicoli in marcia;Rettilineo;Una carreggiata a senso unico di marcia;Asciutto;Asfaltata;Verticale ed orizzontale;Sereno;Scarso;Buona;Ore Diurne;0;0;0;2;12,40536;41,7929;0;2;Autovettura privata;In marcia / fermata / arresto;Mercedes;Smart For Two;Conducente;1938;M;Illeso;0;;;
3685900;19;15/02/2018 18:00:00;Strada Urbana;VIA TRIONFALE;in corrispondenza;;del civico n.;7142;;Infortunio per caduta del veicolo;Rettilineo;Una carreggiata a doppio senso;Asciutto;Asfaltata;Orizzontale;Sereno;Normale;Buona;Sufficiente;1;0;0;1;12,43815;41,93551;-1;1;Autovettura privata;In marcia / fermata / arresto;Renault;Megane;Conducente;1975;M;Illeso;0;;;
3685900;19;15/02/2018 18:00:00;Strada Urbana;VIA TRIONFALE;in corrispondenza;;del civico n.;7142;;Infortunio per caduta del veicolo;Rettilineo;Una carreggiata a doppio senso;Asciutto;Asfaltata;Orizzontale;Sereno;Normale;Buona;Sufficiente;1;0;0;1;12,43815;41,93551;-1;2;Motociclo a solo;In marcia / fermata / arresto;BMW;(ignoto);Conducente;1979;M;Rifiuta cure immediate;0;NON DECEDUTO;;
3685912;7;15/02/2018 16:30:00;Statale entro l'abitato;VIA PRENESTINA;da specificare;;;;rotatoria altezza Via Longoni;Tamponamento;Rotatoria;Una carreggiata a senso unico di marcia;Asciutto;Asfaltata;Verticale ed orizzontale;Sereno;Normale;Buona;Ore Diurne;0;0;0;2;;;0;1;Autoarticolato;In marcia / fermata / arresto; Mercedes ;(non accertato);Conducente;1972;M;Illeso;0;;Non accertato;Inesploso
3685912;7;15/02/2018 16:30:00;Statale entro l'abitato;VIA PRENESTINA;da specificare;;;;rotatoria altezza Via Longoni;Tamponamento;Rotatoria;Una carreggiata a senso unico di marcia;Asciutto;Asfaltata;Verticale ed orizzontale;Sereno;Normale;Buona;Ore Diurne;0;0;0;2;;;0;2;Autovettura privata;In marcia / fermata / arresto;Fiat;600;Conducente;1971;F;Illeso;0;;Non accertato;Inesploso
3685931;20;15/02/2018 18:00:00;Strada Urbana;VIA GUIDO RENI;in prossimità;;del civico n.;22/24;;Scontro frontale/laterale DX fra veicoli in marcia;Rettilineo;Una carreggiata a doppio senso;Asciutto;Asfaltata;Verticale ed orizzontale;Sereno;Normale;Sufficiente;Sufficiente;0;0;0;2;;;0;1;Autovettura privata;In marcia / fermata / arresto;Ford;Focus;Conducente;1988;M;Illeso;0;;Non accertato;Inesploso
3685931;20;15/02/2018 18:00:00;Strada Urbana;VIA GUIDO RENI;in prossimità;;del civico n.;22/24;;Scontro frontale/laterale DX fra veicoli in marcia;Rettilineo;Una carreggiata a doppio senso;Asciutto;Asfaltata;Verticale ed orizzontale;Sereno;Normale;Sufficiente;Sufficiente;0;0;0;2;;;0;2;Autocarro inferiore 35 q.;In marcia / fermata / arresto;Nissan;Interstar;Conducente;1968;M;Illeso;0;;Non accertato;Inesistente
3686005;15;15/02/2018 16:00:00;;VIA NICOLA PELLATI;all'intersezione con;VIA ETTORE PALADINI;VIA ETTORE PALADINI;;;Scontro frontale/laterale SX fra veicoli in marcia;;;;;;;;;;0;0;0;2;;;0;1;Autovettura privata;In marcia / fermata / arresto;Fiat;Punto;Conducente;0;F;Illeso;0;;;
3686005;15;15/02/2018 16:00:00;;VIA NICOLA PELLATI;all'intersezione con;VIA ETTORE PALADINI;VIA ETTORE PALADINI;;;Scontro frontale/laterale SX fra veicoli in marcia;;;;;;;;;;0;0;0;2;;;0;2;Autovettura privata;In marcia / fermata / arresto;Lancia;Ypsilon;Conducente;0;F;Illeso;0;;;
3686304;9;15/02/2018 17:20:00;;VIA CASTEL COLONNA;all'intersezione con;VIA ROCCA PRIORA;VIA ROCCA PRIORA;;;Scontro frontale/laterale DX fra veicoli in marcia;;;;;;;;;;0;0;0;2;;;0;1;Autovettura privata;In marcia / fermata / arresto;Fiat;Punto;Conducente;1985;M;Illeso;0;;Non accertato;Inesploso
3686304;9;15/02/2018 17:20:00;;VIA CASTEL COLONNA;all'intersezione con;VIA ROCCA PRIORA;VIA ROCCA PRIORA;;;Scontro frontale/laterale DX fra veicoli in marcia;;;;;;;;;;0;0;0;2;;;0;2;Autovettura privata;In marcia / fermata / arresto;Citroen;C1;Conducente;1961;M;Illeso;0;;Non accertato;Inesploso
3686320;13;15/02/2018 08:45:00;;VIA OSTIENSE;da specificare;;;;prossimità via di Acilia;Tamponamento Multiplo;;;;;;;;;;1;0;0;2;;;0;1;Autovettura privata;In marcia / fermata / arresto;Volkswagen;Lupo;Conducente;1960;F;Illeso;0;;;
3686320;13;15/02/2018 08:45:00;;VIA OSTIENSE;da specificare;;;;prossimità via di Acilia;Tamponamento Multiplo;;;;;;;;;;1;0;0;2;;;0;2;Autovettura privata;In marcia / fermata / arresto;Ford;Fiesta;Conducente;1990;M;Rimandato;0;NON DECEDUTO;;
3686320;13;15/02/2018 08:45:00;;VIA OSTIENSE;da specificare;;;;prossimità via di Acilia;Tamponamento Multiplo;;;;;;;;;;1;0;0;2;;;0;3;Autovettura privata;In marcia / fermata / arresto;Fiat;Panda;Conducente;1962;F;Illeso;0;;;
3686333;1;15/02/2018 02:00:00;Strada Urbana;LUNGOTEVERE DEGLI ANGUILLARA;in corrispondenza;;del palo luce n.;1;;Veicolo in marcia contro veicolo in sosta;Rettilineo;Una carreggiata a senso unico di marcia;Asciutto;Asfaltata;Verticale ed orizzontale;Sereno;Normale;Buona;Ore Diurne;0;0;0;1;;;0;3;Autocaravan;Sosta;Volkswagen;Transporter;Passeggero;1993;M;Illeso;0;;;
3686336;11;15/02/2018 07:45:00;Strada Urbana;VIA DEL SERAFICO;all'intersezione con;VIA LUIGI LILIO;VIA LUIGI LILIO;;;Scontro laterale fra veicoli in marcia;Incrocio;Una carreggiata a doppio senso;Bagnato (umidità in atto);Asfaltata;Verticale ed orizzontale;Sereno;Normale;Buona;Ore Diurne;0;0;0;2;12,48119;41,8296;0;1;Autovettura pubblica;In marcia / fermata / arresto;Skoda;Octavia;Conducente;1974;M;Illeso;0;;Non accertato;
3686336;11;15/02/2018 07:45:00;Strada Urbana;VIA DEL SERAFICO;all'intersezione con;VIA LUIGI LILIO;VIA LUIGI LILIO;;;Scontro laterale fra veicoli in marcia;Incrocio;Una carreggiata a doppio senso;Bagnato (umidità in atto);Asfaltata;Verticale ed orizzontale;Sereno;Normale;Buona;Ore Diurne;0;0;0;2;12,48119;41,8296;0;2;Autovettura privata;In marcia / fermata / arresto;Ford;KA;Conducente;1953;F;Illeso;0;;Non accertato;
3686343;11;15/02/2018 16:00:00;;VIA SILVIO D'AMICO;all'intersezione con;VIA GABRIELLO CHIABRERA;VIA GABRIELLO CHIABRERA;;;Scontro frontale/laterale DX fra veicoli in marcia;;;;;;;;;;1;0;0;1;;;0;1;Autocarro inferiore 35 q.;In marcia / fermata / arresto;Iveco;ML 100;Conducente;1962;M;Illeso;0;;;
3686343;11;15/02/2018 16:00:00;;VIA SILVIO D'AMICO;all'intersezione con;VIA GABRIELLO CHIABRERA;VIA GABRIELLO CHIABRERA;;;Scontro frontale/laterale DX fra veicoli in marcia;;;;;;;;;;1;0;0;1;;;0;2;Motociclo a solo;In marcia / fermata / arresto;Kawasaki;250 cc.;Conducente;1993;M;Rimandato;0;NON DECEDUTO;;
3686346;6;15/02/2018 19:15:00;Strada Urbana;VIA PRENESTINA;in corrispondenza;;del civico n.;1530;;Tamponamento;Rettilineo;Una carreggiata a doppio senso;Asciutto;Asfaltata;Assente;Sereno;Normale;Sufficiente;Sufficiente;2;0;0;3;12,60838;41,89321;0;1;Autovettura privata;In marcia / fermata / arresto;Chrysler;Cruiser;Conducente;1983;M;Illeso;0;;Non accertato;Inesploso
3686346;6;15/02/2018 19:15:00;Strada Urbana;VIA PRENESTINA;in corrispondenza;;del civico n.;1530;;Tamponamento;Rettilineo;Una carreggiata a doppio senso;Asciutto;Asfaltata;Assente;Sereno;Normale;Sufficiente;Sufficiente;2;0;0;3;12,60838;41,89321;0;2;Autovettura privata;In marcia / fermata / arresto;Alfa Romeo;156;Conducente;1974;M;Illeso;0;;;
3686346;6;15/02/2018 19:15:00;Strada Urbana;VIA PRENESTINA;in corrispondenza;;del civico n.;1530;;Tamponamento;Rettilineo;Una carreggiata a doppio senso;Asciutto;Asfaltata;Assente;Sereno;Normale;Sufficiente;Sufficiente;2;0;0;3;12,60838;41,89321;0;2;Autovettura privata;In marcia / fermata / arresto;Alfa Romeo;156;Passeggero;1981;F;Illeso;0;;;
3686346;6;15/02/2018 19:15:00;Strada Urbana;VIA PRENESTINA;in corrispondenza;;del civico n.;1530;;Tamponamento;Rettilineo;Una carreggiata a doppio senso;Asciutto;Asfaltata;Assente;Sereno;Normale;Sufficiente;Sufficiente;2;0;0;3;12,60838;41,89321;0;3;Autovettura privata;In marcia / fermata / arresto;Renault;Scenic;Conducente;1970;M;Rifiuta cure immediate;0;NON DECEDUTO;Non accertato;Inesploso
3686346;6;15/02/2018 19:15:00;Strada Urbana;VIA PRENESTINA;in corrispondenza;;del civico n.;1530;;Tamponamento;Rettilineo;Una carreggiata a doppio senso;Asciutto;Asfaltata;Assente;Sereno;Normale;Sufficiente;Sufficiente;2;0;0;3;12,60838;41,89321;0;3;Autovettura privata;In marcia / fermata / arresto;Renault;Scenic;Passeggero;2000;F;Rimandato;0;NON DECEDUTO;Non accertato;Inesploso
3686350;20;15/02/2018 19:15:00;Strada Urbana;VIALE DI TOR DI QUINTO;in prossimità;;del civico n.;111;;Veicolo in marcia contro ostacolo fisso;Rettilineo;Una carreggiata a senso unico di marcia;Asciutto;Asfaltata;Verticale ed orizzontale;Sereno;Normale;Sufficiente;Sufficiente;0;0;0;1;12,48622;41,94502;-1;1;Autovettura privata;In marcia / fermata / arresto;Toyota;Yaris;Conducente;1984;M;Illeso;0;;Non accertato;
3686357;16;14/02/2018 18:20:00;;VIALE DEI COLLI PORTUENSI;all'intersezione con;VIA AURELIO GIUSEPPE AMATUCCI;VIA AURELIO GIUSEPPE AMATUCCI;;;Scontro laterale fra veicoli in marcia;;;;;;;;;;0;0;0;2;12,44404;41,86675;0;1;Autovettura privata;In marcia / fermata / arresto;Mini;One;Conducente;0;F;Illeso;0;;;
3686357;16;14/02/2018 18:20:00;;VIALE DEI COLLI PORTUENSI;all'intersezione con;VIA AURELIO GIUSEPPE AMATUCCI;VIA AURELIO GIUSEPPE AMATUCCI;;;Scontro laterale fra veicoli in marcia;;;;;;;;;;0;0;0;2;12,44404;41,86675;0;2;Autovettura privata;In marcia / fermata / arresto;Peugeot;206;Conducente;0;M;Illeso;0;;;
3686358;8;15/02/2018 10:45:00;;VIA CIVITELLA ALFEDENA;in prossimità;;del civico n.;22;;Scontro frontale/laterale DX fra veicoli in marcia;;;;;;;;;;2;0;0;1;;;0;1;Autovettura privata;In marcia / fermata / arresto;Opel;Corsa;Conducente;1985;F;Rifiuta cure immediate;0;NON DECEDUTO;;
3686358;8;15/02/2018 10:45:00;;VIA CIVITELLA ALFEDENA;in prossimità;;del civico n.;22;;Scontro frontale/laterale DX fra veicoli in marcia;;;;;;;;;;2;0;0;1;;;0;2;Autovettura privata;In marcia / fermata / arresto;Opel;Astra;Conducente;1991;F;Rifiuta cure immediate;0;NON DECEDUTO;;
3686358;8;15/02/2018 10:45:00;;VIA CIVITELLA ALFEDENA;in prossimità;;del civico n.;22;;Scontro frontale/laterale DX fra veicoli in marcia;;;;;;;;;;2;0;0;1;;;0;2;Autovettura privata;In marcia / fermata / arresto;Opel;Astra;Passeggero;2017;M;Illeso;0;;;
3686359;17;15/02/2018 10:40:00;Strada Urbana;VIALE GIUSEPPE MAZZINI;in prossimità;;del civico n.;77;;Scontro laterale fra veicoli in marcia;Rettilineo;Due carreggiate;Asciutto;Asfaltata;Verticale ed orizzontale;Sereno;Normale;Buona;Ore Diurne;0;0;0;3;12,46225;41,91517;0;1;Autovettura privata;In marcia / fermata / arresto;Toyota;IQ;Conducente;1988;F;Illeso;0;;;
3686359;17;15/02/2018 10:40:00;Strada Urbana;VIALE GIUSEPPE MAZZINI;in prossimità;;del civico n.;77;;Scontro laterale fra veicoli in marcia;Rettilineo;Due carreggiate;Asciutto;Asfaltata;Verticale ed orizzontale;Sereno;Normale;Buona;Ore Diurne;0;0;0;3;12,46225;41,91517;0;2;Autovettura privata;In marcia / fermata / arresto;Fiat;500;Conducente;1973;F;Illeso;0;;;
3686359;17;15/02/2018 10:40:00;Strada Urbana;VIALE GIUSEPPE MAZZINI;in prossimità;;del civico n.;77;;Scontro laterale fra veicoli in marcia;Rettilineo;Due carreggiate;Asciutto;Asfaltata;Verticale ed orizzontale;Sereno;Normale;Buona;Ore Diurne;0;0;0;3;12,46225;41,91517;0;2;Autovettura privata;In marcia / fermata / arresto;Fiat;500;Passeggero;1996;M;Illeso;0;;;
3686360;13;15/02/2018 10:20:00;;VIA CARLO AVEGNO;all'intersezione con;VIA MARINO FASAN;VIA MARINO FASAN;;;Scontro frontale/laterale DX fra veicoli in marcia;;;;;;;;;;0;0;0;3;;;0;1;Autovettura privata;In marcia / fermata / arresto;Citroen;C1;Conducente;1990;M;Illeso;0;;Non accertato;Inesploso
3686360;13;15/02/2018 10:20:00;;VIA CARLO AVEGNO;all'intersezione con;VIA MARINO FASAN;VIA MARINO FASAN;;;Scontro frontale/laterale DX fra veicoli in marcia;;;;;;;;;;0;0;0;3;;;0;2;Motociclo a solo;In marcia / fermata / arresto;Yamaha;XP500;Conducente;1971;M;Illeso;0;;Non accertato;
3686360;13;15/02/2018 10:20:00;;VIA CARLO AVEGNO;all'intersezione con;VIA MARINO FASAN;VIA MARINO FASAN;;;Scontro frontale/laterale DX fra veicoli in marcia;;;;;;;;;;0;0;0;3;;;0;2;Motociclo a solo;In marcia / fermata / arresto;Yamaha;XP500;Passeggero;1998;F;Illeso;0;;;
3686363;7;15/02/2018 16:20:00;;VIA ACHILLE VERTUNNI;all'intersezione con;VIA COLLATINA;VIA COLLATINA;;;Scontro frontale/laterale DX fra veicoli in marcia;;;;;;;;;;1;0;0;1;;;0;1;Autovettura privata;In marcia / fermata / arresto;Volkswagen;Golf;Conducente;1997;M;Illeso;0;;;
3686363;7;15/02/2018 16:20:00;;VIA ACHILLE VERTUNNI;all'intersezione con;VIA COLLATINA;VIA COLLATINA;;;Scontro frontale/laterale DX fra veicoli in marcia;;;;;;;;;;1;0;0;1;;;0;2;Autovettura privata;In marcia / fermata / arresto;Nissan;Micra;Conducente;1991;M;Rimandato;0;NON DECEDUTO;;
3686369;8;15/02/2018 18:45:00;Strada Urbana;VIA ROCCALUMERA;in prossimità;;del civico n.;7;;Investimento di pedone;Rettilineo;Una carreggiata a doppio senso;Asciutto;Asfaltata;Assente;Sereno;Scarso;Insufficiente;Insufficiente;1;0;0;2;;;0;;;;;;Pedone;1990;M;Rimandato;0;NON DECEDUTO;;
3686369;8;15/02/2018 18:45:00;Strada Urbana;VIA ROCCALUMERA;in prossimità;;del civico n.;7;;Investimento di pedone;Rettilineo;Una carreggiata a doppio senso;Asciutto;Asfaltata;Assente;Sereno;Scarso;Insufficiente;Insufficiente;1;0;0;2;;;0;1;Autovettura privata;In marcia / fermata / arresto;Hyundai;ix20;Conducente;1975;F;Illeso;0;;Non accertato;Inesploso
3686369;8;15/02/2018 18:45:00;Strada Urbana;VIA ROCCALUMERA;in prossimità;;del civico n.;7;;Investimento di pedone;Rettilineo;Una carreggiata a doppio senso;Asciutto;Asfaltata;Assente;Sereno;Scarso;Insufficiente;Insufficiente;1;0;0;2;;;0;1;Autovettura privata;In marcia / fermata / arresto;Hyundai;ix20;Passeggero;2008;F;Illeso;0;;Non accertato;Inesploso
3686374;5;15/02/2018 16:40:00;;VIA TIBURTINA;all'intersezione con;VIA LANCIANO;VIA LANCIANO;;;Investimento di pedone;;;;;;;;;;1;0;0;0;12,57453;41,92659;0;;;;;;Pedone;1994;M;Rimandato;0;NON DECEDUTO;;
3686376;8;15/02/2018 07:45:00;Strada Urbana;VIA CASTELVETRANO;all'intersezione con;VIA BRONTE;VIA BRONTE;;;Scontro frontale/laterale SX fra veicoli in marcia;Incrocio;Una carreggiata a senso unico di marcia;Asciutto;Asfaltata;Verticale ed orizzontale;Sereno;Scarso;Buona;Ore Diurne;1;0;0;2;;;0;1;Autocarro inferiore 35 q.;In marcia / fermata / arresto;Fiat;Doblo';Conducente;1955;M;Illeso;0;;Non accertato;Inesploso
3686376;8;15/02/2018 07:45:00;Strada Urbana;VIA CASTELVETRANO;all'intersezione con;VIA BRONTE;VIA BRONTE;;;Scontro frontale/laterale SX fra veicoli in marcia;Incrocio;Una carreggiata a senso unico di marcia;Asciutto;Asfaltata;Verticale ed orizzontale;Sereno;Scarso;Buona;Ore Diurne;1;0;0;2;;;0;1;Autocarro inferiore 35 q.;In marcia / fermata / arresto;Fiat;Doblo';Passeggero;1958;M;Illeso;0;;Non accertato;Inesploso
3686376;8;15/02/2018 07:45:00;Strada Urbana;VIA CASTELVETRANO;all'intersezione con;VIA BRONTE;VIA BRONTE;;;Scontro frontale/laterale SX fra veicoli in marcia;Incrocio;Una carreggiata a senso unico di marcia;Asciutto;Asfaltata;Verticale ed orizzontale;Sereno;Scarso;Buona;Ore Diurne;1;0;0;2;;;0;2;Motociclo a solo;In marcia / fermata / arresto;Kimco;People;Conducente;1981;M;Rimandato;0;NON DECEDUTO;Non accertato;
3686383;4;15/02/2018 13:00:00;Strada Urbana;VIA ALBERTO LIONELLO;all'intersezione con;VIALE CARMELO BENE;VIALE CARMELO BENE;;;Scontro frontale/laterale DX fra veicoli in marcia;Rotatoria;Una carreggiata a doppio senso;Asciutto;Asfaltata;Verticale ed orizzontale;Sereno;Normale;Buona;Ore Diurne;1;0;0;2;12,53882;41,97517;0;1;Autovettura privata;In marcia / fermata / arresto;Lancia;Ypsilon;Conducente;1987;M;Illeso;0;;Non accertato;
3686383;4;15/02/2018 13:00:00;Strada Urbana;VIA ALBERTO LIONELLO;all'intersezione con;VIALE CARMELO BENE;VIALE CARMELO BENE;;;Scontro frontale/laterale DX fra veicoli in marcia;Rotatoria;Una carreggiata a doppio senso;Asciutto;Asfaltata;Verticale ed orizzontale;Sereno;Normale;Buona;Ore Diurne;1;0;0;2;12,53882;41,97517;0;1;Autovettura privata;In marcia / fermata / arresto;Lancia;Ypsilon;Passeggero;1975;M;Illeso;0;;Non accertato;
3686383;4;15/02/2018 13:00:00;Strada Urbana;VIA ALBERTO LIONELLO;all'intersezione con;VIALE CARMELO BENE;VIALE CARMELO BENE;;;Scontro frontale/laterale DX fra veicoli in marcia;Rotatoria;Una carreggiata a doppio senso;Asciutto;Asfaltata;Verticale ed orizzontale;Sereno;Normale;Buona;Ore Diurne;1;0;0;2;12,53882;41,97517;0;2;Motociclo a solo;In marcia / fermata / arresto;Yamaha;T. Max;Conducente;1979;M;Rifiuta cure immediate;0;NON DECEDUTO;Non accertato;
3686387;1;15/02/2018 07:50:00;Strada Urbana;LUNGOTEVERE IN AUGUSTA;in corrispondenza;;del civico n.;FC 28;;Scontro laterale fra veicoli in marcia;Rettilineo;Una carreggiata a senso unico di marcia;Asciutto;Asfaltata;Verticale ed orizzontale;Sereno;Intenso;Buona;Ore Diurne;1;0;0;1;;;0;1;Motociclo a solo;In marcia / fermata / arresto;Aprilia;Scarabeo;Conducente;1968;M;Rimandato;0;NON DECEDUTO;;
3686387;1;15/02/2018 07:50:00;Strada Urbana;LUNGOTEVERE IN AUGUSTA;in corrispondenza;;del civico n.;FC 28;;Scontro laterale fra veicoli in marcia;Rettilineo;Una carreggiata a senso unico di marcia;Asciutto;Asfaltata;Verticale ed orizzontale;Sereno;Intenso;Buona;Ore Diurne;1;0;0;1;;;0;2;Autovettura privata;In marcia / fermata / arresto;Fiat;Panda;Conducente;1982;F;Illeso;0;;;
3686393;13;15/02/2018 13:00:00;;VIA DELLA CORAZZATA;in prossimità;;del civico n.;3;;Tamponamento;;;;;;;;;;0;0;0;1;;;0;1;Autovettura privata;In marcia / fermata / arresto;Ford;Focus C Max;Conducente;1975;M;Illeso;0;;Non accertato;
3686394;19;15/02/2018 19:30:00;Strada Urbana;VIA CUSANO MILANINO;all'intersezione con;VIA INZAGO;VIA INZAGO;;;Investimento di pedone;Incrocio;Una carreggiata a senso unico di marcia;Asciutto;Asfaltata;Verticale ed orizzontale;Sereno;Normale;Buona;Sufficiente;1;0;0;1;12,39051;41,94802;-1;;;;;;Pedone;1939;M;Rifiuta cure immediate;0;NON DECEDUTO;;
3686394;19;15/02/2018 19:30:00;Strada Urbana;VIA CUSANO MILANINO;all'intersezione con;VIA INZAGO;VIA INZAGO;;;Investimento di pedone;Incrocio;Una carreggiata a senso unico di marcia;Asciutto;Asfaltata;Verticale ed orizzontale;Sereno;Normale;Buona;Sufficiente;1;0;0;1;12,39051;41,94802;-1;1;Autovettura privata;In marcia / fermata / arresto;Volkswagen;Golf;Conducente;1977;M;Illeso;0;;Non accertato;Inesploso
3686401;17;15/02/2018 16:30:00;Strada Urbana;VIA GIOVANNI PIERLUIGI DA PALESTRINA;in corrispondenza;;del civico n.;27;;Veicolo in marcia contro veicolo in sosta;Rettilineo;Una carreggiata a senso unico di marcia;Asciutto;In cubetti di porfido;Verticale ed orizzontale;Sereno;Normale;Buona;Ore Diurne;0;0;0;1;12,4714;41,90582;0;2;Motociclo a solo;In marcia / fermata / arresto;Kymco;Downtown;Conducente;1970;F;Illeso;0;;Non accertato;
3686414;16;15/02/2018 02:00:00;;VIALE DELL'OCEANO INDIANO;in prossimità;;del palo luce n.;13;;Veicolo in marcia contro ostacolo fisso;;;;;;;;;;1;0;0;0;12,44881;41,82476;0;1;Autovettura privata;In marcia / fermata / arresto;Dacia;Sandero;Conducente;0;F;Ricoverato;0;NON DECEDUTO;;
3686418;10;15/02/2018 20:40:00;;VIA NICOLA SALIOLA;all'intersezione con;VIA DON RUGGERO CAPUTO;VIA DON RUGGERO CAPUTO;;;Fuoriuscita dalla sede stradale;;;;;;;;;;0;0;0;2;;;0;1;Autovettura privata;In marcia / fermata / arresto;Audi;A3;Conducente;1978;M;Illeso;0;;;
3686418;10;15/02/2018 20:40:00;;VIA NICOLA SALIOLA;all'intersezione con;VIA DON RUGGERO CAPUTO;VIA DON RUGGERO CAPUTO;;;Fuoriuscita dalla sede stradale;;;;;;;;;;0;0;0;2;;;0;1;Autovettura privata;In marcia / fermata / arresto;Audi;A3;Passeggero;1986;F;Illeso;0;;;
3686430;13;15/02/2018 11:20:00;;VIA DI MACCHIA SAPONARA;all'intersezione con;VIA DI MACCHIA PALOCCO;VIA DI MACCHIA PALOCCO;;;Scontro frontale/laterale DX fra veicoli in marcia;;;;;;;;;;0;0;0;3;12,35762;41,76749;0;1;Autovettura privata;In marcia / fermata / arresto;Ford;Fiesta;Conducente;1992;M;Illeso;0;;Non accertato;Inesploso
3686430;13;15/02/2018 11:20:00;;VIA DI MACCHIA SAPONARA;all'intersezione con;VIA DI MACCHIA PALOCCO;VIA DI MACCHIA PALOCCO;;;Scontro frontale/laterale DX fra veicoli in marcia;;;;;;;;;;0;0;0;3;12,35762;41,76749;0;2;Autovettura privata;In marcia / fermata / arresto;Mitsubishi;Space Star;Conducente;1976;M;Illeso;0;;Non accertato;Inesploso
3686430;13;15/02/2018 11:20:00;;VIA DI MACCHIA SAPONARA;all'intersezione con;VIA DI MACCHIA PALOCCO;VIA DI MACCHIA PALOCCO;;;Scontro frontale/laterale DX fra veicoli in marcia;;;;;;;;;;0;0;0;3;12,35762;41,76749;0;2;Autovettura privata;In marcia / fermata / arresto;Mitsubishi;Space Star;Passeggero;1960;F;Illeso;0;;;
3686431;10;16/02/2018 02:30:00;;VIA CASILINA;in prossimità;;del civico n.;1970;;Veicolo in marcia contro ostacolo fisso;;;;;;;;;;1;0;0;0;;;0;1;Autovettura privata;In marcia / fermata / arresto;Fiat;600;Conducente;1982;F;Rimandato;0;NON DECEDUTO;;
3686439;7;15/02/2018 21:45:00;;VIA DEI GELSI;all'intersezione con;VIA DEI GINEPRI;VIA DEI GINEPRI;;;Scontro frontale/laterale DX fra veicoli in marcia;;;;;;;;;;0;0;0;5;;;0;1;Autovettura privata;In marcia / fermata / arresto;Fiat;Panda;Conducente;1962;M;Illeso;0;;;
3686439;7;15/02/2018 21:45:00;;VIA DEI GELSI;all'intersezione con;VIA DEI GINEPRI;VIA DEI GINEPRI;;;Scontro frontale/laterale DX fra veicoli in marcia;;;;;;;;;;0;0;0;5;;;0;1;Autovettura privata;In marcia / fermata / arresto;Fiat;Panda;Passeggero;0;M;Illeso;0;;;
3686439;7;15/02/2018 21:45:00;;VIA DEI GELSI;all'intersezione con;VIA DEI GINEPRI;VIA DEI GINEPRI;;;Scontro frontale/laterale DX fra veicoli in marcia;;;;;;;;;;0;0;0;5;;;0;1;Autovettura privata;In marcia / fermata / arresto;Fiat;Panda;Passeggero;1991;F;Illeso;0;;;
3686439;7;15/02/2018 21:45:00;;VIA DEI GELSI;all'intersezione con;VIA DEI GINEPRI;VIA DEI GINEPRI;;;Scontro frontale/laterale DX fra veicoli in marcia;;;;;;;;;;0;0;0;5;;;0;2;Autovettura privata;In marcia / fermata / arresto;Toyota;Aygo;Conducente;1998;F;Illeso;0;;;
3686439;7;15/02/2018 21:45:00;;VIA DEI GELSI;all'intersezione con;VIA DEI GINEPRI;VIA DEI GINEPRI;;;Scontro frontale/laterale DX fra veicoli in marcia;;;;;;;;;;0;0;0;5;;;0;2;Autovettura privata;In marcia / fermata / arresto;Toyota;Aygo;Passeggero;1999;M;Illeso;0;;;
3686440;1;15/02/2018 09:35:00;Strada Urbana;PIAZZA DI PORTA S. GIOVANNI;da specificare;;;;prossimità FERMATA ATAC N.81993;Investimento di pedone;Rettilineo;Una carreggiata a senso unico di marcia;Asciutto;Asfaltata;Verticale ed orizzontale;Sereno;Intenso;Buona;Ore Diurne;2;0;0;0;;;0;;;;;;Pedone;1949;F;Rimandato;0;NON DECEDUTO;;