Protocollo;Gruppo;DataOraIncidente;Localizzazione1;STRADA1;Localizzazione2;STRADA2;Strada02;Chilometrica;DaSpecificare;NaturaIncidente;particolaritastrade;TipoStrada;FondoStradale;Pavimentazione;Segnaletica;CondizioneAtmosferica;Traffico;Visibilita;Illuminazione;NUM_FERITI;NUM_RISERVATA;NUM_MORTI;NUM_ILLESI;Longitudine;Latitudine;Confermato;Progressivo;TipoVeicolo;StatoVeicolo;Marca;Modello;TipoPersona;AnnoNascita;Sesso;Tipolesione;Deceduto;DecedutoDopo;CinturaCascoUtilizzato;Airbag;
3688007;1;16/02/2018 12:40:00;Strada Urbana;PIAZZA S. PRISCA;all'intersezione con;VIA DI S. PRISCA;VIA DI S. PRISCA;;;Scontro frontale/laterale DX fra veicoli in marcia;Incrocio;Una carreggiata a doppio senso;Asciutto;Asfaltata;Assente;Sereno;Normale;Buona;Ore Diurne;1;0;0;1;12,4837;41,88256;0;1;Autovettura privata;In marcia / fermata / arresto;Peugeot;208;Conducente;1959;F;Illeso;0;;Non accertato;Inesploso
3688007;1;16/02/2018 12:40:00;Strada Urbana;PIAZZA S. PRISCA;all'intersezione con;VIA DI S. PRISCA;VIA DI S. PRISCA;;;Scontro frontale/laterale DX fra veicoli in marcia;Incrocio;Una carreggiata a doppio senso;Asciutto;Asfaltata;Assente;Sereno;Normale;Buona;Ore Diurne;1;0;0;1;12,4837;41,88256;0;2;Ciclomotore;In marcia / fermata / arresto;Peugeot;Tweet;Conducente;1992;F;Rimandato;0;NON DECEDUTO;Non accertato;
3688009;20;17/02/2018 00:40:00;Strada Urbana;LUNGOTEVERE MARESCIALLO CADORNA;da specificare;;;;prossimità Ponte Duca D'Aosta;Veicolo in marcia contro veicolo fermo;Rettilineo;Due carreggiate;Asciutto;Asfaltata;Verticale ed orizzontale;Sereno;Normale;Buona;Sufficiente;1;0;0;1;12,45816;41,92793;0;1;Motociclo a solo;In marcia / fermata / arresto;Honda;SH 300;Conducente;1982;M;Rimandato;0;NON DECEDUTO;Non accertato;
3688009;20;17/02/2018 00:40:00;Strada Urbana;LUNGOTEVERE MARESCIALLO CADORNA;da specificare;;;;prossimità Ponte Duca D'Aosta;Veicolo in marcia contro veicolo fermo;Rettilineo;Due carreggiate;Asciutto;Asfaltata;Verticale ed orizzontale;Sereno;Normale;Buona;Sufficiente;1;0;0;1;12,45816;41,92793;0;2;Autobus di linea;In marcia / fermata / arresto;Irisbus;(non accertato);Conducente;1979;M;Illeso;0;;Non accertato;
3688012;13;16/02/2018 13:20:00;;VIA MAURICE RAVEL;all'intersezione con;VIA MANUEL DE FALLA;VIA MANUEL DE FALLA;;;Scontro frontale/laterale SX fra veicoli in marcia;;;;;;;;;;0;0;0;2;;;0;1;Autovettura privata;In marcia / fermata / arresto;Suzuki;Wagon;Conducente;1967;F;Illeso;0;;;
3688012;13;16/02/2018 13:20:00;;VIA MAURICE RAVEL;all'intersezione con;VIA MANUEL DE FALLA;VIA MANUEL DE FALLA;;;Scontro frontale/laterale SX fra veicoli in marcia;;;;;;;;;;0;0;0;2;;;0;2;Autovettura privata;In marcia / fermata / arresto;Ford;Fiesta;Conducente;1947;M;Illeso;0;;;
3688017;17;16/02/2018 17:55:00;Strada Urbana;CIRCONVALLAZIONE CLODIA;in prossimità;;del civico n.;34/B;;Scontro laterale fra veicoli in marcia;Rettilineo;Due carreggiate;Asciutto;Asfaltata;Verticale ed orizzontale;Sereno;Intenso;Buona;Sufficiente;2;0;0;2;12,45219;41,9144;0;1;Autovettura privata;In marcia / fermata / arresto;Citroen;C 4 CACTUS;Conducente;1945;M;Illeso;0;;;
3688017;17;16/02/2018 17:55:00;Strada Urbana;CIRCONVALLAZIONE CLODIA;in prossimità;;del civico n.;34/B;;Scontro laterale fra veicoli in marcia;Rettilineo;Due carreggiate;Asciutto;Asfaltata;Verticale ed orizzontale;Sereno;Intenso;Buona;Sufficiente;2;0;0;2;12,45219;41,9144;0;2;Motociclo con passeggero;In marcia / fermata / arresto;Honda;Integra;Conducente;1969;M;Rimandato;0;NON DECEDUTO;;
3688017;17;16/02/2018 17:55:00;Strada Urbana;CIRCONVALLAZIONE CLODIA;in prossimità;;del civico n.;34/B;;Scontro laterale fra veicoli in marcia;Rettilineo;Due carreggiate;Asciutto;Asfaltata;Verticale ed orizzontale;Sereno;Intenso;Buona;Sufficiente;2;0;0;2;12,45219;41,9144;0;2;Motociclo con passeggero;In marcia / fermata / arresto;Honda;Integra;Passeggero;2005;F;Rimandato;0;NON DECEDUTO;;
3688017;17;16/02/2018 17:55:00;Strada Urbana;CIRCONVALLAZIONE CLODIA;in prossimità;;del civico n.;34/B;;Scontro laterale fra veicoli in marcia;Rettilineo;Due carreggiate;Asciutto;Asfaltata;Verticale ed orizzontale;Sereno;Intenso;Buona;Sufficiente;2;0;0;2;12,45219;41,9144;0;3;Autovettura privata;In marcia / fermata / arresto;Toyota;Yaris;Conducente;1980;F;Illeso;0;;;
3688028;1;16/02/2018 14:40:00;Strada Urbana;LUNGOTEVERE RAFFAELLO SANZIO;all'intersezione con;PONTE GARIBALDI;PONTE GARIBALDI;;;Scontro frontale/laterale DX fra veicoli in marcia;Intersezione semaforizzata;Più di due carreggiate;Asciutto;Asfaltata;Verticale ed orizzontale;Sereno;Normale;Buona;Ore Diurne;0;0;0;2;;;0;1;Vettura tranviaria;In marcia / fermata / arresto;(ignoto);(ignoto);Conducente;1963;M;Illeso;0;;Esente;
3688028;1;16/02/2018 14:40:00;Strada Urbana;LUNGOTEVERE RAFFAELLO SANZIO;all'intersezione con;PONTE GARIBALDI;PONTE GARIBALDI;;;Scontro frontale/laterale DX fra veicoli in marcia;Intersezione semaforizzata;Più di due carreggiate;Asciutto;Asfaltata;Verticale ed orizzontale;Sereno;Normale;Buona;Ore Diurne;0;0;0;2;;;0;2;Autovettura privata;In marcia / fermata / arresto;Hyundai;(ignoto);Conducente;1976;M;Illeso;0;;Non accertato;Inesploso
3688036;1;16/02/2018 15:00:00;Strada Urbana;VIA BENIAMINO FRANKLIN;all'intersezione con;VIA GIOVANNI BRANCA;VIA GIOVANNI BRANCA;;;Scontro frontale/laterale SX fra veicoli in marcia;Incrocio;Una carreggiata a doppio senso;Asciutto;Asfaltata;Verticale ed orizzontale;Sereno;Normale;Buona;Ore Diurne;1;0;0;1;;;0;1;Autovettura privata;In marcia / fermata / arresto;Fiat;500 L;Conducente;1984;M;Illeso;0;;;
3688036;1;16/02/2018 15:00:00;Strada Urbana;VIA BENIAMINO FRANKLIN;all'intersezione con;VIA GIOVANNI BRANCA;VIA GIOVANNI BRANCA;;;Scontro frontale/laterale SX fra veicoli in marcia;Incrocio;Una carreggiata a doppio senso;Asciutto;Asfaltata;Verticale ed orizzontale;Sereno;Normale;Buona;Ore Diurne;1;0;0;1;;;0;2;Motociclo a solo;In marcia / fermata / arresto;Piaggio;Liberty 125;Conducente;1999;F;Rimandato;0;NON DECEDUTO;;
3688044;13;17/02/2018 07:40:00;Strada Urbana;VIA CESARE MACCARI;all'intersezione con;VIA TELEMACO SIGNORINI;VIA TELEMACO SIGNORINI;;;Scontro frontale/laterale SX fra veicoli in marcia;Incrocio;Una carreggiata a doppio senso;Asciutto;Asfaltata;Orizzontale;Nuvoloso;Normale;Buona;Ore Diurne;0;0;0;4;12,35616;41,77663;0;1;Autovettura privata;In marcia / fermata / arresto;Fiat;Panda;Conducente;1980;F;Illeso;0;;Non accertato;Inesploso
3688044;13;17/02/2018 07:40:00;Strada Urbana;VIA CESARE MACCARI;all'intersezione con;VIA TELEMACO SIGNORINI;VIA TELEMACO SIGNORINI;;;Scontro frontale/laterale SX fra veicoli in marcia;Incrocio;Una carreggiata a doppio senso;Asciutto;Asfaltata;Orizzontale;Nuvoloso;Normale;Buona;Ore Diurne;0;0;0;4;12,35616;41,77663;0;1;Autovettura privata;In marcia / fermata / arresto;Fiat;Panda;Passeggero;2003;F;Illeso;0;;Non accertato;Inesploso
3688044;13;17/02/2018 07:40:00;Strada Urbana;VIA CESARE MACCARI;all'intersezione con;VIA TELEMACO SIGNORINI;VIA TELEMACO SIGNORINI;;;Scontro frontale/laterale SX fra veicoli in marcia;Incrocio;Una carreggiata a doppio senso;Asciutto;Asfaltata;Orizzontale;Nuvoloso;Normale;Buona;Ore Diurne;0;0;0;4;12,35616;41,77663;0;2;Autovettura privata;In marcia / fermata / arresto;Fiat;Punto;Conducente;1974;F;Illeso;0;;Non accertato;Inesploso
3688044;13;17/02/2018 07:40:00;Strada Urbana;VIA CESARE MACCARI;all'intersezione con;VIA TELEMACO SIGNORINI;VIA TELEMACO SIGNORINI;;;Scontro frontale/laterale SX fra veicoli in marcia;Incrocio;Una carreggiata a doppio senso;Asciutto;Asfaltata;Orizzontale;Nuvoloso;Normale;Buona;Ore Diurne;0;0;0;4;12,35616;41,77663;0;3;Autovettura privata;In marcia / fermata / arresto;Fiat;Panda;Conducente;1948;F;Illeso;0;;Non accertato;Inesploso
3688063;13;16/02/2018 10:30:00;;VIA ERMANNO WOLF FERRARI;in corrispondenza;;del civico n.;320;;Veicolo in marcia contro ostacolo accidentale;;;;;;;;;;0;0;0;1;;;0;1;Autovettura privata;In marcia / fermata / arresto;Mini;One;Conducente;1986;M;Illeso;0;;;
3688074;1;16/02/2018 22:15:00;Strada Urbana;VIALE AVENTINO;in prossimità;;del civico n.;42;;Scontro laterale fra veicoli in marcia;Rettilineo;Più di due carreggiate;Asciutto;In cubetti di porfido;Verticale ed orizzontale;Sereno;Normale;Sufficiente;Sufficiente;1;0;0;1;;;0;1;Autovettura privata;In marcia / fermata / arresto;Smart ;FORTWO;Conducente;1972;F;Illeso;0;;;
3688074;1;16/02/2018 22:15:00;Strada Urbana;VIALE AVENTINO;in prossimità;;del civico n.;42;;Scontro laterale fra veicoli in marcia;Rettilineo;Più di due carreggiate;Asciutto;In cubetti di porfido;Verticale ed orizzontale;Sereno;Normale;Sufficiente;Sufficiente;1;0;0;1;;;0;2;Motociclo a solo;In marcia / fermata / arresto;Kimco;People;Conducente;1972;M;Rimandato;0;NON DECEDUTO;;
3688098;13;16/02/2018 10:20:00;;VIA DI ACILIA;all'intersezione con;VIA SILVERIO CAPPARONI;VIA SILVERIO CAPPARONI;;;Scontro laterale fra veicoli in marcia;;;;;;;;;;0;0;0;3;;;0;1;Autovettura privata;In marcia / fermata / arresto;Peugeot;307SW;Conducente;1933;M;Illeso;0;;Non accertato;Inesploso
3688098;13;16/02/2018 10:20:00;;VIA DI ACILIA;all'intersezione con;VIA SILVERIO CAPPARONI;VIA SILVERIO CAPPARONI;;;Scontro laterale fra veicoli in marcia;;;;;;;;;;0;0;0;3;;;0;2;Autovettura privata;In marcia / fermata / arresto;Ford;Fiesta;Conducente;1930;M;Illeso;0;;Non accertato;Inesploso
3688098;13;16/02/2018 10:20:00;;VIA DI ACILIA;all'intersezione con;VIA SILVERIO CAPPARONI;VIA SILVERIO CAPPARONI;;;Scontro laterale fra veicoli in marcia;;;;;;;;;;0;0;0;3;;;0;2;Autovettura privata;In marcia / fermata / arresto;Ford;Fiesta;Passeggero;1931;F;Illeso;0;;Non accertato;Inesploso
3688103;20;17/02/2018 03:40:00;Strada Urbana;VIA OLGINATE;in corrispondenza;;del civico n.;28/30;;Veicolo in marcia contro veicoli in sosta;Rettilineo;Una carreggiata a doppio senso;Asciutto;Asfaltata;Assente;Sereno;Normale;Buona;Sufficiente;0;0;0;1;12,46516;42,02513;-1;1;Autovettura privata;In marcia / fermata / arresto;Alfa Romeo;147;Conducente;1976;M;Illeso;0;;Non accertato;
3688139;13;16/02/2018 07:00:00;;VIALE ENRICO ORTOLANI;all'intersezione con;VIA NAPOLEONE PARISANI;VIA NAPOLEONE PARISANI;;;Scontro frontale/laterale SX fra veicoli in marcia;;;;;;;;;;0;0;0;2;;;0;1;Autovettura privata;In marcia / fermata / arresto;Chevrolet;Matiz;Conducente;1972;F;Illeso;0;;;
3688139;13;16/02/2018 07:00:00;;VIALE ENRICO ORTOLANI;all'intersezione con;VIA NAPOLEONE PARISANI;VIA NAPOLEONE PARISANI;;;Scontro frontale/laterale SX fra veicoli in marcia;;;;;;;;;;0;0;0;2;;;0;2;Autocarro inferiore 35 q.;In marcia / fermata / arresto;Fiat Iveco;35 C-12;Conducente;1970;M;Illeso;0;;;
3688142;17;17/02/2018 10:00:00;Strada Urbana;LUNGOTEVERE MICHELANGELO;da specificare;;;;nel sottopasso alt. p.za della libertà;Scontro laterale fra veicoli in marcia;Rettilineo;Una carreggiata a senso unico di marcia;Asciutto;Asfaltata;Verticale ed orizzontale;Nuvoloso;Normale;Buona;Ore Diurne;0;0;0;3;12,47053;41,9118;0;1;Autovettura privata;In marcia / fermata / arresto;Renault;NEW TWINGO;Conducente;1960;F;Illeso;0;;Non accertato;Inesploso
3688142;17;17/02/2018 10:00:00;Strada Urbana;LUNGOTEVERE MICHELANGELO;da specificare;;;;nel sottopasso alt. p.za della libertà;Scontro laterale fra veicoli in marcia;Rettilineo;Una carreggiata a senso unico di marcia;Asciutto;Asfaltata;Verticale ed orizzontale;Nuvoloso;Normale;Buona;Ore Diurne;0;0;0;3;12,47053;41,9118;0;2;Autovettura privata;In marcia / fermata / arresto;SSangyong;rexton;Conducente;1964;M;Illeso;0;;Non accertato;Inesploso
3688142;17;17/02/2018 10:00:00;Strada Urbana;LUNGOTEVERE MICHELANGELO;da specificare;;;;nel sottopasso alt. p.za della libertà;Scontro laterale fra veicoli in marcia;Rettilineo;Una carreggiata a senso unico di marcia;Asciutto;Asfaltata;Verticale ed orizzontale;Nuvoloso;Normale;Buona;Ore Diurne;0;0;0;3;12,47053;41,9118;0;2;Autovettura privata;In marcia / fermata / arresto;SSangyong;rexton;Passeggero;1994;M;Illeso;0;;Non accertato;Inesploso
3688155;17;16/02/2018 18:30:00;Strada Urbana;VIA DELLA TRASPONTINA;all'intersezione con;BORGO S. ANGELO;BORGO S. ANGELO;;;Veicolo in marcia contro ostacolo fisso;Intersezione stradale segnalata;Una carreggiata a senso unico di marcia;Asciutto;In cubetti di porfido;Verticale ed orizzontale;Sereno;Normale;Sufficiente;;1;0;0;0;12,46308;41,90332;0;1;Motociclo a solo;In marcia / fermata / arresto;Honda;SH 150;Conducente;1957;F;Rimandato;0;NON DECEDUTO;;
3688163;1;17/02/2018 11:15:00;;VIA EMANUELE FILIBERTO;da specificare;;;;altezza Via Ludovico di Savoia;Investimento di pedone;;;;;;;;;;0;0;1;1;;;0;;;;;;Pedone;1965;M;Deceduto sul posto;-1;;;
3688163;1;17/02/2018 11:15:00;;VIA EMANUELE FILIBERTO;da specificare;;;;altezza Via Ludovico di Savoia;Investimento di pedone;;;;;;;;;;0;0;1;1;;;0;1;Altro;In marcia / fermata / arresto;Fiat;Panda;Conducente;1949;M;Illeso;0;;Non accertato;Inesploso
3688197;23;17/02/2018 10:37:00;Strada Urbana;CORSO VITTORIO EMANUELE II;in corrispondenza;;del civico n.;304;;Scontro frontale/laterale DX fra veicoli in marcia;Rettilineo;Una carreggiata a doppio senso;Asciutto;Asfaltata;Verticale ed orizzontale;Sereno;Normale;Buona;Ore Diurne;2;0;0;0;12,4663;41,89933;0;1;Motociclo a solo;In marcia / fermata / arresto;Piaggio;Vespa 125;Conducente;1983;M;Rimandato;0;NON DECEDUTO;Utilizzato;
3688197;23;17/02/2018 10:37:00;Strada Urbana;CORSO VITTORIO EMANUELE II;in corrispondenza;;del civico n.;304;;Scontro frontale/laterale DX fra veicoli in marcia;Rettilineo;Una carreggiata a doppio senso;Asciutto;Asfaltata;Verticale ed orizzontale;Sereno;Normale;Buona;Ore Diurne;2;0;0;0;12,4663;41,89933;0;2;Motociclo a solo;In marcia / fermata / arresto;Honda;SH 300;Conducente;1969;M;Rifiuta cure immediate;0;NON DECEDUTO;Utilizzato;
3688251;2;17/02/2018 12:30:00;Strada Urbana;VIA DI VILLA CHIGI;in corrispondenza;;del civico n.;61;;Tamponamento;Rettilineo;Una carreggiata a doppio senso;Asciutto;Asfaltata;Orizzontale;Nuvoloso;Normale;Buona;Ore Diurne;0;0;0;3;12,51422;41,93334;0;1;Autovettura di polizia;In marcia / fermata / arresto;Fiat;Croma;Conducente;1975;M;Illeso;0;;Non accertato;
3688251;2;17/02/2018 12:30:00;Strada Urbana;VIA DI VILLA CHIGI;in corrispondenza;;del civico n.;61;;Tamponamento;Rettilineo;Una carreggiata a doppio senso;Asciutto;Asfaltata;Orizzontale;Nuvoloso;Normale;Buona;Ore Diurne;0;0;0;3;12,51422;41,93334;0;1;Autovettura di polizia;In marcia / fermata / arresto;Fiat;Croma;Passeggero;1972;M;Illeso;0;;Non accertato;Inesploso
3688251;2;17/02/2018 12:30:00;Strada Urbana;VIA DI VILLA CHIGI;in corrispondenza;;del civico n.;61;;Tamponamento;Rettilineo;Una carreggiata a doppio senso;Asciutto;Asfaltata;Orizzontale;Nuvoloso;Normale;Buona;Ore Diurne;0;0;0;3;12,51422;41,93334;0;2;Autovettura privata;In marcia / fermata / arresto;Citroen;C3;Conducente;1951;M;Illeso;0;;Non accertato;
3688253;12;17/02/2018 10:30:00;Strada Urbana;VIA CRISTOFORO COLOMBO;da specificare;;;;direzione GRA fronte palo illuminazione n.325;Scontro laterale fra veicoli in marcia;Rettilineo;Più di due carreggiate;Asciutto;Asfaltata;Verticale ed orizzontale;Nuvoloso;Normale;Buona;Ore Diurne;0;0;0;4;12,41155;41,78584;0;1;Autovettura privata;In marcia / fermata / arresto;Toyota;Toyota Yaris hybrid;Conducente;1979;M;Illeso;0;;Non accertato;Inesploso
3688253;12;17/02/2018 10:30:00;Strada Urbana;VIA CRISTOFORO COLOMBO;da specificare;;;;direzione GRA fronte palo illuminazione n.325;Scontro laterale fra veicoli in marcia;Rettilineo;Più di due carreggiate;Asciutto;Asfaltata;Verticale ed orizzontale;Nuvoloso;Normale;Buona;Ore Diurne;0;0;0;4;12,41155;41,78584;0;1;Autovettura privata;In marcia / fermata / arresto;Toyota;Toyota Yaris hybrid;Passeggero;1978;M;Illeso;0;;Non accertato;Inesploso
3688253;12;17/02/2018 10:30:00;Strada Urbana;VIA CRISTOFORO COLOMBO;da specificare;;;;direzione GRA fronte palo illuminazione n.325;Scontro laterale fra veicoli in marcia;Rettilineo;Più di due carreggiate;Asciutto;Asfaltata;Verticale ed orizzontale;Nuvoloso;Normale;Buona;Ore Diurne;0;0;0;4;12,41155;41,78584;0;1;Autovettura privata;In marcia / fermata / arresto;Toyota;Toyota Yaris hybrid;Passeggero;1981;M;Illeso;0;;Non accertato;Inesploso
3688253;12;17/02/2018 10:30:00;Strada Urbana;VIA CRISTOFORO COLOMBO;da specificare;;;;direzione GRA fronte palo illuminazione n.325;Scontro laterale fra veicoli in marcia;Rettilineo;Più di due carreggiate;Asciutto;Asfaltata;Verticale ed orizzontale;Nuvoloso;Normale;Buona;Ore Diurne;0;0;0;4;12,41155;41,78584;0;2;Autovettura privata;In marcia / fermata / arresto;Volkswagen;Polo;Conducente;1994;M;Illeso;0;;Non accertato;Inesploso
3688257;2;16/02/2018 19:02:00;;LUNGOTEVERE DELL'ACQUA ACETOSA;in corrispondenza;;del civico n.;17;;Tamponamento;;;;;;;;;;0;0;0;5;;;0;1;Autovettura privata;In marcia / fermata / arresto;Fiat;Punto;Conducente;1973;M;Illeso;0;;;
3688257;2;16/02/2018 19:02:00;;LUNGOTEVERE DELL'ACQUA ACETOSA;in corrispondenza;;del civico n.;17;;Tamponamento;;;;;;;;;;0;0;0;5;;;0;2;Autovettura di polizia;In marcia / fermata / arresto;Iveco;(ignoto);Conducente;1989;M;Illeso;0;;;
3688257;2;16/02/2018 19:02:00;;LUNGOTEVERE DELL'ACQUA ACETOSA;in corrispondenza;;del civico n.;17;;Tamponamento;;;;;;;;;;0;0;0;5;;;0;2;Autovettura di polizia;In marcia / fermata / arresto;Iveco;(ignoto);Passeggero;1986;M;Illeso;0;;;
3688257;2;16/02/2018 19:02:00;;LUNGOTEVERE DELL'ACQUA ACETOSA;in corrispondenza;;del civico n.;17;;Tamponamento;;;;;;;;;;0;0;0;5;;;0;2;Autovettura di polizia;In marcia / fermata / arresto;Iveco;(ignoto);Passeggero;1992;M;Illeso;0;;;
3688257;2;16/02/2018 19:02:00;;LUNGOTEVERE DELL'ACQUA ACETOSA;in corrispondenza;;del civico n.;17;;Tamponamento;;;;;;;;;;0;0;0;5;;;0;2;Autovettura di polizia;In marcia / fermata / arresto;Iveco;(ignoto);Passeggero;1996;M;Illeso;0;;;
3688260;2;16/02/2018 12:00:00;;VIA NOMENTANA;in prossimità;;del civico n.;216;;Investimento di pedone;;;;;;;;;;1;0;0;1;;;0;;;;;;Pedone;1958;M;Ricoverato;0;NON DECEDUTO;;
3688260;2;16/02/2018 12:00:00;;VIA NOMENTANA;in prossimità;;del civico n.;216;;Investimento di pedone;;;;;;;;;;1;0;0;1;;;0;1;Autovettura privata;In marcia / fermata / arresto;Smart ;-;Conducente;1985;M;Illeso;0;;;
3688328;20;17/02/2018 11:00:00;Strada Urbana;VIA DI GROTTAROSSA;in prossimità;;del civico n.;222;;Tamponamento;Rettilineo;Una carreggiata a doppio senso;Asciutto;Asfaltata;Verticale ed orizzontale;Sereno;Normale;Buona;Ore Diurne;0;0;0;4;;;0;1;Autovettura privata;In marcia / fermata / arresto;Fiat;600;Conducente;1955;F;Illeso;0;;Utilizzato;Inesploso
3688328;20;17/02/2018 11:00:00;Strada Urbana;VIA DI GROTTAROSSA;in prossimità;;del civico n.;222;;Tamponamento;Rettilineo;Una carreggiata a doppio senso;Asciutto;Asfaltata;Verticale ed orizzontale;Sereno;Normale;Buona;Ore Diurne;0;0;0;4;;;0;1;Autovettura privata;In marcia / fermata / arresto;Fiat;600;Passeggero;1976;F;Illeso;0;;Utilizzato;Inesploso
3688328;20;17/02/2018 11:00:00;Strada Urbana;VIA DI GROTTAROSSA;in prossimità;;del civico n.;222;;Tamponamento;Rettilineo;Una carreggiata a doppio senso;Asciutto;Asfaltata;Verticale ed orizzontale;Sereno;Normale;Buona;Ore Diurne;0;0;0;4;;;0;2;Autovettura privata;In marcia / fermata / arresto;Volkswagen;Polo;Conducente;1994;M;Illeso;0;;Utilizzato;Inesploso
3688328;20;17/02/2018 11:00:00;Strada Urbana;VIA DI GROTTAROSSA;in prossimità;;del civico n.;222;;Tamponamento;Rettilineo;Una carreggiata a doppio senso;Asciutto;Asfaltata;Verticale ed orizzontale;Sereno;Normale;Buona;Ore Diurne;0;0;0;4;;;0;2;Autovettura privata;In marcia / fermata / arresto;Volkswagen;Polo;Passeggero;1993;M;Illeso;0;;Utilizzato;Inesploso
3688361;12;17/02/2018 03:00:00;Strada Urbana;VIALE GUGLIELMO MARCONI;da specificare;;;;sottovia V. C.Colombo direz. Via Laurentina ;Veicolo in marcia contro ostacolo accidentale;Curva senza visuale libera;Una carreggiata a senso unico di marcia;Asciutto;Asfaltata;Verticale ed orizzontale;Sereno;Scarso;Sufficiente;Sufficiente;0;0;0;1;12,47709;41,84458;0;1;Autovettura privata;In marcia / fermata / arresto;Mercedes;Classe B;Conducente;1978;M;Illeso;0;;Utilizzato;Inesploso
3688451;3;15/02/2018 14:40:00;;CIRCONVALLAZIONE SALARIA;da specificare;;;;dir.ne S. Giovanni alt. uscita Nomentana M.Sacro;Scontro laterale fra veicoli in marcia;;;;;;;;;;0;0;0;3;;;0;1;Autovettura privata;In marcia / fermata / arresto;Renault;Clio;Conducente;0;M;Illeso;0;;;
3688451;3;15/02/2018 14:40:00;;CIRCONVALLAZIONE SALARIA;da specificare;;;;dir.ne S. Giovanni alt. uscita Nomentana M.Sacro;Scontro laterale fra veicoli in marcia;;;;;;;;;;0;0;0;3;;;0;1;Autovettura privata;In marcia / fermata / arresto;Renault;Clio;Passeggero;0;M;Illeso;0;;;
3688451;3;15/02/2018 14:40:00;;CIRCONVALLAZIONE SALARIA;da specificare;;;;dir.ne S. Giovanni alt. uscita Nomentana M.Sacro;Scontro laterale fra veicoli in marcia;;;;;;;;;;0;0;0;3;;;0;2;Autovettura privata;In marcia / fermata / arresto;Smart ;Smart for two coupè;Conducente;0;M;Illeso;0;;;
3688456;19;16/02/2018 18:40:00;Strada Urbana;VIA DELLA PINETA SACCHETTI;in corrispondenza;;del civico n.;257;;Tamponamento Multiplo;Rettilineo;Una carreggiata a senso unico di marcia;Asciutto;Asfaltata;Orizzontale;Sereno;Intenso;Buona;Sufficiente;0;0;0;3;;;0;1;Autovettura privata;In marcia / fermata / arresto;Jaguar;XF;Conducente;1950;M;Illeso;0;;;
3688456;19;16/02/2018 18:40:00;Strada Urbana;VIA DELLA PINETA SACCHETTI;in corrispondenza;;del civico n.;257;;Tamponamento Multiplo;Rettilineo;Una carreggiata a senso unico di marcia;Asciutto;Asfaltata;Orizzontale;Sereno;Intenso;Buona;Sufficiente;0;0;0;3;;;0;2;Autovettura privata;In marcia / fermata / arresto;Fiat;Panda;Conducente;1991;M;Illeso;0;;;
3688456;19;16/02/2018 18:40:00;Strada Urbana;VIA DELLA PINETA SACCHETTI;in corrispondenza;;del civico n.;257;;Tamponamento Multiplo;Rettilineo;Una carreggiata a senso unico di marcia;Asciutto;Asfaltata;Orizzontale;Sereno;Intenso;Buona;Sufficiente;0;0;0;3;;;0;3;Ciclomotore;In marcia / fermata / arresto;Ligier;Nova;Conducente;2000;M;Illeso;0;;;
3688460;3;15/02/2018 14:45:00;;PIAZZALE DELLA STAZIONE TIBURTINA;in prossimità;;del civico n.;1;;Veicolo in marcia contro ostacolo accidentale;;;;;;;;;;0;0;0;1;;;0;1;Autovettura privata;In marcia / fermata / arresto;Smart ;-;Conducente;0;M;Illeso;0;;;
3688468;3;15/02/2018 17:45:00;;VIALE IPPOCRATE;in corrispondenza;;del civico n.;25;;Veicolo in marcia contro veicolo fermo;;;;;;;;;;1;0;0;1;;;0;1;Motociclo a solo;In marcia / fermata / arresto;MBK;(non accertato);Conducente;0;M;Rifiuta cure immediate;0;NON DECEDUTO;;
3688468;3;15/02/2018 17:45:00;;VIALE IPPOCRATE;in corrispondenza;;del civico n.;25;;Veicolo in marcia contro veicolo fermo;;;;;;;;;;1;0;0;1;;;0;2;Autovettura privata;In marcia / fermata / arresto;Toyota;Yaris;Conducente;0;M;Illeso;0;;;
3688471;3;16/02/2018 17:00:00;;VIA LAZZARO SPALLANZANI;da specificare;;;;fronte civ. 26;Veicolo in marcia contro veicolo fermo;;;;;;;;;;0;0;0;3;;;0;1;Autovettura privata;In marcia / fermata / arresto;Toyota;Rav 4;Conducente;0;M;Illeso;0;;;
3688471;3;16/02/2018 17:00:00;;VIA LAZZARO SPALLANZANI;da specificare;;;;fronte civ. 26;Veicolo in marcia contro veicolo fermo;;;;;;;;;;0;0;0;3;;;0;2;Autovettura privata;In marcia / fermata / arresto;Volvo;V70;Conducente;0;M;Illeso;0;;;
3688471;3;16/02/2018 17:00:00;;VIA LAZZARO SPALLANZANI;da specificare;;;;fronte civ. 26;Veicolo in marcia contro veicolo fermo;;;;;;;;;;0;0;0;3;;;0;2;Autovettura privata;In marcia / fermata / arresto;Volvo;V70;Passeggero;0;M;Illeso;0;;;
3688474;2;17/02/2018 15:45:00;Strada Urbana;VIALE LIBIA;in prossimità;;del civico n.;114;;Veicolo in marcia contro ostacolo accidentale;Rettilineo;Due carreggiate;Asciutto;Asfaltata;Orizzontale;Nuvoloso;Normale;Buona;Ore Diurne;0;0;0;2;;;0;1;Autovettura privata;In marcia / fermata / arresto;Fiat;500 L;Conducente;1980;M;Illeso;0;;Non accertato;