Protocollo;Gruppo;DataOraIncidente;Localizzazione1;STRADA1;Localizzazione2;STRADA2;Strada02;Chilometrica;DaSpecificare;NaturaIncidente;particolaritastrade;TipoStrada;FondoStradale;Pavimentazione;Segnaletica;CondizioneAtmosferica;Traffico;Visibilita;Illuminazione;NUM_FERITI;NUM_RISERVATA;NUM_MORTI;NUM_ILLESI;Longitudine;Latitudine;Confermato;Progressivo;TipoVeicolo;StatoVeicolo;Marca;Modello;TipoPersona;AnnoNascita;Sesso;Tipolesione;Deceduto;DecedutoDopo;CinturaCascoUtilizzato;Airbag;
3688474;2;17/02/2018 15:45:00;Strada Urbana;VIALE LIBIA;in prossimità;;del civico n.;114;;Veicolo in marcia contro ostacolo accidentale;Rettilineo;Due carreggiate;Asciutto;Asfaltata;Orizzontale;Nuvoloso;Normale;Buona;Ore Diurne;0;0;0;2;;;0;1;Autovettura privata;In marcia / fermata / arresto;Fiat;500 L;Passeggero;2017;F;Illeso;0;;Non accertato;Inesploso
3688487;3;16/02/2018 18:00:00;;VIA TIBURTINA;da specificare;;;;rampa inversione sovrapasso P.le delle Crociate;Veicolo in marcia contro veicolo arresto;;;;;;;;;;0;0;0;3;;;0;1;Autocarro inferiore 35 q.;In marcia / fermata / arresto;Volkswagen;Caddy;Conducente;0;M;Illeso;0;;;
3688487;3;16/02/2018 18:00:00;;VIA TIBURTINA;da specificare;;;;rampa inversione sovrapasso P.le delle Crociate;Veicolo in marcia contro veicolo arresto;;;;;;;;;;0;0;0;3;;;0;2;Autovettura privata;In marcia / fermata / arresto;Toyota;Yaris;Conducente;0;M;Illeso;0;;;
3688487;3;16/02/2018 18:00:00;;VIA TIBURTINA;da specificare;;;;rampa inversione sovrapasso P.le delle Crociate;Veicolo in marcia contro veicolo arresto;;;;;;;;;;0;0;0;3;;;0;2;Autovettura privata;In marcia / fermata / arresto;Toyota;Yaris;Passeggero;0;M;Illeso;0;;;
3688504;3;16/02/2018 20:15:00;;VIA RODOLFO LANCIANI;da specificare;;;;lato opposto civ.1 - area di sosta centrale;Investimento di pedone;;;;;;;;;;1;0;0;0;;;0;;;;;;Pedone;0;M;Rifiuta cure immediate;0;NON DECEDUTO;;
3689000;8;17/02/2018 06:29:00;Strada Urbana;VIA PRENESTINA;all'intersezione con;VIA MONTEMILETTO;VIA MONTEMILETTO;;;Scontro frontale/laterale SX fra veicoli in marcia;Incrocio;Una carreggiata a doppio senso;Asciutto;Asfaltata;Verticale ed orizzontale;Nuvoloso;Normale;Buona;Sufficiente;2;0;0;0;;;0;1;Autovettura privata;In marcia / fermata / arresto;Lancia;Ypsilon;Conducente;1988;M;Rimandato;0;NON DECEDUTO;Non accertato;Inesploso
3689000;8;17/02/2018 06:29:00;Strada Urbana;VIA PRENESTINA;all'intersezione con;VIA MONTEMILETTO;VIA MONTEMILETTO;;;Scontro frontale/laterale SX fra veicoli in marcia;Incrocio;Una carreggiata a doppio senso;Asciutto;Asfaltata;Verticale ed orizzontale;Nuvoloso;Normale;Buona;Sufficiente;2;0;0;0;;;0;2;Autovettura privata;In marcia / fermata / arresto;BMW;320 SW;Conducente;1984;M;Rimandato;0;NON DECEDUTO;Non accertato;Esploso
3689006;8;17/02/2018 16:15:00;Strada Urbana;VIA DI TOR BELLA MONACA;all'intersezione con;VIA DI TORRENOVA;VIA DI TORRENOVA;;;Scontro laterale fra veicoli in marcia;Incrocio;Una carreggiata a senso unico di marcia;Asciutto;Asfaltata;Orizzontale;Sereno;Normale;Buona;Ore Diurne;0;0;0;2;12,62375;41,87848;-1;1;Motociclo a solo;In marcia / fermata / arresto;Ducati;900 SS;Conducente;1960;M;Illeso;0;;Non accertato;
3689006;8;17/02/2018 16:15:00;Strada Urbana;VIA DI TOR BELLA MONACA;all'intersezione con;VIA DI TORRENOVA;VIA DI TORRENOVA;;;Scontro laterale fra veicoli in marcia;Incrocio;Una carreggiata a senso unico di marcia;Asciutto;Asfaltata;Orizzontale;Sereno;Normale;Buona;Ore Diurne;0;0;0;2;12,62375;41,87848;-1;2;Autovettura privata;In marcia / fermata / arresto;Mercedes;Smart;Conducente;1968;M;Illeso;0;;Non accertato;Inesploso
3689007;20;17/02/2018 23:30:00;Regionale entro l'abitato;VIA CASSIA;in prossimità;;del civico n.;f.c. 1421;;Tamponamento;Rettilineo;Una carreggiata a doppio senso;Bagnato (pioggia);Asfaltata;Verticale ed orizzontale;Pioggia in atto;Scarso;Sufficiente;Sufficiente;1;0;0;1;;;0;1;Autovettura privata;In marcia / fermata / arresto;Chevrolet;Matiz;Conducente;1976;F;Rimandato;0;NON DECEDUTO;Non accertato;
3689007;20;17/02/2018 23:30:00;Regionale entro l'abitato;VIA CASSIA;in prossimità;;del civico n.;f.c. 1421;;Tamponamento;Rettilineo;Una carreggiata a doppio senso;Bagnato (pioggia);Asfaltata;Verticale ed orizzontale;Pioggia in atto;Scarso;Sufficiente;Sufficiente;1;0;0;1;;;0;2;Autovettura privata;In marcia / fermata / arresto;Fiat;Panda;Conducente;1953;M;Illeso;0;;Non accertato;
3689009;8;17/02/2018 14:20:00;Strada Urbana;VIA MARFORIO;all'intersezione con;VIA AUGUSTO LUPI;VIA AUGUSTO LUPI;;;Scontro frontale/laterale SX fra veicoli in marcia;Incrocio;Una carreggiata a doppio senso;Asciutto;Asfaltata;Verticale ed orizzontale;Sereno;Scarso;Buona;Ore Diurne;0;0;0;2;;;0;1;Autovettura privata;In marcia / fermata / arresto;Renault;Kangoo;Conducente;1969;M;Illeso;0;;Non accertato;Inesploso
3689009;8;17/02/2018 14:20:00;Strada Urbana;VIA MARFORIO;all'intersezione con;VIA AUGUSTO LUPI;VIA AUGUSTO LUPI;;;Scontro frontale/laterale SX fra veicoli in marcia;Incrocio;Una carreggiata a doppio senso;Asciutto;Asfaltata;Verticale ed orizzontale;Sereno;Scarso;Buona;Ore Diurne;0;0;0;2;;;0;2;Autovettura privata;In marcia / fermata / arresto;Fiat;Punto;Conducente;1942;F;Illeso;0;;Non accertato;Inesploso
3689021;8;17/02/2018 12:30:00;;VIA DI VERMICINO;in corrispondenza;;del civico n.;95;;Scontro laterale fra veicoli in marcia;;;;;;;;;;0;0;0;2;;;0;1;Autovettura privata;In marcia / fermata / arresto;Lancia;Delta;Conducente;1978;F;Illeso;0;;;
3689021;8;17/02/2018 12:30:00;;VIA DI VERMICINO;in corrispondenza;;del civico n.;95;;Scontro laterale fra veicoli in marcia;;;;;;;;;;0;0;0;2;;;0;2;Autocarro inferiore 35 q.;In marcia / fermata / arresto;Fiat;Ducato;Conducente;1978;M;Illeso;0;;;
3689028;20;18/02/2018 03:50:00;Regionale entro l'abitato;VIA CASSIA;in prossimità;;del civico n.;1138;;Veicolo in marcia contro veicoli in sosta;Curva a visuale libera;Una carreggiata a senso unico di marcia;Bagnato (pioggia);Asfaltata;Verticale ed orizzontale;Pioggia in atto;Scarso;Insufficiente;Insufficiente;1;0;0;0;;;0;1;Autovettura privata;In marcia / fermata / arresto;Lancia;Delta;Conducente;1988;M;Rimandato;0;NON DECEDUTO;Non accertato;Inesploso
3689046;18;18/02/2018 04:10:00;Statale;VIA AURELIA;in corrispondenza;;della chilometrica;10;;Veicolo in marcia contro veicolo arresto;Rettilineo;Una carreggiata a senso unico di marcia;Bagnato (pioggia);Asfaltata;Verticale ed orizzontale;Pioggia in atto;Scarso;Buona;Sufficiente;0;2;0;4;12,38475;41,88608;0;1;Autovettura privata;In marcia / fermata / arresto;Fiat;600;Conducente;1998;M;Prognosi riservata;0;NON DECEDUTO;Utilizzato;Inesploso
3689046;18;18/02/2018 04:10:00;Statale;VIA AURELIA;in corrispondenza;;della chilometrica;10;;Veicolo in marcia contro veicolo arresto;Rettilineo;Una carreggiata a senso unico di marcia;Bagnato (pioggia);Asfaltata;Verticale ed orizzontale;Pioggia in atto;Scarso;Buona;Sufficiente;0;2;0;4;12,38475;41,88608;0;1;Autovettura privata;In marcia / fermata / arresto;Fiat;600;Passeggero;1998;M;Prognosi riservata;0;NON DECEDUTO;Utilizzato;Inesistente
3689046;18;18/02/2018 04:10:00;Statale;VIA AURELIA;in corrispondenza;;della chilometrica;10;;Veicolo in marcia contro veicolo arresto;Rettilineo;Una carreggiata a senso unico di marcia;Bagnato (pioggia);Asfaltata;Verticale ed orizzontale;Pioggia in atto;Scarso;Buona;Sufficiente;0;2;0;4;12,38475;41,88608;0;2;Autocarro inferiore 35 q.;In marcia / fermata / arresto;Fiat Iveco;Dayli;Conducente;1976;M;Illeso;0;;Non accertato;Inesploso
3689046;18;18/02/2018 04:10:00;Statale;VIA AURELIA;in corrispondenza;;della chilometrica;10;;Veicolo in marcia contro veicolo arresto;Rettilineo;Una carreggiata a senso unico di marcia;Bagnato (pioggia);Asfaltata;Verticale ed orizzontale;Pioggia in atto;Scarso;Buona;Sufficiente;0;2;0;4;12,38475;41,88608;0;2;Autocarro inferiore 35 q.;In marcia / fermata / arresto;Fiat Iveco;Dayli;Passeggero;1955;M;Illeso;0;;Non accertato;Inesploso
3689046;18;18/02/2018 04:10:00;Statale;VIA AURELIA;in corrispondenza;;della chilometrica;10;;Veicolo in marcia contro veicolo arresto;Rettilineo;Una carreggiata a senso unico di marcia;Bagnato (pioggia);Asfaltata;Verticale ed orizzontale;Pioggia in atto;Scarso;Buona;Sufficiente;0;2;0;4;12,38475;41,88608;0;2;Autocarro inferiore 35 q.;In marcia / fermata / arresto;Fiat Iveco;Dayli;Passeggero;1970;M;Illeso;0;;Non accertato;Inesploso
3689046;18;18/02/2018 04:10:00;Statale;VIA AURELIA;in corrispondenza;;della chilometrica;10;;Veicolo in marcia contro veicolo arresto;Rettilineo;Una carreggiata a senso unico di marcia;Bagnato (pioggia);Asfaltata;Verticale ed orizzontale;Pioggia in atto;Scarso;Buona;Sufficiente;0;2;0;4;12,38475;41,88608;0;2;Autocarro inferiore 35 q.;In marcia / fermata / arresto;Fiat Iveco;Dayli;Passeggero;1976;M;Illeso;0;;Non accertato;Inesploso
3689051;20;18/02/2018 02:00:00;Provinciale entro l'abitato;VIA NOMENTANA;all'intersezione con;VIA ANTONIO NIBBY;VIA ANTONIO NIBBY;;;Scontro laterale fra veicoli in marcia;Incrocio;Una carreggiata a doppio senso;Bagnato (pioggia);Asfaltata;Verticale ed orizzontale;Pioggia in atto;Scarso;Sufficiente;Sufficiente;0;0;0;4;;;0;1;Autovettura pubblica;In marcia / fermata / arresto;Citroen;C3 Picasso;Conducente;1970;M;Illeso;0;;Non accertato;Inesploso
3689051;20;18/02/2018 02:00:00;Provinciale entro l'abitato;VIA NOMENTANA;all'intersezione con;VIA ANTONIO NIBBY;VIA ANTONIO NIBBY;;;Scontro laterale fra veicoli in marcia;Incrocio;Una carreggiata a doppio senso;Bagnato (pioggia);Asfaltata;Verticale ed orizzontale;Pioggia in atto;Scarso;Sufficiente;Sufficiente;0;0;0;4;;;0;2;Autovettura privata;In marcia / fermata / arresto;Adam Opel;Zafira;Conducente;1998;M;Illeso;0;;Non accertato;Inesploso
3689051;20;18/02/2018 02:00:00;Provinciale entro l'abitato;VIA NOMENTANA;all'intersezione con;VIA ANTONIO NIBBY;VIA ANTONIO NIBBY;;;Scontro laterale fra veicoli in marcia;Incrocio;Una carreggiata a doppio senso;Bagnato (pioggia);Asfaltata;Verticale ed orizzontale;Pioggia in atto;Scarso;Sufficiente;Sufficiente;0;0;0;4;;;0;2;Autovettura privata;In marcia / fermata / arresto;Adam Opel;Zafira;Passeggero;1997;F;Illeso;0;;Non accertato;Inesploso
3689051;20;18/02/2018 02:00:00;Provinciale entro l'abitato;VIA NOMENTANA;all'intersezione con;VIA ANTONIO NIBBY;VIA ANTONIO NIBBY;;;Scontro laterale fra veicoli in marcia;Incrocio;Una carreggiata a doppio senso;Bagnato (pioggia);Asfaltata;Verticale ed orizzontale;Pioggia in atto;Scarso;Sufficiente;Sufficiente;0;0;0;4;;;0;2;Autovettura privata;In marcia / fermata / arresto;Adam Opel;Zafira;Passeggero;1998;M;Illeso;0;;Non accertato;Inesploso
3689055;10;16/02/2018 09:40:00;;VIA DI CAMPO ROMANO;in prossimità;;del civico n.;71;;Scontro frontale/laterale SX fra veicoli in marcia;;;;;;;;;;0;0;0;3;;;0;1;Autovettura privata;In marcia / fermata / arresto;Fiat;Lybra;Conducente;1948;M;Illeso;0;;;
3689055;10;16/02/2018 09:40:00;;VIA DI CAMPO ROMANO;in prossimità;;del civico n.;71;;Scontro frontale/laterale SX fra veicoli in marcia;;;;;;;;;;0;0;0;3;;;0;1;Autovettura privata;In marcia / fermata / arresto;Fiat;Lybra;Passeggero;1951;F;Illeso;0;;;
3689055;10;16/02/2018 09:40:00;;VIA DI CAMPO ROMANO;in prossimità;;del civico n.;71;;Scontro frontale/laterale SX fra veicoli in marcia;;;;;;;;;;0;0;0;3;;;0;2;Autovettura privata;In marcia / fermata / arresto;Mercedes;Classe A;Conducente;1970;M;Illeso;0;;;
3689067;10;19/02/2018 09:05:00;Statale entro l'abitato;VIA APPIA NUOVA;in corrispondenza;;del civico n.;1009;;Scontro frontale fra veicoli in marcia;Rettilineo;Più di due carreggiate;Asciutto;Asfaltata;Verticale ed orizzontale;Sereno;Normale;Buona;Ore Diurne;3;0;0;1;;;0;1;Autocarro inferiore 35 q.;In marcia / fermata / arresto;Ford;Transit 100;Conducente;1967;M;Illeso;0;;Non accertato;Inesistente
3689067;10;19/02/2018 09:05:00;Statale entro l'abitato;VIA APPIA NUOVA;in corrispondenza;;del civico n.;1009;;Scontro frontale fra veicoli in marcia;Rettilineo;Più di due carreggiate;Asciutto;Asfaltata;Verticale ed orizzontale;Sereno;Normale;Buona;Ore Diurne;3;0;0;1;;;0;1;Autocarro inferiore 35 q.;In marcia / fermata / arresto;Ford;Transit 100;Passeggero;1962;M;Rifiuta cure immediate;0;NON DECEDUTO;Non accertato;Inesistente
3689067;10;19/02/2018 09:05:00;Statale entro l'abitato;VIA APPIA NUOVA;in corrispondenza;;del civico n.;1009;;Scontro frontale fra veicoli in marcia;Rettilineo;Più di due carreggiate;Asciutto;Asfaltata;Verticale ed orizzontale;Sereno;Normale;Buona;Ore Diurne;3;0;0;1;;;0;2;Autovettura privata;In marcia / fermata / arresto;Mercedes;Smart Forfour;Conducente;1997;M;Rimandato;0;NON DECEDUTO;Non accertato;Esploso
3689067;10;19/02/2018 09:05:00;Statale entro l'abitato;VIA APPIA NUOVA;in corrispondenza;;del civico n.;1009;;Scontro frontale fra veicoli in marcia;Rettilineo;Più di due carreggiate;Asciutto;Asfaltata;Verticale ed orizzontale;Sereno;Normale;Buona;Ore Diurne;3;0;0;1;;;0;3;Motociclo a solo;In marcia / fermata / arresto;Yamaha;T MAX 500;Conducente;1980;M;Rimandato;0;NON DECEDUTO;Non accertato;
3689068;6;17/02/2018 07:30:00;Strada Urbana;VIALE DELLA PRIMAVERA;in prossimità;;del civico n.;267;;Veicolo in marcia contro veicolo in sosta;Rettilineo;Due carreggiate;Asciutto;Asfaltata;Verticale ed orizzontale;Nuvoloso;Normale;Sufficiente;Ore Diurne;0;0;0;2;;;0;1;Autocarro inferiore 35 q.;In marcia / fermata / arresto;Iveco;DAILY;Conducente;1955;M;Illeso;0;;;
3689068;6;17/02/2018 07:30:00;Strada Urbana;VIALE DELLA PRIMAVERA;in prossimità;;del civico n.;267;;Veicolo in marcia contro veicolo in sosta;Rettilineo;Due carreggiate;Asciutto;Asfaltata;Verticale ed orizzontale;Nuvoloso;Normale;Sufficiente;Ore Diurne;0;0;0;2;;;0;2;Motociclo a solo;In marcia / fermata / arresto;Suzuki;(ignoto);Conducente;0;M;Illeso;0;;;
3689070;10;17/02/2018 16:40:00;;PIAZZA DEI CONSOLI;in corrispondenza;;del civico n.;12;;Scontro laterale fra veicoli in marcia;;;;;;;;;;1;0;0;1;;;0;1;Autovettura privata;In marcia / fermata / arresto;Jaguar;(ignoto);Conducente;1947;M;Illeso;0;;;
3689070;10;17/02/2018 16:40:00;;PIAZZA DEI CONSOLI;in corrispondenza;;del civico n.;12;;Scontro laterale fra veicoli in marcia;;;;;;;;;;1;0;0;1;;;0;2;Motociclo a solo;In marcia / fermata / arresto;Honda;SH150;Conducente;1969;F;Rimandato;0;NON DECEDUTO;;
3689080;13;17/02/2018 12:30:00;;VIA MAR ROSSO;in corrispondenza;;del civico n.;199;;Veicolo in marcia contro veicolo fermo;;;;;;;;;;0;0;0;4;;;0;1;Autovettura privata;In marcia / fermata / arresto;Chevrolet;Matiz;Conducente;1985;F;Illeso;0;;Non accertato;Inesploso
3689080;13;17/02/2018 12:30:00;;VIA MAR ROSSO;in corrispondenza;;del civico n.;199;;Veicolo in marcia contro veicolo fermo;;;;;;;;;;0;0;0;4;;;0;1;Autovettura privata;In marcia / fermata / arresto;Chevrolet;Matiz;Passeggero;1995;F;Illeso;0;;Non accertato;Inesploso
3689080;13;17/02/2018 12:30:00;;VIA MAR ROSSO;in corrispondenza;;del civico n.;199;;Veicolo in marcia contro veicolo fermo;;;;;;;;;;0;0;0;4;;;0;1;Autovettura privata;In marcia / fermata / arresto;Chevrolet;Matiz;Passeggero;2010;M;Illeso;0;;Non accertato;Inesistente
3689080;13;17/02/2018 12:30:00;;VIA MAR ROSSO;in corrispondenza;;del civico n.;199;;Veicolo in marcia contro veicolo fermo;;;;;;;;;;0;0;0;4;;;0;2;Autovettura privata;In marcia / fermata / arresto;Alfa Romeo;75;Conducente;1936;M;Illeso;0;;Non accertato;Inesploso
3689083;6;17/02/2018 10:45:00;;VIA DEI LENTULI;all'intersezione con;LARGO DEI QUINTILI;LARGO DEI QUINTILI;;;Scontro laterale fra veicoli in marcia;;;;;;;;;;0;0;0;2;;;0;1;Autovettura privata;In marcia / fermata / arresto;Toyota;Aygo;Conducente;1989;F;Illeso;0;;;
3689083;6;17/02/2018 10:45:00;;VIA DEI LENTULI;all'intersezione con;LARGO DEI QUINTILI;LARGO DEI QUINTILI;;;Scontro laterale fra veicoli in marcia;;;;;;;;;;0;0;0;2;;;0;2;Autovettura privata;In marcia / fermata / arresto;Fiat-Lancia;YPSILON;Conducente;1969;M;Illeso;0;;;
3689084;10;17/02/2018 11:10:00;;VIA TUSCOLANA;in corrispondenza;;del civico n.;894;;Scontro frontale/laterale DX fra veicoli in marcia;;;;;;;;;;0;0;0;4;;;0;1;Autovettura privata;In marcia / fermata / arresto;Opel;AGILA;Conducente;1948;M;Illeso;0;;;
3689084;10;17/02/2018 11:10:00;;VIA TUSCOLANA;in corrispondenza;;del civico n.;894;;Scontro frontale/laterale DX fra veicoli in marcia;;;;;;;;;;0;0;0;4;;;0;2;Autovettura privata;In marcia / fermata / arresto;Fiat;Panda;Conducente;1954;F;Illeso;0;;;
3689084;10;17/02/2018 11:10:00;;VIA TUSCOLANA;in corrispondenza;;del civico n.;894;;Scontro frontale/laterale DX fra veicoli in marcia;;;;;;;;;;0;0;0;4;;;0;2;Autovettura privata;In marcia / fermata / arresto;Fiat;Panda;Passeggero;1983;F;Illeso;0;;;
3689084;10;17/02/2018 11:10:00;;VIA TUSCOLANA;in corrispondenza;;del civico n.;894;;Scontro frontale/laterale DX fra veicoli in marcia;;;;;;;;;;0;0;0;4;;;0;2;Autovettura privata;In marcia / fermata / arresto;Fiat;Panda;Passeggero;2012;F;Illeso;0;;;
3689103;6;18/02/2018 02:10:00;Strada Urbana;VIA PRENESTINA;in prossimità;;del civico n.;492/A;;Veicolo in marcia contro ostacolo fisso;Rettilineo;Due carreggiate;Bagnato (pioggia);Asfaltata;Verticale ed orizzontale;Pioggia in atto;Scarso;Buona;Sufficiente;0;0;0;1;12,57107;41,89504;0;1;Autovettura privata;In marcia / fermata / arresto;Ford;Fiesta;Conducente;1956;M;Illeso;0;;;
3689105;13;17/02/2018 14:30:00;;VIA DELLE EBRIDI;in prossimità;;del civico n.;4;;Tamponamento;;;;;;;;;;0;0;0;1;;;0;1;Autovettura privata;In marcia / fermata / arresto;Nissan;Micra;Conducente;1992;F;Illeso;0;;Non accertato;Inesploso
3689144;13;17/02/2018 15:00:00;;VIA TANCREDI CHIARALUCE;da specificare;;;;ALTEZZA PALO LUCE N.4;Veicolo in marcia contro ostacolo accidentale;;;;;;;;;;0;0;0;1;;;0;1;Autovettura privata;In marcia / fermata / arresto;Mazda;2;Conducente;1977;F;Illeso;0;;Non accertato;Inesploso
3689188;13;17/02/2018 13:30:00;;VIA NICOMACO;all'intersezione con;VIA DEI PESCATORI;VIA DEI PESCATORI;;;Veicolo in marcia contro ostacolo fisso;;;;;;;;;;0;0;0;1;;;0;1;Autovettura privata;In marcia / fermata / arresto;Nissan;Micra;Conducente;1960;M;Illeso;0;;Non accertato;Inesploso
3689200;2;18/02/2018 01:05:00;Strada Urbana;VIA RODOLFO LANCIANI;in prossimità;;del civico n.;1;;Veicolo in marcia contro veicoli in sosta;Rettilineo;Due carreggiate;Bagnato (pioggia);Asfaltata;Verticale ed orizzontale;Pioggia in atto;Scarso;Buona;Sufficiente;0;0;0;1;12,51998;41,92112;0;1;Autovettura privata;In marcia / fermata / arresto;Renault;Scenic;Conducente;1970;M;Illeso;0;;;
3689202;13;17/02/2018 21:15:00;;VIA DELLE BALENIERE;all'intersezione con;VIA DELLE MOLUCCHE;VIA DELLE MOLUCCHE;;;Scontro laterale fra veicoli in marcia;;;;;;;;;;0;0;0;3;;;0;1;Autocarro inferiore 35 q.;In marcia / fermata / arresto;Renault;Kangoo;Conducente;1978;M;Illeso;0;;Non accertato;Inesploso
3689202;13;17/02/2018 21:15:00;;VIA DELLE BALENIERE;all'intersezione con;VIA DELLE MOLUCCHE;VIA DELLE MOLUCCHE;;;Scontro laterale fra veicoli in marcia;;;;;;;;;;0;0;0;3;;;0;1;Autocarro inferiore 35 q.;In marcia / fermata / arresto;Renault;Kangoo;Passeggero;1980;M;Illeso;0;;Non accertato;Inesploso
3689202;13;17/02/2018 21:15:00;;VIA DELLE BALENIERE;all'intersezione con;VIA DELLE MOLUCCHE;VIA DELLE MOLUCCHE;;;Scontro laterale fra veicoli in marcia;;;;;;;;;;0;0;0;3;;;0;2;Autovettura privata;In marcia / fermata / arresto;Renault;Megane;Conducente;1976;F;Illeso;0;;Non accertato;Inesploso
3689274;2;18/02/2018 11:15:00;;LUNGOTEVERE ARNALDO DA BRESCIA;da specificare;;;;altezza sottovia;Scontro laterale fra veicoli in marcia;;;;;;;;;;0;0;0;3;;;0;1;Autovettura privata;In marcia / fermata / arresto;Toyota;Yaris;Conducente;1988;F;Illeso;0;;Non accertato;Inesploso
3689274;2;18/02/2018 11:15:00;;LUNGOTEVERE ARNALDO DA BRESCIA;da specificare;;;;altezza sottovia;Scontro laterale fra veicoli in marcia;;;;;;;;;;0;0;0;3;;;0;2;Autovettura privata;In marcia / fermata / arresto;Renault;Modus;Conducente;1933;F;Illeso;0;;;
3689274;2;18/02/2018 11:15:00;;LUNGOTEVERE ARNALDO DA BRESCIA;da specificare;;;;altezza sottovia;Scontro laterale fra veicoli in marcia;;;;;;;;;;0;0;0;3;;;0;2;Autovettura privata;In marcia / fermata / arresto;Renault;Modus;Passeggero;2027;M;Illeso;0;;Non accertato;Inesploso
3689319;7;17/02/2018 17:25:00;;VIA ANGELO VISCOGLIOSI;da specificare;;;;all'intersezione di Via Tovaglieri;Investimento di pedone;;;;;;;;;;0;1;0;1;;;0;;;;;;Pedone;1946;F;Prognosi riservata;0;NON DECEDUTO;;
3689319;7;17/02/2018 17:25:00;;VIA ANGELO VISCOGLIOSI;da specificare;;;;all'intersezione di Via Tovaglieri;Investimento di pedone;;;;;;;;;;0;1;0;1;;;0;1;Autovettura privata;In marcia / fermata / arresto;Fiat;Panda;Conducente;1993;M;Illeso;0;;Non accertato;Inesploso
3689352;18;16/02/2018 15:20:00;Strada Urbana;VIA DI BOCCEA;all'intersezione semaforizzata con;PIAZZA IRNERIO;PIAZZA IRNERIO;;;Scontro frontale/laterale DX fra veicoli in marcia;Intersezione semaforizzata;Una carreggiata a doppio senso;Asciutto;Asfaltata;Verticale ed orizzontale;Sereno;Normale;Sufficiente;Ore Diurne;1;0;0;2;12,37296;41,92203;-1;1;Motociclo a solo;In marcia / fermata / arresto;BMW;(ignoto);Conducente;1964;M;Rimandato;0;NON DECEDUTO;;
3689352;18;16/02/2018 15:20:00;Strada Urbana;VIA DI BOCCEA;all'intersezione semaforizzata con;PIAZZA IRNERIO;PIAZZA IRNERIO;;;Scontro frontale/laterale DX fra veicoli in marcia;Intersezione semaforizzata;Una carreggiata a doppio senso;Asciutto;Asfaltata;Verticale ed orizzontale;Sereno;Normale;Sufficiente;Ore Diurne;1;0;0;2;12,37296;41,92203;-1;2;Autovettura privata;In marcia / fermata / arresto;Opel;Zafira;Conducente;1973;M;Illeso;0;;;
3689352;18;16/02/2018 15:20:00;Strada Urbana;VIA DI BOCCEA;all'intersezione semaforizzata con;PIAZZA IRNERIO;PIAZZA IRNERIO;;;Scontro frontale/laterale DX fra veicoli in marcia;Intersezione semaforizzata;Una carreggiata a doppio senso;Asciutto;Asfaltata;Verticale ed orizzontale;Sereno;Normale;Sufficiente;Ore Diurne;1;0;0;2;12,37296;41,92203;-1;2;Autovettura privata;In marcia / fermata / arresto;Opel;Zafira;Passeggero;1971;F;Illeso;0;;;
3689354;18;17/02/2018 05:45:00;;VIA ALBERTO BOLOGNETTI;in prossimità;;del civico n.;9;;Scontro laterale fra veicoli in marcia;;;;;;;;;;1;0;0;1;12,42256;41,91513;0;1;Autobus di linea;In marcia / fermata / arresto;Iveco;Iribus;Conducente;0;M;Illeso;0;;;
3689354;18;17/02/2018 05:45:00;;VIA ALBERTO BOLOGNETTI;in prossimità;;del civico n.;9;;Scontro laterale fra veicoli in marcia;;;;;;;;;;1;0;0;1;12,42256;41,91513;0;2;Motociclo a solo;In marcia / fermata / arresto;Piaggio;Beverly;Conducente;0;M;Ricoverato;0;NON DECEDUTO;;
3689364;18;17/02/2018 00:15:00;Strada Urbana;VIA GREGORIO XIII;in prossimità;;del civico n.;56;;Scontro laterale fra veicoli in marcia;Rettilineo;Una carreggiata a doppio senso;Asciutto;Asfaltata;Verticale ed orizzontale;Sereno;Scarso;Sufficiente;Sufficiente;0;0;0;7;12,41875;41,90567;0;1;Autovettura privata;In marcia / fermata / arresto;Fiat;Panda;Conducente;1992;F;Illeso;0;;;
3689364;18;17/02/2018 00:15:00;Strada Urbana;VIA GREGORIO XIII;in prossimità;;del civico n.;56;;Scontro laterale fra veicoli in marcia;Rettilineo;Una carreggiata a doppio senso;Asciutto;Asfaltata;Verticale ed orizzontale;Sereno;Scarso;Sufficiente;Sufficiente;0;0;0;7;12,41875;41,90567;0;1;Autovettura privata;In marcia / fermata / arresto;Fiat;Panda;Passeggero;1988;M;Illeso;0;;;
3689364;18;17/02/2018 00:15:00;Strada Urbana;VIA GREGORIO XIII;in prossimità;;del civico n.;56;;Scontro laterale fra veicoli in marcia;Rettilineo;Una carreggiata a doppio senso;Asciutto;Asfaltata;Verticale ed orizzontale;Sereno;Scarso;Sufficiente;Sufficiente;0;0;0;7;12,41875;41,90567;0;1;Autovettura privata;In marcia / fermata / arresto;Fiat;Panda;Passeggero;1994;M;Illeso;0;;;
3689364;18;17/02/2018 00:15:00;Strada Urbana;VIA GREGORIO XIII;in prossimità;;del civico n.;56;;Scontro laterale fra veicoli in marcia;Rettilineo;Una carreggiata a doppio senso;Asciutto;Asfaltata;Verticale ed orizzontale;Sereno;Scarso;Sufficiente;Sufficiente;0;0;0;7;12,41875;41,90567;0;1;Autovettura privata;In marcia / fermata / arresto;Fiat;Panda;Passeggero;1995;F;Illeso;0;;;