Protocollo;Gruppo;DataOraIncidente;Localizzazione1;STRADA1;Localizzazione2;STRADA2;Strada02;Chilometrica;DaSpecificare;NaturaIncidente;particolaritastrade;TipoStrada;FondoStradale;Pavimentazione;Segnaletica;CondizioneAtmosferica;Traffico;Visibilita;Illuminazione;NUM_FERITI;NUM_RISERVATA;NUM_MORTI;NUM_ILLESI;Longitudine;Latitudine;Confermato;Progressivo;TipoVeicolo;StatoVeicolo;Marca;Modello;TipoPersona;AnnoNascita;Sesso;Tipolesione;Deceduto;DecedutoDopo;CinturaCascoUtilizzato;Airbag;
3690065;19;18/02/2018 19:20:00;Strada Urbana;VIA TRIONFALE;in prossimità;;del civico n.;8445;;Tamponamento;Rettilineo;Due carreggiate;Asciutto;Asfaltata;Verticale ed orizzontale;Nuvoloso;Normale;Sufficiente;Sufficiente;0;0;0;4;;;0;1;Autovettura privata;In marcia / fermata / arresto;Daimler;Smart;Passeggero Istruttore;1965;M;Illeso;0;;;
3690065;19;18/02/2018 19:20:00;Strada Urbana;VIA TRIONFALE;in prossimità;;del civico n.;8445;;Tamponamento;Rettilineo;Due carreggiate;Asciutto;Asfaltata;Verticale ed orizzontale;Nuvoloso;Normale;Sufficiente;Sufficiente;0;0;0;4;;;0;2;Autovettura privata;In marcia / fermata / arresto;Fiat;Panda;Conducente;1975;M;Illeso;0;;;
3690065;19;18/02/2018 19:20:00;Strada Urbana;VIA TRIONFALE;in prossimità;;del civico n.;8445;;Tamponamento;Rettilineo;Due carreggiate;Asciutto;Asfaltata;Verticale ed orizzontale;Nuvoloso;Normale;Sufficiente;Sufficiente;0;0;0;4;;;0;2;Autovettura privata;In marcia / fermata / arresto;Fiat;Panda;Passeggero;1979;F;Illeso;0;;;
3690068;9;17/02/2018 16:20:00;;VIA AMEDEO CRIVELLUCCI;in prossimità;;del civico n.;18;;Veicolo in marcia contro ostacolo accidentale;;;;;;;;;;0;0;0;1;12,52607;41,86814;0;1;Autovettura privata;In marcia / fermata / arresto;Honda;Civic;Conducente;1988;M;Illeso;0;;;
3690072;20;18/02/2018 09:30:00;Provinciale;VIA BRACCIANENSE;in prossimità;;della chilometrica;7.4;;Scontro frontale fra veicoli in marcia;Curva senza visuale libera;Una carreggiata a doppio senso;Bagnato (pioggia);Asfaltata;Verticale ed orizzontale;Pioggia in atto;Scarso;Buona;Ore Diurne;3;0;0;0;;;0;1;Autovettura privata;In marcia / fermata / arresto;Toyota;AYGO';Conducente;1975;M;Rimandato;0;NON DECEDUTO;Non accertato;Esploso
3690072;20;18/02/2018 09:30:00;Provinciale;VIA BRACCIANENSE;in prossimità;;della chilometrica;7.4;;Scontro frontale fra veicoli in marcia;Curva senza visuale libera;Una carreggiata a doppio senso;Bagnato (pioggia);Asfaltata;Verticale ed orizzontale;Pioggia in atto;Scarso;Buona;Ore Diurne;3;0;0;0;;;0;1;Autovettura privata;In marcia / fermata / arresto;Toyota;AYGO';Passeggero;1956;M;Rimandato;0;NON DECEDUTO;Non accertato;
3690072;20;18/02/2018 09:30:00;Provinciale;VIA BRACCIANENSE;in prossimità;;della chilometrica;7.4;;Scontro frontale fra veicoli in marcia;Curva senza visuale libera;Una carreggiata a doppio senso;Bagnato (pioggia);Asfaltata;Verticale ed orizzontale;Pioggia in atto;Scarso;Buona;Ore Diurne;3;0;0;0;;;0;2;Autovettura privata;In marcia / fermata / arresto;Citroen;C 3;Conducente;1963;M;Ricoverato;0;NON DECEDUTO;;
3690080;13;18/02/2018 20:00:00;;VIA TAGASTE;in corrispondenza;;del civico n.;131;;Veicolo in marcia contro ostacolo accidentale;;;;;;;;;;0;0;0;3;;;0;1;Autovettura privata;In marcia / fermata / arresto;Ford;EcoSport;Conducente;1961;M;Illeso;0;;Non accertato;Inesploso
3690080;13;18/02/2018 20:00:00;;VIA TAGASTE;in corrispondenza;;del civico n.;131;;Veicolo in marcia contro ostacolo accidentale;;;;;;;;;;0;0;0;3;;;0;1;Autovettura privata;In marcia / fermata / arresto;Ford;EcoSport;Passeggero;1958;F;Illeso;0;;Non accertato;Inesploso
3690080;13;18/02/2018 20:00:00;;VIA TAGASTE;in corrispondenza;;del civico n.;131;;Veicolo in marcia contro ostacolo accidentale;;;;;;;;;;0;0;0;3;;;0;1;Autovettura privata;In marcia / fermata / arresto;Ford;EcoSport;Passeggero;1965;F;Illeso;0;;Non accertato;Inesploso
3690084;5;17/02/2018 11:00:00;;VIA MICHELE GORTANI;in prossimità;;del civico n.;25;;Veicolo in marcia contro veicoli in sosta;;;;;;;;;;1;0;0;0;12,5482;41,92183;0;1;Autovettura privata;In marcia / fermata / arresto;Nissan;Micra;Passeggero;0;F;Rimandato;0;NON DECEDUTO;;
3690085;6;18/02/2018 21:15:00;Strada Urbana;VIA PIETRO ROMANO;in corrispondenza;;del civico n.;44;;Scontro laterale fra veicoli in marcia;Rettilineo;Una carreggiata a doppio senso;Bagnato (umidità in atto);Asfaltata;Verticale ed orizzontale;Nuvoloso;Scarso;Buona;Sufficiente;0;0;0;2;;;0;1;Autovettura privata;In marcia / fermata / arresto;Ford;Fiesta;Conducente;1998;M;Illeso;0;;;
3690085;6;18/02/2018 21:15:00;Strada Urbana;VIA PIETRO ROMANO;in corrispondenza;;del civico n.;44;;Scontro laterale fra veicoli in marcia;Rettilineo;Una carreggiata a doppio senso;Bagnato (umidità in atto);Asfaltata;Verticale ed orizzontale;Nuvoloso;Scarso;Buona;Sufficiente;0;0;0;2;;;0;2;Autovettura privata;In marcia / fermata / arresto;Renault;KADJAR;Conducente;1968;M;Illeso;0;;;
3690089;6;18/02/2018 15:30:00;Strada Urbana;VIALE FILARETE;in corrispondenza;;del civico n.;265;;Infortunio per sola frenata improvvisa;Rettilineo;Una carreggiata a senso unico di marcia;Bagnato (pioggia);Asfaltata;Assente;Nuvoloso;Scarso;Buona;Ore Diurne;0;0;0;1;;;0;1;Motociclo a solo;In marcia / fermata / arresto;Honda;Silver Wing;Conducente;0;M;Illeso;0;;;
3690093;20;18/02/2018 15:45:00;Regionale entro l'abitato;VIA CASSIA;in corrispondenza;;del civico n.;1284;;Scontro laterale fra veicoli in marcia;Rettilineo;Una carreggiata a senso unico di marcia;Asciutto;Asfaltata;Verticale ed orizzontale;Nuvoloso;Normale;Buona;Ore Diurne;1;0;0;1;;;0;1;Autovettura privata;In marcia / fermata / arresto;Volkswagen;Polo;Conducente;1973;F;Illeso;0;;;
3690093;20;18/02/2018 15:45:00;Regionale entro l'abitato;VIA CASSIA;in corrispondenza;;del civico n.;1284;;Scontro laterale fra veicoli in marcia;Rettilineo;Una carreggiata a senso unico di marcia;Asciutto;Asfaltata;Verticale ed orizzontale;Nuvoloso;Normale;Buona;Ore Diurne;1;0;0;1;;;0;2;Autovettura privata;In marcia / fermata / arresto;Volkswagen;Polo;Conducente;1965;M;Rimandato;0;NON DECEDUTO;;
3690102;19;18/02/2018 16:30:00;Strada Urbana;VIA DI BOCCEA;in prossimità;;del civico n.;1500;;Veicolo in marcia contro ostacolo fisso;Curva a visuale libera;Una carreggiata a doppio senso;Bagnato (umidità in atto);Asfaltata;Orizzontale;Nuvoloso;Scarso;Sufficiente;Ore Diurne;0;0;0;1;12,31419;41,96315;0;1;Autovettura privata;In marcia / fermata / arresto;Nissan;Micra;Conducente;1962;F;Illeso;0;;Non accertato;Esploso
3690104;13;18/02/2018 13:30:00;Strada Urbana;VIA GUIDO CALZA;da specificare;;;;prossimità I curvone a sx;Veicolo in marcia contro ostacolo fisso;Curva a visuale libera;Una carreggiata a senso unico di marcia;Bagnato (pioggia);Asfaltata;Verticale ed orizzontale;Pioggia in atto;Normale;Buona;Ore Diurne;0;0;0;2;12,49637;41,90278;0;1;Autovettura privata;In marcia / fermata / arresto;Renault;Clio;Conducente;1975;M;Illeso;0;;;
3690104;13;18/02/2018 13:30:00;Strada Urbana;VIA GUIDO CALZA;da specificare;;;;prossimità I curvone a sx;Veicolo in marcia contro ostacolo fisso;Curva a visuale libera;Una carreggiata a senso unico di marcia;Bagnato (pioggia);Asfaltata;Verticale ed orizzontale;Pioggia in atto;Normale;Buona;Ore Diurne;0;0;0;2;12,49637;41,90278;0;1;Autovettura privata;In marcia / fermata / arresto;Renault;Clio;Passeggero;1962;F;Illeso;0;;;
3690110;6;18/02/2018 23:30:00;Strada Urbana;VIA PRENESTINA;all'intersezione semaforizzata con;VIALE GIOVANNI BATTISTA VALENTE;VIALE GIOVANNI BATTISTA VALENTE;;;Scontro laterale fra veicoli in marcia;Incrocio;Più di due carreggiate;Bagnato (umidità in atto);Asfaltata;Verticale ed orizzontale;Nuvoloso;Scarso;Buona;Sufficiente;0;0;0;3;12,56658;41,89514;0;1;Autovettura privata;In marcia / fermata / arresto;Smart ;-;Conducente;1992;M;Illeso;0;;;
3690110;6;18/02/2018 23:30:00;Strada Urbana;VIA PRENESTINA;all'intersezione semaforizzata con;VIALE GIOVANNI BATTISTA VALENTE;VIALE GIOVANNI BATTISTA VALENTE;;;Scontro laterale fra veicoli in marcia;Incrocio;Più di due carreggiate;Bagnato (umidità in atto);Asfaltata;Verticale ed orizzontale;Nuvoloso;Scarso;Buona;Sufficiente;0;0;0;3;12,56658;41,89514;0;1;Autovettura privata;In marcia / fermata / arresto;Smart ;-;Passeggero;1997;F;Illeso;0;;;
3690110;6;18/02/2018 23:30:00;Strada Urbana;VIA PRENESTINA;all'intersezione semaforizzata con;VIALE GIOVANNI BATTISTA VALENTE;VIALE GIOVANNI BATTISTA VALENTE;;;Scontro laterale fra veicoli in marcia;Incrocio;Più di due carreggiate;Bagnato (umidità in atto);Asfaltata;Verticale ed orizzontale;Nuvoloso;Scarso;Buona;Sufficiente;0;0;0;3;12,56658;41,89514;0;2;Autovettura privata;In marcia / fermata / arresto;Fiat;Punto;Conducente;1979;M;Illeso;0;;;
3690115;4;16/02/2018 12:00:00;;VIA NOMENTANA;in prossimità;;del civico n.;683;;Veicolo in marcia contro veicoli in sosta;;;;;;;;;;0;0;0;1;12,53902;41,93683;0;1;Autovettura privata;In marcia / fermata / arresto;Nissan;Micra;Conducente;1941;M;Illeso;0;;;
3690117;7;18/02/2018 20:25:00;;VIALE PALMIRO TOGLIATTI;all'intersezione semaforizzata con;VIA MOLFETTA;VIA MOLFETTA;;;Scontro frontale/laterale DX fra veicoli in marcia;;;;;;;;;;3;0;0;1;;;0;1;Autovettura privata;In marcia / fermata / arresto;Ford;Fiesta;Conducente;1998;M;Illeso;0;;;
3690117;7;18/02/2018 20:25:00;;VIALE PALMIRO TOGLIATTI;all'intersezione semaforizzata con;VIA MOLFETTA;VIA MOLFETTA;;;Scontro frontale/laterale DX fra veicoli in marcia;;;;;;;;;;3;0;0;1;;;0;1;Autovettura privata;In marcia / fermata / arresto;Ford;Fiesta;Passeggero;1999;F;Rimandato;0;NON DECEDUTO;;
3690117;7;18/02/2018 20:25:00;;VIALE PALMIRO TOGLIATTI;all'intersezione semaforizzata con;VIA MOLFETTA;VIA MOLFETTA;;;Scontro frontale/laterale DX fra veicoli in marcia;;;;;;;;;;3;0;0;1;;;0;2;Autovettura privata;In marcia / fermata / arresto;Opel;Meriva;Conducente;1959;M;Rimandato;0;NON DECEDUTO;;
3690117;7;18/02/2018 20:25:00;;VIALE PALMIRO TOGLIATTI;all'intersezione semaforizzata con;VIA MOLFETTA;VIA MOLFETTA;;;Scontro frontale/laterale DX fra veicoli in marcia;;;;;;;;;;3;0;0;1;;;0;2;Autovettura privata;In marcia / fermata / arresto;Opel;Meriva;Passeggero;0;F;Ricoverato;0;NON DECEDUTO;;
3690135;7;18/02/2018 09:45:00;;VIA UGENTO;all'intersezione con;VIA MANDURIA;VIA MANDURIA;;;Scontro laterale fra veicoli in marcia;;;;;;;;;;0;0;0;3;12,5779;41,89281;0;1;Autovettura privata;In marcia / fermata / arresto;Citroen;C 3;Conducente;1968;F;Illeso;0;;Non accertato;Inesploso
3690135;7;18/02/2018 09:45:00;;VIA UGENTO;all'intersezione con;VIA MANDURIA;VIA MANDURIA;;;Scontro laterale fra veicoli in marcia;;;;;;;;;;0;0;0;3;12,5779;41,89281;0;2;Autovettura privata;In marcia / fermata / arresto;Hyundai;i 20;Conducente;1985;M;Illeso;0;;Non accertato;Inesploso
3690135;7;18/02/2018 09:45:00;;VIA UGENTO;all'intersezione con;VIA MANDURIA;VIA MANDURIA;;;Scontro laterale fra veicoli in marcia;;;;;;;;;;0;0;0;3;12,5779;41,89281;0;2;Autovettura privata;In marcia / fermata / arresto;Hyundai;i 20;Passeggero;1989;F;Illeso;0;;Non accertato;Inesploso
3690136;1;18/02/2018 00:50:00;Strada Urbana;LUNGOTEVERE DEGLI ANGUILLARA;all'intersezione semaforizzata con;PONTE CESTIO;PONTE CESTIO;;;Veicolo in marcia contro ostacolo fisso;Intersezione semaforizzata;Una carreggiata a senso unico di marcia;Bagnato (pioggia);Asfaltata;Verticale ed orizzontale;Pioggia in atto;Normale;Buona;Sufficiente;0;0;0;1;;;0;1;Autovettura privata;In marcia / fermata / arresto;Volkswagen;Polo;Conducente;1993;M;Illeso;0;;Non accertato;
3690143;4;18/02/2018 04:30:00;;VIALE SOMALIA;in corrispondenza;;del civico n.;109;;Veicolo in marcia contro veicolo fermo;;;;;;;;;;0;0;0;1;12,51626;41,93592;0;1;Autovettura privata;In marcia / fermata / arresto;Volkswagen;Golf;Conducente;1989;M;Illeso;0;;;
3690147;5;18/02/2018 19:30:00;;VIA TIBURTINA;all'intersezione semaforizzata con;VIA DIEGO ANGELI;VIA DIEGO ANGELI;;;Tamponamento;;;;;;;;;;1;0;0;5;12,54926;41,91063;0;1;Autovettura privata;In marcia / fermata / arresto;Peugeot;207;Conducente;0;M;Illeso;0;;;
3690147;5;18/02/2018 19:30:00;;VIA TIBURTINA;all'intersezione semaforizzata con;VIA DIEGO ANGELI;VIA DIEGO ANGELI;;;Tamponamento;;;;;;;;;;1;0;0;5;12,54926;41,91063;0;1;Autovettura privata;In marcia / fermata / arresto;Peugeot;207;Passeggero;0;F;Illeso;0;;;
3690147;5;18/02/2018 19:30:00;;VIA TIBURTINA;all'intersezione semaforizzata con;VIA DIEGO ANGELI;VIA DIEGO ANGELI;;;Tamponamento;;;;;;;;;;1;0;0;5;12,54926;41,91063;0;1;Autovettura privata;In marcia / fermata / arresto;Peugeot;207;Passeggero;0;F;Rimandato;0;NON DECEDUTO;;
3690147;5;18/02/2018 19:30:00;;VIA TIBURTINA;all'intersezione semaforizzata con;VIA DIEGO ANGELI;VIA DIEGO ANGELI;;;Tamponamento;;;;;;;;;;1;0;0;5;12,54926;41,91063;0;2;Macchina operatrice;In marcia / fermata / arresto;DULEVO;5010 C;Conducente;0;M;Illeso;0;;;
3690149;8;17/02/2018 23:50:00;Strada Urbana;VIA BORGHESIANA;in corrispondenza;;del civico n.;353;;Scontro frontale/laterale SX fra veicoli in marcia;Curva senza visuale libera;Una carreggiata a doppio senso;Bagnato (pioggia);Asfaltata;Orizzontale;Pioggia in atto;Scarso;Sufficiente;Sufficiente;1;0;0;2;;;0;1;Autovettura privata;In marcia / fermata / arresto;Toyota;Aygo;Conducente;1976;M;Illeso;0;;Non accertato;Inesploso
3690149;8;17/02/2018 23:50:00;Strada Urbana;VIA BORGHESIANA;in corrispondenza;;del civico n.;353;;Scontro frontale/laterale SX fra veicoli in marcia;Curva senza visuale libera;Una carreggiata a doppio senso;Bagnato (pioggia);Asfaltata;Orizzontale;Pioggia in atto;Scarso;Sufficiente;Sufficiente;1;0;0;2;;;0;1;Autovettura privata;In marcia / fermata / arresto;Toyota;Aygo;Passeggero;1968;M;Illeso;0;;Non accertato;Inesploso
3690149;8;17/02/2018 23:50:00;Strada Urbana;VIA BORGHESIANA;in corrispondenza;;del civico n.;353;;Scontro frontale/laterale SX fra veicoli in marcia;Curva senza visuale libera;Una carreggiata a doppio senso;Bagnato (pioggia);Asfaltata;Orizzontale;Pioggia in atto;Scarso;Sufficiente;Sufficiente;1;0;0;2;;;0;2;Autovettura privata;In marcia / fermata / arresto;Mercedes;A 170;Conducente;1967;M;Rimandato;0;NON DECEDUTO;Non accertato;Inesploso
3690154;8;18/02/2018 01:09:00;;VIA CASILINA;da specificare;;;;prossimità VIA SILICELLA;Veicolo in marcia contro ostacolo fisso;;;;;;;;;;0;0;0;3;;;0;1;Autovettura privata;In marcia / fermata / arresto;Ford;Fiesta;Conducente;1997;M;Illeso;0;;;
3690154;8;18/02/2018 01:09:00;;VIA CASILINA;da specificare;;;;prossimità VIA SILICELLA;Veicolo in marcia contro ostacolo fisso;;;;;;;;;;0;0;0;3;;;0;1;Autovettura privata;In marcia / fermata / arresto;Ford;Fiesta;Passeggero;0;M;Illeso;0;;;
3690156;4;18/02/2018 04:20:00;;VIALE JONIO;da specificare;;;;Fr. civ. 299/297;Veicolo in marcia contro veicoli in sosta;;;;;;;;;;1;0;0;0;12,53617;41,94413;0;1;Autovettura privata;In marcia / fermata / arresto;Toyota;Rav 4;Conducente;1975;M;Rifiuta cure immediate;0;NON DECEDUTO;Non accertato;
3690159;1;17/02/2018 09:20:00;Strada Urbana;VIA TASSO;in prossimità;;del civico n.;2/a;;Veicolo in marcia contro ostacolo accidentale;Rettilineo;Una carreggiata a senso unico di marcia;Asciutto;Con buche;Verticale ed orizzontale;Nuvoloso;Scarso;Buona;Ore Diurne;0;0;0;1;12,50487;41,89182;-1;1;Autovettura privata;In marcia / fermata / arresto;Mercedes;A 200;Conducente;1993;M;Illeso;0;;Non accertato;Inesploso
3690160;8;18/02/2018 05:10:00;;VIA COLLATINA;da specificare;;;;100 m prima di via Cicali;Investimento di pedone;;;;;;;;;;1;0;0;1;;;0;;;;;;Pedone;1974;M;Rimandato;0;NON DECEDUTO;;
3690160;8;18/02/2018 05:10:00;;VIA COLLATINA;da specificare;;;;100 m prima di via Cicali;Investimento di pedone;;;;;;;;;;1;0;0;1;;;0;1;Autovettura privata;In marcia / fermata / arresto;Opel;Corsa;Conducente;1977;M;Illeso;0;;Non accertato;Inesploso
3690162;8;18/02/2018 07:40:00;Strada Urbana;VIA CASILINA;all'intersezione con;VIA DEGLI ORAFI;VIA DEGLI ORAFI;;;Veicolo in marcia contro ostacolo fisso;Rotatoria;Una carreggiata a doppio senso;Bagnato (pioggia);Asfaltata;Verticale ed orizzontale;Pioggia in atto;Scarso;Buona;Ore Diurne;0;0;0;2;;;0;1;Autovettura privata;In marcia / fermata / arresto;Audi;A 2;Conducente;1992;M;Illeso;0;;Non accertato;Inesploso
3690162;8;18/02/2018 07:40:00;Strada Urbana;VIA CASILINA;all'intersezione con;VIA DEGLI ORAFI;VIA DEGLI ORAFI;;;Veicolo in marcia contro ostacolo fisso;Rotatoria;Una carreggiata a doppio senso;Bagnato (pioggia);Asfaltata;Verticale ed orizzontale;Pioggia in atto;Scarso;Buona;Ore Diurne;0;0;0;2;;;0;1;Autovettura privata;In marcia / fermata / arresto;Audi;A 2;Passeggero;1990;M;Illeso;0;;Non accertato;Inesploso
3690166;8;18/02/2018 10:00:00;Strada Urbana;VIA COLLATINA;da specificare;;;;10 m prima cavalcavia F.S. dir. Roma;Tamponamento Multiplo;Rettilineo;Una carreggiata a doppio senso;Bagnato (pioggia);Asfaltata;Verticale ed orizzontale;Nuvoloso;Normale;Buona;Ore Diurne;0;0;0;3;;;0;1;Autovettura privata;In marcia / fermata / arresto;Dacia;Sandero;Conducente;1977;M;Illeso;0;;Non accertato;Inesploso
3690166;8;18/02/2018 10:00:00;Strada Urbana;VIA COLLATINA;da specificare;;;;10 m prima cavalcavia F.S. dir. Roma;Tamponamento Multiplo;Rettilineo;Una carreggiata a doppio senso;Bagnato (pioggia);Asfaltata;Verticale ed orizzontale;Nuvoloso;Normale;Buona;Ore Diurne;0;0;0;3;;;0;2;Autocarro inferiore 35 q.;In marcia / fermata / arresto;Fiat;Iveco 35 - 8;Conducente;1973;M;Illeso;0;;Non accertato;Inesploso
3690166;8;18/02/2018 10:00:00;Strada Urbana;VIA COLLATINA;da specificare;;;;10 m prima cavalcavia F.S. dir. Roma;Tamponamento Multiplo;Rettilineo;Una carreggiata a doppio senso;Bagnato (pioggia);Asfaltata;Verticale ed orizzontale;Nuvoloso;Normale;Buona;Ore Diurne;0;0;0;3;;;0;3;Autovettura privata;In marcia / fermata / arresto;Fiat;Bravo;Conducente;1981;M;Illeso;0;;Non accertato;Inesploso
3690171;5;18/02/2018 15:00:00;;VIA CASTROPIGNANO;in corrispondenza;;del civico n.;31a;;Tamponamento;;;;;;;;;;0;0;0;3;12,64501;41,93328;0;1;Autovettura privata;In marcia / fermata / arresto;Dacia;Sandero;Conducente;0;M;Illeso;0;;;
3690171;5;18/02/2018 15:00:00;;VIA CASTROPIGNANO;in corrispondenza;;del civico n.;31a;;Tamponamento;;;;;;;;;;0;0;0;3;12,64501;41,93328;0;1;Autovettura privata;In marcia / fermata / arresto;Dacia;Sandero;Passeggero;0;F;Illeso;0;;;
3690172;8;18/02/2018 12:00:00;;VIA VILLAROSA;in prossimità;;del civico n.;36;;Veicolo in marcia contro ostacolo fisso;;;;;;;;;;0;0;0;1;12,68933;41,86228;0;1;Autovettura privata;In marcia / fermata / arresto;Renault;Clio;Conducente;1978;M;Illeso;0;;Non accertato;Inesploso
3690174;8;18/02/2018 16:00:00;;VIA DI COLLE MATTIA;in prossimità;;del civico n.;95;;Scontro frontale fra veicoli in marcia;;;;;;;;;;0;0;0;6;;;0;1;Autovettura privata;In marcia / fermata / arresto;Fiat;Punto;Conducente;1971;;Illeso;0;;;
3690174;8;18/02/2018 16:00:00;;VIA DI COLLE MATTIA;in prossimità;;del civico n.;95;;Scontro frontale fra veicoli in marcia;;;;;;;;;;0;0;0;6;;;0;1;Autovettura privata;In marcia / fermata / arresto;Fiat;Punto;Passeggero;0;M;Illeso;0;;;
3690174;8;18/02/2018 16:00:00;;VIA DI COLLE MATTIA;in prossimità;;del civico n.;95;;Scontro frontale fra veicoli in marcia;;;;;;;;;;0;0;0;6;;;0;2;Ciclomotore;In marcia / fermata / arresto;Aprilia;-;Conducente;1974;M;Illeso;0;;;
3690176;8;18/02/2018 19:00:00;;VIA SELLIA;all'intersezione con;VIA DI ROCCA CENCIA;VIA DI ROCCA CENCIA;;;Scontro laterale fra veicoli in marcia;;;;;;;;;;0;0;0;1;;;0;1;Autovettura privata;In marcia / fermata / arresto;Ford;Fusion;Conducente;1976;F;Illeso;0;;;
3690187;1;18/02/2018 07:10:00;Strada Urbana;VIA CERNAIA;all'intersezione con;VIA PASTRENGO;VIA PASTRENGO;;;Scontro laterale fra veicoli in marcia;Intersezione stradale segnalata;Una carreggiata a senso unico di marcia;Bagnato (pioggia);Asfaltata;Verticale ed orizzontale;Pioggia in atto;Scarso;Buona;Ore Diurne;0;0;0;2;;;0;1;Autovettura pubblica;In marcia / fermata / arresto;Mercedes;E 220 CDI;Conducente;1969;M;Illeso;0;;Non accertato;Inesploso
3690187;1;18/02/2018 07:10:00;Strada Urbana;VIA CERNAIA;all'intersezione con;VIA PASTRENGO;VIA PASTRENGO;;;Scontro laterale fra veicoli in marcia;Intersezione stradale segnalata;Una carreggiata a senso unico di marcia;Bagnato (pioggia);Asfaltata;Verticale ed orizzontale;Pioggia in atto;Scarso;Buona;Ore Diurne;0;0;0;2;;;0;2;Autovettura privata;In marcia / fermata / arresto;Renault;Captur;Conducente;1960;M;Illeso;0;;Non accertato;Inesploso
3690190;5;18/02/2018 12:00:00;;VIA CASAL TIDEI;in prossimità;;del civico n.;29;;Scontro frontale/laterale SX fra veicoli in marcia;;;;;;;;;;0;0;0;4;12,57742;41,94212;0;1;Autovettura privata;In marcia / fermata / arresto;Renault;Twingo;Conducente;0;F;Illeso;0;;;
3690190;5;18/02/2018 12:00:00;;VIA CASAL TIDEI;in prossimità;;del civico n.;29;;Scontro frontale/laterale SX fra veicoli in marcia;;;;;;;;;;0;0;0;4;12,57742;41,94212;0;1;Autovettura privata;In marcia / fermata / arresto;Renault;Twingo;Passeggero;0;M;Illeso;0;;;
3690190;5;18/02/2018 12:00:00;;VIA CASAL TIDEI;in prossimità;;del civico n.;29;;Scontro frontale/laterale SX fra veicoli in marcia;;;;;;;;;;0;0;0;4;12,57742;41,94212;0;2;Autovettura privata;In marcia / fermata / arresto;Audi;R8;Conducente;0;M;Illeso;0;;;
3690203;23;18/02/2018 18:10:00;Comunale extraurbana;VIA CRISTOFORO COLOMBO;all'intersezione semaforizzata con;VIA DI MALAFEDE;VIA DI MALAFEDE;;;Scontro frontale/laterale DX fra veicoli in marcia;Intersezione semaforizzata;Più di due carreggiate;Bagnato (umidità in atto);Asfaltata;Verticale ed orizzontale;Nuvoloso;Normale;Sufficiente;Ore Diurne;1;0;0;2;12,39691;41,7756;-1;1;Autovettura privata;In marcia / fermata / arresto;Lancia;Y;Conducente;1987;M;Rimandato;0;NON DECEDUTO;Non accertato;Esploso
3690203;23;18/02/2018 18:10:00;Comunale extraurbana;VIA CRISTOFORO COLOMBO;all'intersezione semaforizzata con;VIA DI MALAFEDE;VIA DI MALAFEDE;;;Scontro frontale/laterale DX fra veicoli in marcia;Intersezione semaforizzata;Più di due carreggiate;Bagnato (umidità in atto);Asfaltata;Verticale ed orizzontale;Nuvoloso;Normale;Sufficiente;Ore Diurne;1;0;0;2;12,39691;41,7756;-1;2;Autovettura privata;In marcia / fermata / arresto;Mercedes;C220;Conducente;1938;M;Illeso;0;;Non accertato;Inesploso
3690203;23;18/02/2018 18:10:00;Comunale extraurbana;VIA CRISTOFORO COLOMBO;all'intersezione semaforizzata con;VIA DI MALAFEDE;VIA DI MALAFEDE;;;Scontro frontale/laterale DX fra veicoli in marcia;Intersezione semaforizzata;Più di due carreggiate;Bagnato (umidità in atto);Asfaltata;Verticale ed orizzontale;Nuvoloso;Normale;Sufficiente;Ore Diurne;1;0;0;2;12,39691;41,7756;-1;2;Autovettura privata;In marcia / fermata / arresto;Mercedes;C220;Passeggero;1938;F;Illeso;0;;Non accertato;Inesploso
3690212;4;17/02/2018 07:00:00;;VIA CONCA D'ORO;in corrispondenza;;del civico n.;287;;Veicolo in marcia contro veicolo fermo;;;;;;;;;;0;0;0;2;;;0;1;Autocarro inferiore 35 q.;In marcia / fermata / arresto;Fiat;Scudo;Conducente;1974;M;Illeso;0;;;
3690212;4;17/02/2018 07:00:00;;VIA CONCA D'ORO;in corrispondenza;;del civico n.;287;;Veicolo in marcia contro veicolo fermo;;;;;;;;;;0;0;0;2;;;0;2;Autovettura privata;In marcia / fermata / arresto;Peugeot;208;Conducente;1986;M;Illeso;0;;;
3690246;1;19/02/2018 02:30:00;Strada Urbana;LUNGOTEVERE DEI FIORENTINI;all'intersezione semaforizzata con;PIAZZA PASQUALE PAOLI;PIAZZA PASQUALE PAOLI;;;Scontro frontale/laterale SX fra veicoli in marcia;Intersezione semaforizzata;Una carreggiata a senso unico di marcia;Asciutto;Asfaltata;;;;;;2;0;0;1;;;0;1;Autovettura privata;In marcia / fermata / arresto;Ferrari;(ignoto);Conducente;1979;M;Illeso;0;;Non accertato;Inesploso
3690246;1;19/02/2018 02:30:00;Strada Urbana;LUNGOTEVERE DEI FIORENTINI;all'intersezione semaforizzata con;PIAZZA PASQUALE PAOLI;PIAZZA PASQUALE PAOLI;;;Scontro frontale/laterale SX fra veicoli in marcia;Intersezione semaforizzata;Una carreggiata a senso unico di marcia;Asciutto;Asfaltata;;;;;;2;0;0;1;;;0;2;Autovettura privata;In marcia / fermata / arresto;Fiat;Punto;Conducente;1996;M;Rimandato;0;NON DECEDUTO;;