Protocollo;Gruppo;DataOraIncidente;Localizzazione1;STRADA1;Localizzazione2;STRADA2;Strada02;Chilometrica;DaSpecificare;NaturaIncidente;particolaritastrade;TipoStrada;FondoStradale;Pavimentazione;Segnaletica;CondizioneAtmosferica;Traffico;Visibilita;Illuminazione;NUM_FERITI;NUM_RISERVATA;NUM_MORTI;NUM_ILLESI;Longitudine;Latitudine;Confermato;Progressivo;TipoVeicolo;StatoVeicolo;Marca;Modello;TipoPersona;AnnoNascita;Sesso;Tipolesione;Deceduto;DecedutoDopo;CinturaCascoUtilizzato;Airbag;
3690529;1;19/02/2018 07:45:00;Strada Urbana;VIALE MARCO POLO;in corrispondenza;;del civico n.;106;;Veicolo in marcia contro ostacolo fisso;Rettilineo;Due carreggiate;Asciutto;Asfaltata;Verticale ed orizzontale;Nuvoloso;Normale;Buona;Ore Diurne;0;0;0;1;;;0;1;Quadriciclo leggero;In marcia / fermata / arresto;Microcar;M.GO;Conducente;2000;M;Illeso;0;;;
3690544;18;19/02/2018 09:50:00;Strada Urbana;VIA DI BOCCEA;in prossimità;;del civico n.;201;;Scontro laterale fra veicoli in marcia;Rettilineo;Una carreggiata a doppio senso;Asciutto;Asfaltata;Verticale ed orizzontale;Sereno;Normale;Buona;Ore Diurne;0;0;0;2;12,42205;41,90295;0;1;Autovettura privata;In marcia / fermata / arresto;Ford;Focus;Conducente;1969;M;Illeso;0;;;
3690544;18;19/02/2018 09:50:00;Strada Urbana;VIA DI BOCCEA;in prossimità;;del civico n.;201;;Scontro laterale fra veicoli in marcia;Rettilineo;Una carreggiata a doppio senso;Asciutto;Asfaltata;Verticale ed orizzontale;Sereno;Normale;Buona;Ore Diurne;0;0;0;2;12,42205;41,90295;0;2;Autobus di linea;In marcia / fermata / arresto;Breda;Menarinibus;Conducente;1964;M;Illeso;0;;;
3690546;1;14/02/2018;;PIAZZALE NUMA POMPILIO;all'intersezione con;VIALE DELLE TERME DI CARACALLA;VIALE DELLE TERME DI CARACALLA;;;Scontro laterale fra veicoli in marcia;;;;;;;;;;0;0;0;1;;;0;1;Motociclo a solo;In marcia / fermata / arresto;Piaggio;Liberty 125;Conducente;1988;M;Illeso;0;;;
3690549;12;17/02/2018 15:40:00;Strada Urbana;VIA CRISTOFORO COLOMBO;da specificare;;;;rampa uscita GRA dir. Ostia (pros. Park Hotel Cost;Veicolo in marcia contro ostacolo accidentale;Rettilineo;Più di due carreggiate;Asciutto;Asfaltata;Verticale ed orizzontale;Nuvoloso;Scarso;Buona;Ore Diurne;0;0;0;1;;;0;1;Autovettura privata;In marcia / fermata / arresto;Mercedes;B200;Conducente;1978;M;Illeso;0;;Utilizzato;Inesploso
3690576;18;19/02/2018 08:20:00;Strada Urbana;VIA DEL CASALE DI S. PIO V;in prossimità;;del civico n.;1;;Scontro frontale/laterale SX fra veicoli in marcia;Rettilineo;Una carreggiata a doppio senso;Bagnato (umidità in atto);Asfaltata;Verticale ed orizzontale;Nuvoloso;Normale;Buona;Ore Diurne;1;0;0;1;12,43416;41,8908;0;1;Motociclo a solo;In marcia / fermata / arresto;Honda;SH 150;Conducente;1967;F;Rifiuta cure immediate;0;NON DECEDUTO;;
3690576;18;19/02/2018 08:20:00;Strada Urbana;VIA DEL CASALE DI S. PIO V;in prossimità;;del civico n.;1;;Scontro frontale/laterale SX fra veicoli in marcia;Rettilineo;Una carreggiata a doppio senso;Bagnato (umidità in atto);Asfaltata;Verticale ed orizzontale;Nuvoloso;Normale;Buona;Ore Diurne;1;0;0;1;12,43416;41,8908;0;2;Autovettura privata;In marcia / fermata / arresto;Fiat;Punto;Conducente;1992;F;Illeso;0;;;
3690577;16;17/02/2018 20:45:00;;VIA DELLA MAGLIANA NUOVA;da specificare;;;;in corrispondenza fronte civico 266;Tamponamento;;;;;;;;;;0;0;0;3;;;0;1;Autovettura privata;In marcia / fermata / arresto;BMW;320 D;Conducente;0;M;Illeso;0;;;
3690577;16;17/02/2018 20:45:00;;VIA DELLA MAGLIANA NUOVA;da specificare;;;;in corrispondenza fronte civico 266;Tamponamento;;;;;;;;;;0;0;0;3;;;0;1;Autovettura privata;In marcia / fermata / arresto;BMW;320 D;Passeggero;0;M;Illeso;0;;;
3690612;12;17/02/2018 21:00:00;Provinciale entro l'abitato;VIA DELLA FALCOGNANA;all'intersezione con;VIA PADULI;VIA PADULI;;;Scontro laterale fra veicoli in marcia;Incrocio;Una carreggiata a doppio senso;Asciutto;Asfaltata;Verticale ed orizzontale;Sereno;Scarso;Buona;Insufficiente;1;0;0;2;12,58238;41,771;0;1;Autovettura privata;In marcia / fermata / arresto;Peugeot;307;Conducente;1951;M;Illeso;0;;;
3690612;12;17/02/2018 21:00:00;Provinciale entro l'abitato;VIA DELLA FALCOGNANA;all'intersezione con;VIA PADULI;VIA PADULI;;;Scontro laterale fra veicoli in marcia;Incrocio;Una carreggiata a doppio senso;Asciutto;Asfaltata;Verticale ed orizzontale;Sereno;Scarso;Buona;Insufficiente;1;0;0;2;12,58238;41,771;0;1;Autovettura privata;In marcia / fermata / arresto;Peugeot;307;Passeggero;1963;F;Illeso;0;;;
3690612;12;17/02/2018 21:00:00;Provinciale entro l'abitato;VIA DELLA FALCOGNANA;all'intersezione con;VIA PADULI;VIA PADULI;;;Scontro laterale fra veicoli in marcia;Incrocio;Una carreggiata a doppio senso;Asciutto;Asfaltata;Verticale ed orizzontale;Sereno;Scarso;Buona;Insufficiente;1;0;0;2;12,58238;41,771;0;2;Autovettura privata;In marcia / fermata / arresto;Ford;KA;Conducente;1996;F;Rimandato;0;NON DECEDUTO;Utilizzato;Inesploso
3690620;10;19/02/2018 10:15:00;Statale;VIA APPIA NUOVA;in prossimità;;della chilometrica;15;;Tamponamento;Rettilineo;Due carreggiate;Asciutto;Asfaltata;Verticale ed orizzontale;Sereno;Normale;Buona;Ore Diurne;0;0;0;3;12,58841;41,79632;-1;1;Autovettura privata;In marcia / fermata / arresto;Fiat;500;Conducente;1980;M;Illeso;0;;Non accertato;Inesploso
3690620;10;19/02/2018 10:15:00;Statale;VIA APPIA NUOVA;in prossimità;;della chilometrica;15;;Tamponamento;Rettilineo;Due carreggiate;Asciutto;Asfaltata;Verticale ed orizzontale;Sereno;Normale;Buona;Ore Diurne;0;0;0;3;12,58841;41,79632;-1;2;Autoarticolato;In marcia / fermata / arresto; Mercedes ;Actros;Conducente;1988;M;Illeso;0;;Non accertato;Inesploso
3690620;10;19/02/2018 10:15:00;Statale;VIA APPIA NUOVA;in prossimità;;della chilometrica;15;;Tamponamento;Rettilineo;Due carreggiate;Asciutto;Asfaltata;Verticale ed orizzontale;Sereno;Normale;Buona;Ore Diurne;0;0;0;3;12,58841;41,79632;-1;2;Autoarticolato;In marcia / fermata / arresto; Mercedes ;Actros;Passeggero;1990;M;Illeso;0;;Non accertato;Inesploso
3690627;12;18/02/2018 00:30:00;Strada Urbana;VIALE DELLA GRANDE MURAGLIA;all'intersezione con;VIA DEL PIANETA GIOVE;VIA DEL PIANETA GIOVE;;;Scontro frontale/laterale DX fra veicoli in marcia;Incrocio;Due carreggiate;Bagnato (pioggia);Asfaltata;Verticale ed orizzontale;Pioggia in atto;Scarso;Sufficiente;Sufficiente;0;0;0;6;;;0;1;Autovettura privata;In marcia / fermata / arresto;Opel;(ignoto);Conducente;1967;M;Illeso;0;;;
3690627;12;18/02/2018 00:30:00;Strada Urbana;VIALE DELLA GRANDE MURAGLIA;all'intersezione con;VIA DEL PIANETA GIOVE;VIA DEL PIANETA GIOVE;;;Scontro frontale/laterale DX fra veicoli in marcia;Incrocio;Due carreggiate;Bagnato (pioggia);Asfaltata;Verticale ed orizzontale;Pioggia in atto;Scarso;Sufficiente;Sufficiente;0;0;0;6;;;0;1;Autovettura privata;In marcia / fermata / arresto;Opel;(ignoto);Passeggero;1966;F;Illeso;0;;;
3690627;12;18/02/2018 00:30:00;Strada Urbana;VIALE DELLA GRANDE MURAGLIA;all'intersezione con;VIA DEL PIANETA GIOVE;VIA DEL PIANETA GIOVE;;;Scontro frontale/laterale DX fra veicoli in marcia;Incrocio;Due carreggiate;Bagnato (pioggia);Asfaltata;Verticale ed orizzontale;Pioggia in atto;Scarso;Sufficiente;Sufficiente;0;0;0;6;;;0;2;Autovettura privata;In marcia / fermata / arresto;Nissan;Micra;Conducente;1998;M;Illeso;0;;;
3690627;12;18/02/2018 00:30:00;Strada Urbana;VIALE DELLA GRANDE MURAGLIA;all'intersezione con;VIA DEL PIANETA GIOVE;VIA DEL PIANETA GIOVE;;;Scontro frontale/laterale DX fra veicoli in marcia;Incrocio;Due carreggiate;Bagnato (pioggia);Asfaltata;Verticale ed orizzontale;Pioggia in atto;Scarso;Sufficiente;Sufficiente;0;0;0;6;;;0;2;Autovettura privata;In marcia / fermata / arresto;Nissan;Micra;Passeggero;1998;M;Illeso;0;;;
3690627;12;18/02/2018 00:30:00;Strada Urbana;VIALE DELLA GRANDE MURAGLIA;all'intersezione con;VIA DEL PIANETA GIOVE;VIA DEL PIANETA GIOVE;;;Scontro frontale/laterale DX fra veicoli in marcia;Incrocio;Due carreggiate;Bagnato (pioggia);Asfaltata;Verticale ed orizzontale;Pioggia in atto;Scarso;Sufficiente;Sufficiente;0;0;0;6;;;0;2;Autovettura privata;In marcia / fermata / arresto;Nissan;Micra;Passeggero;1999;M;Illeso;0;;;
3690634;16;18/02/2018 02:30:00;;VIA CARDINAL PACCA;all'intersezione con;VIA DEL CASALE DI S. PIO V;VIA DEL CASALE DI S. PIO V;;;Scontro frontale/laterale SX fra veicoli in marcia;;;;;;;;;;1;0;0;2;;;0;1;Autovettura privata;In marcia / fermata / arresto;Renault;Captur;Conducente;0;M;Illeso;0;;;
3690634;16;18/02/2018 02:30:00;;VIA CARDINAL PACCA;all'intersezione con;VIA DEL CASALE DI S. PIO V;VIA DEL CASALE DI S. PIO V;;;Scontro frontale/laterale SX fra veicoli in marcia;;;;;;;;;;1;0;0;2;;;0;2;Autovettura privata;In marcia / fermata / arresto;Fiat-Lancia;Y;Conducente;0;M;Rimandato;0;NON DECEDUTO;;
3690634;16;18/02/2018 02:30:00;;VIA CARDINAL PACCA;all'intersezione con;VIA DEL CASALE DI S. PIO V;VIA DEL CASALE DI S. PIO V;;;Scontro frontale/laterale SX fra veicoli in marcia;;;;;;;;;;1;0;0;2;;;0;2;Autovettura privata;In marcia / fermata / arresto;Fiat-Lancia;Y;Passeggero;0;M;Illeso;0;;;
3690648;12;18/02/2018 19:45:00;Strada Urbana;VIA DELLE TRE FONTANE;in prossimità;;del palo luce n.;39;;Scontro frontale/laterale DX fra veicoli in marcia;Rettilineo;Una carreggiata a doppio senso;Asciutto;Asfaltata;Verticale ed orizzontale;Nuvoloso;Scarso;Buona;Sufficiente;1;0;0;1;;;0;1;Autovettura privata;In marcia / fermata / arresto;Lancia;Ypsilon;Conducente;1966;F;Illeso;0;;;
3690648;12;18/02/2018 19:45:00;Strada Urbana;VIA DELLE TRE FONTANE;in prossimità;;del palo luce n.;39;;Scontro frontale/laterale DX fra veicoli in marcia;Rettilineo;Una carreggiata a doppio senso;Asciutto;Asfaltata;Verticale ed orizzontale;Nuvoloso;Scarso;Buona;Sufficiente;1;0;0;1;;;0;1;Autovettura privata;In marcia / fermata / arresto;Lancia;Ypsilon;Passeggero;1963;M;Rimandato;0;NON DECEDUTO;;
3690692;16;18/02/2018 10:00:00;;VIA DEL PESCACCIO;da specificare;;;;IN PROSSIMITA' RAMPA G.R.A.;Scontro frontale/laterale SX fra veicoli in marcia;;;;;;;;;;0;0;0;4;;;0;1;Autovettura privata;In marcia / fermata / arresto;Alfa Romeo;166;Conducente;0;M;Illeso;0;;;
3690692;16;18/02/2018 10:00:00;;VIA DEL PESCACCIO;da specificare;;;;IN PROSSIMITA' RAMPA G.R.A.;Scontro frontale/laterale SX fra veicoli in marcia;;;;;;;;;;0;0;0;4;;;0;1;Autovettura privata;In marcia / fermata / arresto;Alfa Romeo;166;Passeggero;0;M;Illeso;0;;;
3690692;16;18/02/2018 10:00:00;;VIA DEL PESCACCIO;da specificare;;;;IN PROSSIMITA' RAMPA G.R.A.;Scontro frontale/laterale SX fra veicoli in marcia;;;;;;;;;;0;0;0;4;;;0;2;Autovettura privata;In marcia / fermata / arresto;Fiat-Lancia;Y;Conducente;0;M;Illeso;0;;;
3690692;16;18/02/2018 10:00:00;;VIA DEL PESCACCIO;da specificare;;;;IN PROSSIMITA' RAMPA G.R.A.;Scontro frontale/laterale SX fra veicoli in marcia;;;;;;;;;;0;0;0;4;;;0;2;Autovettura privata;In marcia / fermata / arresto;Fiat-Lancia;Y;Passeggero;0;M;Illeso;0;;;
3690742;20;19/02/2018 12:20:00;Strada Urbana;VIA FRANCESCO MENGOTTI;in corrispondenza;;del civico n.;45;;Tamponamento;Rettilineo;Una carreggiata a senso unico di marcia;Asciutto;Asfaltata;Assente;Nuvoloso;Intenso;Buona;Ore Diurne;1;0;0;1;;;0;1;Autovettura privata;In marcia / fermata / arresto;Daimler Chrysler;Smart Fortwo Coupe';Conducente;1946;M;Illeso;0;;Non accertato;Inesploso
3690742;20;19/02/2018 12:20:00;Strada Urbana;VIA FRANCESCO MENGOTTI;in corrispondenza;;del civico n.;45;;Tamponamento;Rettilineo;Una carreggiata a senso unico di marcia;Asciutto;Asfaltata;Assente;Nuvoloso;Intenso;Buona;Ore Diurne;1;0;0;1;;;0;2;Motociclo a solo;In marcia / fermata / arresto;Ducati;Monster 600;Conducente;1996;M;Rimandato;0;NON DECEDUTO;;
3690757;16;18/02/2018 11:45:00;;PIAZZA S. GIOVANNI DI DIO;all'intersezione semaforizzata con;CIRCONVALLAZIONE GIANICOLENSE;CIRCONVALLAZIONE GIANICOLENSE;;;Scontro laterale fra veicoli in marcia;;;;;;;;;;0;0;0;2;;;0;1;Autovettura privata;In marcia / fermata / arresto;Chevrolet;spark;Conducente;0;M;Illeso;0;;;
3690757;16;18/02/2018 11:45:00;;PIAZZA S. GIOVANNI DI DIO;all'intersezione semaforizzata con;CIRCONVALLAZIONE GIANICOLENSE;CIRCONVALLAZIONE GIANICOLENSE;;;Scontro laterale fra veicoli in marcia;;;;;;;;;;0;0;0;2;;;0;2;Autovettura privata;In marcia / fermata / arresto;Peugeot;107;Conducente;0;M;Illeso;0;;;
3690764;16;19/02/2018 02:45:00;;PIAZZA DELLA RADIO;in prossimità;;del civico n.;46/A;;Scontro frontale/laterale SX fra veicoli in marcia;;;;;;;;;;1;0;0;3;12,46662;41,87058;0;1;Autovettura privata;In marcia / fermata / arresto;Fiat;Punto;Conducente;0;M;Illeso;0;;;
3690764;16;19/02/2018 02:45:00;;PIAZZA DELLA RADIO;in prossimità;;del civico n.;46/A;;Scontro frontale/laterale SX fra veicoli in marcia;;;;;;;;;;1;0;0;3;12,46662;41,87058;0;1;Autovettura privata;In marcia / fermata / arresto;Fiat;Punto;Passeggero;0;M;Illeso;0;;;
3690764;16;19/02/2018 02:45:00;;PIAZZA DELLA RADIO;in prossimità;;del civico n.;46/A;;Scontro frontale/laterale SX fra veicoli in marcia;;;;;;;;;;1;0;0;3;12,46662;41,87058;0;2;Motociclo a solo;In marcia / fermata / arresto;Honda;SH 150;Conducente;0;M;Rimandato;0;NON DECEDUTO;;
3690771;13;19/02/2018 10:15:00;;VIA ISOLE DEL CAPO VERDE;in prossimità;;del civico n.;165;;Scontro frontale/laterale DX fra veicoli in marcia;;;;;;;;;;0;0;0;2;12,27401;41,73777;0;1;Motociclo a solo;In marcia / fermata / arresto;Yamaha;X - MAX;Conducente;1974;M;Illeso;0;;Non accertato;
3690771;13;19/02/2018 10:15:00;;VIA ISOLE DEL CAPO VERDE;in prossimità;;del civico n.;165;;Scontro frontale/laterale DX fra veicoli in marcia;;;;;;;;;;0;0;0;2;12,27401;41,73777;0;2;Autocarro inferiore 35 q.;In marcia / fermata / arresto;Fiat;Ducato;Conducente;1969;M;Illeso;0;;Non accertato;Inesploso
3690782;17;18/02/2018 13:00:00;;VIA DELLA TRASPONTINA;in prossimità;;del civico n.;13;;Veicolo in marcia contro veicolo fermo;;;;;;;;;;0;0;0;4;12,46288;41,90283;0;1;Autovettura pubblica;In marcia / fermata / arresto;Dacia;Sandero;Conducente;1960;M;Illeso;0;;Non accertato;Inesploso
3690782;17;18/02/2018 13:00:00;;VIA DELLA TRASPONTINA;in prossimità;;del civico n.;13;;Veicolo in marcia contro veicolo fermo;;;;;;;;;;0;0;0;4;12,46288;41,90283;0;1;Autovettura pubblica;In marcia / fermata / arresto;Dacia;Sandero;Passeggero;1942;F;Illeso;0;;Non accertato;Inesploso
3690782;17;18/02/2018 13:00:00;;VIA DELLA TRASPONTINA;in prossimità;;del civico n.;13;;Veicolo in marcia contro veicolo fermo;;;;;;;;;;0;0;0;4;12,46288;41,90283;0;2;Autovettura privata;In marcia / fermata / arresto;Fiat;500 L;Conducente;1938;M;Illeso;0;;Non accertato;Inesploso
3690782;17;18/02/2018 13:00:00;;VIA DELLA TRASPONTINA;in prossimità;;del civico n.;13;;Veicolo in marcia contro veicolo fermo;;;;;;;;;;0;0;0;4;12,46288;41,90283;0;2;Autovettura privata;In marcia / fermata / arresto;Fiat;500 L;Passeggero;1941;F;Illeso;0;;Non accertato;Inesploso
3690803;17;19/02/2018 02:00:00;Strada Urbana;VIALE VATICANO;in prossimità;;del civico n.;86;;Veicolo in marcia contro ostacolo fisso;Rettilineo;Una carreggiata a doppio senso;Asciutto;Asfaltata;Verticale ed orizzontale;Nuvoloso;Normale;Buona;Sufficiente;1;0;0;0;12,45059;41,90664;0;1;Autovettura privata;In marcia / fermata / arresto;Fiat;500;Conducente;1995;F;Rimandato;0;NON DECEDUTO;Non accertato;Esploso
3690819;13;19/02/2018 12:25:00;;VIA DEI PESCATORI;in prossimità;;del civico n.;330;;Veicolo in marcia contro ostacolo fisso;;;;;;;;;;0;0;0;2;12,31426;41,73457;0;1;Autovettura privata;In marcia / fermata / arresto;Smart ;ForFour;Conducente;1997;F;Illeso;0;;Non accertato;Inesploso
3690819;13;19/02/2018 12:25:00;;VIA DEI PESCATORI;in prossimità;;del civico n.;330;;Veicolo in marcia contro ostacolo fisso;;;;;;;;;;0;0;0;2;12,31426;41,73457;0;1;Autovettura privata;In marcia / fermata / arresto;Smart ;ForFour;Passeggero;2000;M;Illeso;0;;Non accertato;Inesploso
3690820;17;17/02/2018 15:45:00;Strada Urbana;LUNGOTEVERE MARESCIALLO CADORNA;da specificare;;;;all'altezza   Via Morra di Lavriano;Tamponamento;Rettilineo;Una carreggiata a doppio senso;Asciutto;Asfaltata;Verticale ed orizzontale;Sereno;Normale;Buona;Ore Diurne;0;0;0;2;12,45816;41,92793;0;1;Autovettura privata;In marcia / fermata / arresto;Opel;Antara;Conducente;1960;M;Illeso;0;;;
3690820;17;17/02/2018 15:45:00;Strada Urbana;LUNGOTEVERE MARESCIALLO CADORNA;da specificare;;;;all'altezza   Via Morra di Lavriano;Tamponamento;Rettilineo;Una carreggiata a doppio senso;Asciutto;Asfaltata;Verticale ed orizzontale;Sereno;Normale;Buona;Ore Diurne;0;0;0;2;12,45816;41,92793;0;2;Autovettura privata;In marcia / fermata / arresto;Nissan;Micra;Conducente;1991;M;Illeso;0;;;
3690822;12;19/02/2018 12:40:00;Strada Urbana;VIALE DELL'OCEANO PACIFICO;all'intersezione con;VIA THAILANDIA;VIA THAILANDIA;;;Scontro frontale/laterale DX fra veicoli in marcia;Incrocio;Una carreggiata a doppio senso;Asciutto;Asfaltata;Verticale ed orizzontale;Nuvoloso;Scarso;Buona;Ore Diurne;2;0;0;1;12,4592;41,82197;0;1;Autovettura privata;In marcia / fermata / arresto;Lancia;Ypsilon;Conducente;1938;F;Illeso;0;;Utilizzato;Esploso
3690822;12;19/02/2018 12:40:00;Strada Urbana;VIALE DELL'OCEANO PACIFICO;all'intersezione con;VIA THAILANDIA;VIA THAILANDIA;;;Scontro frontale/laterale DX fra veicoli in marcia;Incrocio;Una carreggiata a doppio senso;Asciutto;Asfaltata;Verticale ed orizzontale;Nuvoloso;Scarso;Buona;Ore Diurne;2;0;0;1;12,4592;41,82197;0;2;Autovettura privata;In marcia / fermata / arresto;Ford;Kuga;Conducente;1991;M;Rimandato;0;NON DECEDUTO;Utilizzato;Esploso
3690822;12;19/02/2018 12:40:00;Strada Urbana;VIALE DELL'OCEANO PACIFICO;all'intersezione con;VIA THAILANDIA;VIA THAILANDIA;;;Scontro frontale/laterale DX fra veicoli in marcia;Incrocio;Una carreggiata a doppio senso;Asciutto;Asfaltata;Verticale ed orizzontale;Nuvoloso;Scarso;Buona;Ore Diurne;2;0;0;1;12,4592;41,82197;0;2;Autovettura privata;In marcia / fermata / arresto;Ford;Kuga;Passeggero;0;M;Rimandato;0;NON DECEDUTO;;
3690876;5;19/02/2018 14:15:00;Strada Urbana;VIA DI PIETRALATA;all'intersezione con;VIA DEI DURANTINI;VIA DEI DURANTINI;;;Scontro frontale/laterale DX fra veicoli in marcia;Intersezione stradale segnalata;Una carreggiata a doppio senso;Bagnato (pioggia);Asfaltata;Verticale;Pioggia in atto;Normale;Buona;Ore Diurne;1;0;0;1;12,54694;41,92091;0;1;Autovettura privata;In marcia / fermata / arresto;Opel;Astra;Conducente;0;M;Illeso;0;;;
3690876;5;19/02/2018 14:15:00;Strada Urbana;VIA DI PIETRALATA;all'intersezione con;VIA DEI DURANTINI;VIA DEI DURANTINI;;;Scontro frontale/laterale DX fra veicoli in marcia;Intersezione stradale segnalata;Una carreggiata a doppio senso;Bagnato (pioggia);Asfaltata;Verticale;Pioggia in atto;Normale;Buona;Ore Diurne;1;0;0;1;12,54694;41,92091;0;2;Motociclo a solo;In marcia / fermata / arresto;Honda;sh300;Conducente;0;M;Ricoverato;0;NON DECEDUTO;;
3690888;17;18/02/2018 13:40:00;;VIA ANTONIO CANTORE;in prossimità;;del civico n.;4;;Scontro laterale fra veicoli in marcia;;;;;;;;;;1;0;0;1;12,46482;41,9183;0;1;Autovettura privata;In marcia / fermata / arresto;Audi;A6;Conducente;1947;M;Illeso;0;;Non accertato;Inesploso
3690888;17;18/02/2018 13:40:00;;VIA ANTONIO CANTORE;in prossimità;;del civico n.;4;;Scontro laterale fra veicoli in marcia;;;;;;;;;;1;0;0;1;12,46482;41,9183;0;2;Autovettura privata;In marcia / fermata / arresto;Volkswagen;UP;Conducente;1980;F;Rimandato;0;NON DECEDUTO;Non accertato;Inesploso
3690890;12;19/02/2018 14:20:00;Strada Urbana;VIA ROBERTO FERRUZZI;in prossimità;;del civico n.;110;;Scontro frontale/laterale DX fra veicoli in marcia;Rettilineo;Una carreggiata a doppio senso;Bagnato (umidità in atto);Strada pavimentata dissestata;Verticale ed orizzontale;Pioggia in atto;Normale;Buona;Ore Diurne;0;0;0;3;12,50899;41,82485;-1;1;Autovettura privata;In marcia / fermata / arresto;Citroen;C 3;Conducente;1946;M;Illeso;0;;Utilizzato;Inesploso
3690890;12;19/02/2018 14:20:00;Strada Urbana;VIA ROBERTO FERRUZZI;in prossimità;;del civico n.;110;;Scontro frontale/laterale DX fra veicoli in marcia;Rettilineo;Una carreggiata a doppio senso;Bagnato (umidità in atto);Strada pavimentata dissestata;Verticale ed orizzontale;Pioggia in atto;Normale;Buona;Ore Diurne;0;0;0;3;12,50899;41,82485;-1;2;Autovettura privata;In marcia / fermata / arresto;Nissan;Juke;Conducente;1974;F;Illeso;0;;Non accertato;Inesploso
3690890;12;19/02/2018 14:20:00;Strada Urbana;VIA ROBERTO FERRUZZI;in prossimità;;del civico n.;110;;Scontro frontale/laterale DX fra veicoli in marcia;Rettilineo;Una carreggiata a doppio senso;Bagnato (umidità in atto);Strada pavimentata dissestata;Verticale ed orizzontale;Pioggia in atto;Normale;Buona;Ore Diurne;0;0;0;3;12,50899;41,82485;-1;2;Autovettura privata;In marcia / fermata / arresto;Nissan;Juke;Passeggero;2004;F;Illeso;0;;Utilizzato;Inesploso
3690928;17;18/02/2018 05:25:00;Strada Urbana;VIA RUGGERO DI LAURIA;all'intersezione con;VIA FRANCESCO CARACCIOLO;VIA FRANCESCO CARACCIOLO;;;Scontro frontale/laterale SX fra veicoli in marcia;Intersezione stradale segnalata;Una carreggiata a senso unico di marcia;Bagnato (pioggia);Asfaltata;Verticale ed orizzontale;Pioggia in atto;Scarso;Sufficiente;Sufficiente;2;0;0;2;12,45046;41,90838;0;1;Autovettura privata;In marcia / fermata / arresto;Nissan;Micra;Conducente;1983;M;Rimandato;0;NON DECEDUTO;Non accertato;Inesistente
3690928;17;18/02/2018 05:25:00;Strada Urbana;VIA RUGGERO DI LAURIA;all'intersezione con;VIA FRANCESCO CARACCIOLO;VIA FRANCESCO CARACCIOLO;;;Scontro frontale/laterale SX fra veicoli in marcia;Intersezione stradale segnalata;Una carreggiata a senso unico di marcia;Bagnato (pioggia);Asfaltata;Verticale ed orizzontale;Pioggia in atto;Scarso;Sufficiente;Sufficiente;2;0;0;2;12,45046;41,90838;0;1;Autovettura privata;In marcia / fermata / arresto;Nissan;Micra;Passeggero;1981;M;Illeso;0;;Non accertato;Inesistente
3690928;17;18/02/2018 05:25:00;Strada Urbana;VIA RUGGERO DI LAURIA;all'intersezione con;VIA FRANCESCO CARACCIOLO;VIA FRANCESCO CARACCIOLO;;;Scontro frontale/laterale SX fra veicoli in marcia;Intersezione stradale segnalata;Una carreggiata a senso unico di marcia;Bagnato (pioggia);Asfaltata;Verticale ed orizzontale;Pioggia in atto;Scarso;Sufficiente;Sufficiente;2;0;0;2;12,45046;41,90838;0;1;Autovettura privata;In marcia / fermata / arresto;Nissan;Micra;Passeggero;1990;M;Rimandato;0;NON DECEDUTO;Non accertato;Inesistente
3690928;17;18/02/2018 05:25:00;Strada Urbana;VIA RUGGERO DI LAURIA;all'intersezione con;VIA FRANCESCO CARACCIOLO;VIA FRANCESCO CARACCIOLO;;;Scontro frontale/laterale SX fra veicoli in marcia;Intersezione stradale segnalata;Una carreggiata a senso unico di marcia;Bagnato (pioggia);Asfaltata;Verticale ed orizzontale;Pioggia in atto;Scarso;Sufficiente;Sufficiente;2;0;0;2;12,45046;41,90838;0;2;Autovettura privata;In marcia / fermata / arresto;Fiat;Punto;Conducente;1992;M;Illeso;0;;Non accertato;Inesploso
3690940;20;19/02/2018 15:15:00;Strada Urbana;LARGO QUISTELLO;all'intersezione con;PIAZZA ARCISATE;PIAZZA ARCISATE;;;Scontro frontale/laterale DX fra veicoli in marcia;Incrocio;Una carreggiata a doppio senso;Bagnato (pioggia);Asfaltata;Verticale ed orizzontale;Nuvoloso;Scarso;Buona;Ore Diurne;0;0;0;4;12,48479;41,99614;-1;1;Autocarro inferiore 35 q.;In marcia / fermata / arresto;Citroen;C3;Conducente;1967;M;Illeso;0;;Non accertato;Inesploso
3690940;20;19/02/2018 15:15:00;Strada Urbana;LARGO QUISTELLO;all'intersezione con;PIAZZA ARCISATE;PIAZZA ARCISATE;;;Scontro frontale/laterale DX fra veicoli in marcia;Incrocio;Una carreggiata a doppio senso;Bagnato (pioggia);Asfaltata;Verticale ed orizzontale;Nuvoloso;Scarso;Buona;Ore Diurne;0;0;0;4;12,48479;41,99614;-1;1;Autocarro inferiore 35 q.;In marcia / fermata / arresto;Citroen;C3;Passeggero;1991;M;Illeso;0;;Non accertato;Inesploso