Protocollo;Gruppo;DataOraIncidente;Localizzazione1;STRADA1;Localizzazione2;STRADA2;Strada02;Chilometrica;DaSpecificare;NaturaIncidente;particolaritastrade;TipoStrada;FondoStradale;Pavimentazione;Segnaletica;CondizioneAtmosferica;Traffico;Visibilita;Illuminazione;NUM_FERITI;NUM_RISERVATA;NUM_MORTI;NUM_ILLESI;Longitudine;Latitudine;Confermato;Progressivo;TipoVeicolo;StatoVeicolo;Marca;Modello;TipoPersona;AnnoNascita;Sesso;Tipolesione;Deceduto;DecedutoDopo;CinturaCascoUtilizzato;Airbag;
3690940;20;19/02/2018 15:15:00;Strada Urbana;LARGO QUISTELLO;all'intersezione con;PIAZZA ARCISATE;PIAZZA ARCISATE;;;Scontro frontale/laterale DX fra veicoli in marcia;Incrocio;Una carreggiata a doppio senso;Bagnato (pioggia);Asfaltata;Verticale ed orizzontale;Nuvoloso;Scarso;Buona;Ore Diurne;0;0;0;4;12,48479;41,99614;-1;2;Autovettura privata;In marcia / fermata / arresto;Opel;Meriva;Conducente;1989;M;Illeso;0;;Non accertato;Inesploso
3690940;20;19/02/2018 15:15:00;Strada Urbana;LARGO QUISTELLO;all'intersezione con;PIAZZA ARCISATE;PIAZZA ARCISATE;;;Scontro frontale/laterale DX fra veicoli in marcia;Incrocio;Una carreggiata a doppio senso;Bagnato (pioggia);Asfaltata;Verticale ed orizzontale;Nuvoloso;Scarso;Buona;Ore Diurne;0;0;0;4;12,48479;41,99614;-1;2;Autovettura privata;In marcia / fermata / arresto;Opel;Meriva;Passeggero;1977;M;Illeso;0;;Non accertato;Inesploso
3690975;12;19/02/2018 10:50:00;Strada Urbana;VIA ELIO CHIANESI;all'intersezione con;PIAZZA DOMENICO QUARANTA;PIAZZA DOMENICO QUARANTA;;;Scontro frontale/laterale DX fra veicoli in marcia;Incrocio;Una carreggiata a doppio senso;Asciutto;Asfaltata;Verticale ed orizzontale;Nuvoloso;Normale;Buona;Ore Diurne;0;0;0;6;;;0;1;Autovettura di polizia;In marcia / fermata / arresto;Fiat;Bravo;Conducente;1989;M;Illeso;0;;Non accertato;Inesploso
3690975;12;19/02/2018 10:50:00;Strada Urbana;VIA ELIO CHIANESI;all'intersezione con;PIAZZA DOMENICO QUARANTA;PIAZZA DOMENICO QUARANTA;;;Scontro frontale/laterale DX fra veicoli in marcia;Incrocio;Una carreggiata a doppio senso;Asciutto;Asfaltata;Verticale ed orizzontale;Nuvoloso;Normale;Buona;Ore Diurne;0;0;0;6;;;0;1;Autovettura di polizia;In marcia / fermata / arresto;Fiat;Bravo;Passeggero;1982;M;Illeso;0;;Non accertato;Inesploso
3690975;12;19/02/2018 10:50:00;Strada Urbana;VIA ELIO CHIANESI;all'intersezione con;PIAZZA DOMENICO QUARANTA;PIAZZA DOMENICO QUARANTA;;;Scontro frontale/laterale DX fra veicoli in marcia;Incrocio;Una carreggiata a doppio senso;Asciutto;Asfaltata;Verticale ed orizzontale;Nuvoloso;Normale;Buona;Ore Diurne;0;0;0;6;;;0;2;Autovettura privata;In marcia / fermata / arresto;Citroen;C 4;Conducente;1944;F;Illeso;0;;Non accertato;Esploso
3690975;12;19/02/2018 10:50:00;Strada Urbana;VIA ELIO CHIANESI;all'intersezione con;PIAZZA DOMENICO QUARANTA;PIAZZA DOMENICO QUARANTA;;;Scontro frontale/laterale DX fra veicoli in marcia;Incrocio;Una carreggiata a doppio senso;Asciutto;Asfaltata;Verticale ed orizzontale;Nuvoloso;Normale;Buona;Ore Diurne;0;0;0;6;;;0;2;Autovettura privata;In marcia / fermata / arresto;Citroen;C 4;Passeggero;1945;F;Illeso;0;;Utilizzato;Esploso
3690975;12;19/02/2018 10:50:00;Strada Urbana;VIA ELIO CHIANESI;all'intersezione con;PIAZZA DOMENICO QUARANTA;PIAZZA DOMENICO QUARANTA;;;Scontro frontale/laterale DX fra veicoli in marcia;Incrocio;Una carreggiata a doppio senso;Asciutto;Asfaltata;Verticale ed orizzontale;Nuvoloso;Normale;Buona;Ore Diurne;0;0;0;6;;;0;2;Autovettura privata;In marcia / fermata / arresto;Citroen;C 4;Passeggero;2006;M;Illeso;0;;Non accertato;Inesploso
3690975;12;19/02/2018 10:50:00;Strada Urbana;VIA ELIO CHIANESI;all'intersezione con;PIAZZA DOMENICO QUARANTA;PIAZZA DOMENICO QUARANTA;;;Scontro frontale/laterale DX fra veicoli in marcia;Incrocio;Una carreggiata a doppio senso;Asciutto;Asfaltata;Verticale ed orizzontale;Nuvoloso;Normale;Buona;Ore Diurne;0;0;0;6;;;0;3;Autovettura privata;In marcia / fermata / arresto;Fiat;Panda;Conducente;1937;M;Illeso;0;;Non accertato;Inesploso
3691117;9;19/02/2018 15:00:00;Strada Urbana;VIA EVANDRO;all'intersezione con;PIAZZA DI S. MARIA AUSILIATRICE;PIAZZA DI S. MARIA AUSILIATRICE;;;Scontro frontale/laterale SX fra veicoli in marcia;Incrocio;Una carreggiata a senso unico di marcia;Bagnato (pioggia);Asfaltata;Verticale ed orizzontale;Nuvoloso;Normale;Buona;Ore Diurne;0;0;0;1;;;0;1;Autovettura privata;In marcia / fermata / arresto;Volkswagen;Polo;Conducente;1995;M;Illeso;0;;Utilizzato;Inesploso
3691127;12;12/02/2018 11:40:00;Strada Urbana;VIALE TOLSTOJ;da specificare;;;;prossimità viale Asia;Veicolo in marcia contro veicolo in sosta;Rettilineo;Una carreggiata a doppio senso;Bagnato (pioggia);Asfaltata;Verticale ed orizzontale;Nuvoloso;Scarso;Buona;Ore Diurne;0;0;0;1;12,46878;41,833;-1;2;Motociclo a solo;In marcia / fermata / arresto;Honda;Africa Twin;Conducente;1977;M;Illeso;0;;Non accertato;
3691206;20;19/02/2018 17:30:00;Strada Urbana;VIA FLAMINIA NUOVA;in corrispondenza;;del civico n.;251;;Investimento di pedone;Rettilineo;Una carreggiata a doppio senso;Asciutto;Asfaltata;Verticale ed orizzontale;Nuvoloso;Normale;Buona;Ore Diurne;2;0;0;1;;;0;;;;;;Pedone;1934;M;Ricoverato;0;NON DECEDUTO;;
3691206;20;19/02/2018 17:30:00;Strada Urbana;VIA FLAMINIA NUOVA;in corrispondenza;;del civico n.;251;;Investimento di pedone;Rettilineo;Una carreggiata a doppio senso;Asciutto;Asfaltata;Verticale ed orizzontale;Nuvoloso;Normale;Buona;Ore Diurne;2;0;0;1;;;0;1;Autovettura privata;In marcia / fermata / arresto;Suzuki;SX 4;Conducente;1962;M;Illeso;0;;Non accertato;Inesploso
3691206;20;19/02/2018 17:30:00;Strada Urbana;VIA FLAMINIA NUOVA;in corrispondenza;;del civico n.;251;;Investimento di pedone;Rettilineo;Una carreggiata a doppio senso;Asciutto;Asfaltata;Verticale ed orizzontale;Nuvoloso;Normale;Buona;Ore Diurne;2;0;0;1;;;0;2;Motociclo a solo;In marcia / fermata / arresto;Honda;SH 150;Conducente;1976;M;Rimandato;0;NON DECEDUTO;Non accertato;
3691222;16;19/02/2018 08:30:00;;VIA AURELIA ANTICA;in prossimità;;del civico n.;389;;Infortunio per sola frenata improvvisa;;;;;;;;;;1;0;0;1;;;0;1;Autovettura privata;In marcia / fermata / arresto;Mercedes;S350;Conducente;0;M;Illeso;0;;;
3691222;16;19/02/2018 08:30:00;;VIA AURELIA ANTICA;in prossimità;;del civico n.;389;;Infortunio per sola frenata improvvisa;;;;;;;;;;1;0;0;1;;;0;2;Motociclo a solo;In marcia / fermata / arresto;Honda;XCITY;Conducente;0;M;Ricoverato;0;NON DECEDUTO;;
3691237;6;19/02/2018 17:00:00;Strada Urbana;VIALE DELLA PRIMAVERA;da specificare;;;;alt. Via Fontechiari (Eurospin);Scontro laterale fra veicoli in marcia;Rettilineo;Due carreggiate;Bagnato (pioggia);Asfaltata;Verticale ed orizzontale;Nuvoloso;Normale;Buona;Ore Diurne;0;0;0;2;12,5581;41,87664;0;1;Autovettura privata;In marcia / fermata / arresto;Fiat;Panda;Conducente;1973;M;Illeso;0;;;
3691237;6;19/02/2018 17:00:00;Strada Urbana;VIALE DELLA PRIMAVERA;da specificare;;;;alt. Via Fontechiari (Eurospin);Scontro laterale fra veicoli in marcia;Rettilineo;Due carreggiate;Bagnato (pioggia);Asfaltata;Verticale ed orizzontale;Nuvoloso;Normale;Buona;Ore Diurne;0;0;0;2;12,5581;41,87664;0;2;Autovettura privata;In marcia / fermata / arresto;Dacia;Logan;Conducente;1958;M;Illeso;0;;;
3691239;16;19/02/2018 09:20:00;;VIA MICHELE CARCANI;all'intersezione con;VIA DEGLI ORTI DI TRASTEVERE;VIA DEGLI ORTI DI TRASTEVERE;;;Investimento di pedone;;;;;;;;;;0;0;0;2;;;0;;;;;;Pedone;0;F;Illeso;0;;;
3691239;16;19/02/2018 09:20:00;;VIA MICHELE CARCANI;all'intersezione con;VIA DEGLI ORTI DI TRASTEVERE;VIA DEGLI ORTI DI TRASTEVERE;;;Investimento di pedone;;;;;;;;;;0;0;0;2;;;0;1;Autovettura privata;In marcia / fermata / arresto;Honda;Jazz;Conducente;0;M;Illeso;0;;;
3691246;16;19/02/2018 11:40:00;;PIAZZA MADONNA DELLA SALETTE;in corrispondenza;;del civico n.;F.C. 7;;Veicolo in marcia contro veicolo fermo;;;;;;;;;;0;0;0;2;;;0;1;Autovettura privata;In marcia / fermata / arresto;Ford;Fiesta;Conducente;0;F;Illeso;0;;;
3691246;16;19/02/2018 11:40:00;;PIAZZA MADONNA DELLA SALETTE;in corrispondenza;;del civico n.;F.C. 7;;Veicolo in marcia contro veicolo fermo;;;;;;;;;;0;0;0;2;;;0;2;Autocarro inferiore 35 q.;In marcia / fermata / arresto;Citroen;Jumpy;Conducente;0;M;Illeso;0;;;
3691536;1;19/02/2018 16:55:00;Strada Urbana;VIA DELLE TERME DI DIOCLEZIANO;in prossimità;;del civico n.;FC 30;;Scontro laterale fra veicoli in marcia;Rettilineo;Una carreggiata a senso unico di marcia;Bagnato (umidità in atto);In cubetti di porfido;Verticale ed orizzontale;Nuvoloso;Normale;Buona;Ore Diurne;0;0;0;3;;;0;1;Autovettura di polizia;In marcia / fermata / arresto;Peugeot;208;Conducente;1968;M;Illeso;0;;;
3691536;1;19/02/2018 16:55:00;Strada Urbana;VIA DELLE TERME DI DIOCLEZIANO;in prossimità;;del civico n.;FC 30;;Scontro laterale fra veicoli in marcia;Rettilineo;Una carreggiata a senso unico di marcia;Bagnato (umidità in atto);In cubetti di porfido;Verticale ed orizzontale;Nuvoloso;Normale;Buona;Ore Diurne;0;0;0;3;;;0;1;Autovettura di polizia;In marcia / fermata / arresto;Peugeot;208;Passeggero;1977;M;Illeso;0;;;
3691536;1;19/02/2018 16:55:00;Strada Urbana;VIA DELLE TERME DI DIOCLEZIANO;in prossimità;;del civico n.;FC 30;;Scontro laterale fra veicoli in marcia;Rettilineo;Una carreggiata a senso unico di marcia;Bagnato (umidità in atto);In cubetti di porfido;Verticale ed orizzontale;Nuvoloso;Normale;Buona;Ore Diurne;0;0;0;3;;;0;2;Autovettura privata;In marcia / fermata / arresto;Mercedes;Smart Fortwo Coupè;Conducente;1950;M;Illeso;0;;;
3691543;9;19/02/2018 07:30:00;;VIALE CASTRENSE;da specificare;;;;fr.direzione centro;Tamponamento Multiplo;;;;;;;;;;0;0;0;3;;;0;1;Autocarro inferiore 35 q.;In marcia / fermata / arresto;Piaggio;Porter;Conducente;1970;M;Illeso;0;;;
3691543;9;19/02/2018 07:30:00;;VIALE CASTRENSE;da specificare;;;;fr.direzione centro;Tamponamento Multiplo;;;;;;;;;;0;0;0;3;;;0;2;Autovettura privata;In marcia / fermata / arresto;Opel;KARL;Conducente;1987;M;Illeso;0;;;
3691543;9;19/02/2018 07:30:00;;VIALE CASTRENSE;da specificare;;;;fr.direzione centro;Tamponamento Multiplo;;;;;;;;;;0;0;0;3;;;0;3;Autovettura privata;In marcia / fermata / arresto;Volkswagen;Passat;Conducente;1984;;Illeso;0;;;
3691548;9;19/02/2018 07:55:00;;PIAZZA DI PONTE LUNGO;da specificare;;;;FR. CIV.8;Scontro laterale fra veicoli in marcia;;;;;;;;;;0;0;0;2;;;0;1;Autocarro inferiore 35 q.;In marcia / fermata / arresto;Renault;Midlum;Conducente;1981;M;Illeso;0;;;
3691548;9;19/02/2018 07:55:00;;PIAZZA DI PONTE LUNGO;da specificare;;;;FR. CIV.8;Scontro laterale fra veicoli in marcia;;;;;;;;;;0;0;0;2;;;0;2;Autovettura privata;In marcia / fermata / arresto;Ford;Focus;Conducente;1986;F;Illeso;0;;;
3691549;8;19/02/2018 14:45:00;Strada Urbana;VIA DI LUNGHEZZINA;in corrispondenza;;del palo luce n.;323;;Fuoriuscita dalla sede stradale;Rettilineo;Una carreggiata a doppio senso;Bagnato (pioggia);Asfaltata;Verticale ed orizzontale;Nuvoloso;Scarso;Buona;Ore Diurne;0;0;0;1;12,67819;41,92641;-1;1;Autovettura privata;In marcia / fermata / arresto;Renault;Clio;Conducente;1980;M;Illeso;0;;Non accertato;Inesploso
3691550;8;19/02/2018 12:15:00;Strada Urbana;VIA AMICO ASPERTINI;all'intersezione con;VIA DOMENICO PARASACCHI;VIA DOMENICO PARASACCHI;;;Tamponamento;Incrocio;Una carreggiata a doppio senso;Asciutto;Asfaltata;Verticale ed orizzontale;Nuvoloso;Normale;Buona;Ore Diurne;0;0;0;3;12,62994;41,87279;-1;1;Autovettura privata;In marcia / fermata / arresto;Alfa Lancia;Y;Conducente;1972;M;Illeso;0;;Non accertato;Inesploso
3691550;8;19/02/2018 12:15:00;Strada Urbana;VIA AMICO ASPERTINI;all'intersezione con;VIA DOMENICO PARASACCHI;VIA DOMENICO PARASACCHI;;;Tamponamento;Incrocio;Una carreggiata a doppio senso;Asciutto;Asfaltata;Verticale ed orizzontale;Nuvoloso;Normale;Buona;Ore Diurne;0;0;0;3;12,62994;41,87279;-1;2;Autovettura privata;In marcia / fermata / arresto;Fiat;Panda;Conducente;1953;F;Illeso;0;;Non accertato;Inesploso
3691550;8;19/02/2018 12:15:00;Strada Urbana;VIA AMICO ASPERTINI;all'intersezione con;VIA DOMENICO PARASACCHI;VIA DOMENICO PARASACCHI;;;Tamponamento;Incrocio;Una carreggiata a doppio senso;Asciutto;Asfaltata;Verticale ed orizzontale;Nuvoloso;Normale;Buona;Ore Diurne;0;0;0;3;12,62994;41,87279;-1;2;Autovettura privata;In marcia / fermata / arresto;Fiat;Panda;Passeggero;1941;M;Illeso;0;;Non accertato;Inesploso
3691552;8;19/02/2018 16:22:00;;VIA DI LUNGHEZZINA;da specificare;;;;50 m dopo palo Telecom n. 777;Scontro frontale fra veicoli in marcia;;;;;;;;;;4;0;0;1;;;0;1;Autovettura privata;In marcia / fermata / arresto;Ford;Fiesta;Conducente;1951;M;Rimandato;0;NON DECEDUTO;Non accertato;Esploso
3691552;8;19/02/2018 16:22:00;;VIA DI LUNGHEZZINA;da specificare;;;;50 m dopo palo Telecom n. 777;Scontro frontale fra veicoli in marcia;;;;;;;;;;4;0;0;1;;;0;1;Autovettura privata;In marcia / fermata / arresto;Ford;Fiesta;Passeggero;1956;F;Rimandato;0;NON DECEDUTO;Non accertato;Esploso
3691552;8;19/02/2018 16:22:00;;VIA DI LUNGHEZZINA;da specificare;;;;50 m dopo palo Telecom n. 777;Scontro frontale fra veicoli in marcia;;;;;;;;;;4;0;0;1;;;0;2;Autovettura privata;In marcia / fermata / arresto;Renault;Modus;Conducente;1981;F;Illeso;0;;Non accertato;Esploso
3691552;8;19/02/2018 16:22:00;;VIA DI LUNGHEZZINA;da specificare;;;;50 m dopo palo Telecom n. 777;Scontro frontale fra veicoli in marcia;;;;;;;;;;4;0;0;1;;;0;2;Autovettura privata;In marcia / fermata / arresto;Renault;Modus;Passeggero;1944;F;Rimandato;0;NON DECEDUTO;Non accertato;Esploso
3691552;8;19/02/2018 16:22:00;;VIA DI LUNGHEZZINA;da specificare;;;;50 m dopo palo Telecom n. 777;Scontro frontale fra veicoli in marcia;;;;;;;;;;4;0;0;1;;;0;2;Autovettura privata;In marcia / fermata / arresto;Renault;Modus;Passeggero;2010;M;Rimandato;0;NON DECEDUTO;Non accertato;Inesploso
3691554;8;19/02/2018 11:30:00;Statale;VIA CASILINA;in prossimità;;del civico n.;1625;;Scontro frontale/laterale DX fra veicoli in marcia;Rettilineo;Due carreggiate;Asciutto;Asfaltata;Assente;Nuvoloso;Scarso;Buona;Ore Diurne;0;0;0;3;12,64153;41,86298;-1;1;Autovettura privata;In marcia / fermata / arresto;smart for two;(non accertato);Conducente;1995;M;Illeso;0;;Non accertato;Inesploso
3691554;8;19/02/2018 11:30:00;Statale;VIA CASILINA;in prossimità;;del civico n.;1625;;Scontro frontale/laterale DX fra veicoli in marcia;Rettilineo;Due carreggiate;Asciutto;Asfaltata;Assente;Nuvoloso;Scarso;Buona;Ore Diurne;0;0;0;3;12,64153;41,86298;-1;1;Autovettura privata;In marcia / fermata / arresto;smart for two;(non accertato);Passeggero;1995;F;Illeso;0;;Non accertato;Inesploso
3691554;8;19/02/2018 11:30:00;Statale;VIA CASILINA;in prossimità;;del civico n.;1625;;Scontro frontale/laterale DX fra veicoli in marcia;Rettilineo;Due carreggiate;Asciutto;Asfaltata;Assente;Nuvoloso;Scarso;Buona;Ore Diurne;0;0;0;3;12,64153;41,86298;-1;2;Autovettura privata;In marcia / fermata / arresto;Lancia;Y;Conducente;1991;M;Illeso;0;;Non accertato;Inesploso
3691555;8;19/02/2018 09:30:00;Strada Urbana;VIA ANGELO BIANCHI;all'intersezione con;VIA ORESTE CATELLA;VIA ORESTE CATELLA;;;Scontro frontale/laterale DX fra veicoli in marcia;Incrocio;Una carreggiata a doppio senso;Asciutto;Asfaltata;Verticale ed orizzontale;Nuvoloso;Normale;Buona;Ore Diurne;1;0;0;2;12,6188;41,85947;0;1;Autovettura privata;In marcia / fermata / arresto;Ford;Focus SW;Conducente;1938;M;Rifiuta cure immediate;0;NON DECEDUTO;Non accertato;Inesploso
3691555;8;19/02/2018 09:30:00;Strada Urbana;VIA ANGELO BIANCHI;all'intersezione con;VIA ORESTE CATELLA;VIA ORESTE CATELLA;;;Scontro frontale/laterale DX fra veicoli in marcia;Incrocio;Una carreggiata a doppio senso;Asciutto;Asfaltata;Verticale ed orizzontale;Nuvoloso;Normale;Buona;Ore Diurne;1;0;0;2;12,6188;41,85947;0;2;Autovettura privata;In marcia / fermata / arresto;Opel;Corsa;Conducente;1986;M;Illeso;0;;Non accertato;Inesploso
3691555;8;19/02/2018 09:30:00;Strada Urbana;VIA ANGELO BIANCHI;all'intersezione con;VIA ORESTE CATELLA;VIA ORESTE CATELLA;;;Scontro frontale/laterale DX fra veicoli in marcia;Incrocio;Una carreggiata a doppio senso;Asciutto;Asfaltata;Verticale ed orizzontale;Nuvoloso;Normale;Buona;Ore Diurne;1;0;0;2;12,6188;41,85947;0;2;Autovettura privata;In marcia / fermata / arresto;Opel;Corsa;Passeggero;1965;F;Illeso;0;;Non accertato;Inesploso
3691557;8;20/02/2018 00:15:00;;VIALE GIULIO AGRICOLA;all'intersezione con;VIA MARCO VALERIO CORVO;VIA MARCO VALERIO CORVO;;;Scontro frontale fra veicoli in marcia;;;;;;;;;;2;0;0;1;;;0;1;Autovettura privata;In marcia / fermata / arresto;Volkswagen;Polo;Conducente;0;M;Illeso;0;;;
3691557;8;20/02/2018 00:15:00;;VIALE GIULIO AGRICOLA;all'intersezione con;VIA MARCO VALERIO CORVO;VIA MARCO VALERIO CORVO;;;Scontro frontale fra veicoli in marcia;;;;;;;;;;2;0;0;1;;;0;1;Autovettura privata;In marcia / fermata / arresto;Volkswagen;Polo;Passeggero;0;M;Rimandato;0;NON DECEDUTO;;
3691557;8;20/02/2018 00:15:00;;VIALE GIULIO AGRICOLA;all'intersezione con;VIA MARCO VALERIO CORVO;VIA MARCO VALERIO CORVO;;;Scontro frontale fra veicoli in marcia;;;;;;;;;;2;0;0;1;;;0;2;Autovettura privata;In marcia / fermata / arresto;Ford;Mondeo;Conducente;1957;M;Rimandato;0;NON DECEDUTO;Non accertato;Esploso
3691558;9;19/02/2018 10:30:00;;PIAZZA S. DOMENICO SAVIO;in prossimità;;del civico n.;25;;Veicolo in marcia contro veicolo fermo;;;;;;;;;;0;0;0;1;;;0;1;Autovettura privata;In marcia / fermata / arresto;Alfa Lancia;Y;Conducente;1962;M;Illeso;0;;;
3691576;1;19/02/2018 15:00:00;Strada Urbana;VIA DEL GIANICOLO;in prossimità;;del civico n.;FC 4 B;;Veicolo in marcia contro veicolo in sosta;Rettilineo;Una carreggiata a doppio senso;Bagnato (pioggia);Asfaltata;Verticale ed orizzontale;Nuvoloso;Normale;Buona;Ore Diurne;0;0;0;1;;;0;2;Autovettura privata;In marcia / fermata / arresto;Volkswagen;Passat;Conducente;1964;M;Illeso;0;;;
3691583;11;19/02/2018 11:40:00;Strada Urbana;VIA PADRE SEMERIA;da specificare;;;;fronte civico 9;Scontro laterale fra veicoli in marcia;Rettilineo;Una carreggiata a senso unico di marcia;Asciutto;Asfaltata;Verticale ed orizzontale;Sereno;Normale;Buona;Ore Diurne;1;0;0;2;12,49472;41,86646;0;1;Autovettura privata;In marcia / fermata / arresto;Mercedes;Smart For Two;Conducente;1968;M;Rifiuta cure immediate;0;NON DECEDUTO;;
3691583;11;19/02/2018 11:40:00;Strada Urbana;VIA PADRE SEMERIA;da specificare;;;;fronte civico 9;Scontro laterale fra veicoli in marcia;Rettilineo;Una carreggiata a senso unico di marcia;Asciutto;Asfaltata;Verticale ed orizzontale;Sereno;Normale;Buona;Ore Diurne;1;0;0;2;12,49472;41,86646;0;2;Autovettura privata;In marcia / fermata / arresto;Toyota;Yaris;Conducente;1972;F;Illeso;0;;;
3691583;11;19/02/2018 11:40:00;Strada Urbana;VIA PADRE SEMERIA;da specificare;;;;fronte civico 9;Scontro laterale fra veicoli in marcia;Rettilineo;Una carreggiata a senso unico di marcia;Asciutto;Asfaltata;Verticale ed orizzontale;Sereno;Normale;Buona;Ore Diurne;1;0;0;2;12,49472;41,86646;0;2;Autovettura privata;In marcia / fermata / arresto;Toyota;Yaris;Passeggero;2005;M;Illeso;0;;;
3691589;11;19/02/2018 08:00:00;Strada Urbana;VIA DELLE SETTE CHIESE;da specificare;;;;fronte palo luce n. 84;Tamponamento;Rettilineo;Una carreggiata a doppio senso;Bagnato (umidità in atto);Asfaltata;Verticale ed orizzontale;Sereno;Normale;Buona;Ore Diurne;0;0;0;2;12,49734;41,85976;0;1;Autovettura privata;In marcia / fermata / arresto;Volkswagen;Golf Plus;Conducente;1976;F;Illeso;0;;;
3691589;11;19/02/2018 08:00:00;Strada Urbana;VIA DELLE SETTE CHIESE;da specificare;;;;fronte palo luce n. 84;Tamponamento;Rettilineo;Una carreggiata a doppio senso;Bagnato (umidità in atto);Asfaltata;Verticale ed orizzontale;Sereno;Normale;Buona;Ore Diurne;0;0;0;2;12,49734;41,85976;0;2;Autocarro inferiore 35 q.;In marcia / fermata / arresto;Fiat Iveco;35 C-15;Conducente;1959;M;Illeso;0;;;
3691600;19;19/02/2018 12:15:00;;VIA DI TORREVECCHIA;da specificare;;;;alt.Via di Torrevecchia;Tamponamento;;;;;;;;;;1;0;0;2;;;0;1;Autocarro inferiore 35 q.;In marcia / fermata / arresto;Citroen;Berlingo;Conducente;1982;M;Illeso;0;;Non accertato;
3691600;19;19/02/2018 12:15:00;;VIA DI TORREVECCHIA;da specificare;;;;alt.Via di Torrevecchia;Tamponamento;;;;;;;;;;1;0;0;2;;;0;2;Motociclo a solo;In marcia / fermata / arresto;Yamaha;T-MAX;Conducente;1997;M;Illeso;0;;Non accertato;
3691600;19;19/02/2018 12:15:00;;VIA DI TORREVECCHIA;da specificare;;;;alt.Via di Torrevecchia;Tamponamento;;;;;;;;;;1;0;0;2;;;0;2;Motociclo a solo;In marcia / fermata / arresto;Yamaha;T-MAX;Passeggero;0;M;Rimandato;0;NON DECEDUTO;;
3691602;19;19/02/2018 11:00:00;;VIA DELLA VALLE DEI FONTANILI;da specificare;;;;pross. Via di Torrevecchia;Scontro frontale fra veicoli in marcia;;;;;;;;;;0;0;0;2;12,41113;41,92326;0;1;Autovettura privata;In marcia / fermata / arresto;Smart ;-;Conducente;1987;F;Illeso;0;;Non accertato;Inesploso
3691602;19;19/02/2018 11:00:00;;VIA DELLA VALLE DEI FONTANILI;da specificare;;;;pross. Via di Torrevecchia;Scontro frontale fra veicoli in marcia;;;;;;;;;;0;0;0;2;12,41113;41,92326;0;2;Motociclo a solo;In marcia / fermata / arresto;Piaggio;Ape;Conducente;1984;F;Illeso;0;;Non accertato;
3691617;6;19/02/2018 20:20:00;Strada Urbana;PIAZZA DI PONTE LUNGO;in prossimità;;del civico n.;11;;Tamponamento Multiplo;Rettilineo;Più di due carreggiate;Bagnato (pioggia);Asfaltata;Verticale ed orizzontale;Nuvoloso;Normale;Sufficiente;Sufficiente;1;0;0;1;;;0;1;Autovettura privata;In marcia / fermata / arresto;Smart ;Smart for two coupè;Conducente;1994;F;Illeso;0;;;
3691617;6;19/02/2018 20:20:00;Strada Urbana;PIAZZA DI PONTE LUNGO;in prossimità;;del civico n.;11;;Tamponamento Multiplo;Rettilineo;Più di due carreggiate;Bagnato (pioggia);Asfaltata;Verticale ed orizzontale;Nuvoloso;Normale;Sufficiente;Sufficiente;1;0;0;1;;;0;2;Autovettura privata;In marcia / fermata / arresto;Citroen;C3 Picasso;Conducente;1961;F;Rifiuta cure immediate;0;NON DECEDUTO;;
3691620;1;19/02/2018 19:15:00;Strada Urbana;VIA VENTI SETTEMBRE;in corrispondenza;;del civico n.;114;;Investimento di pedone;Rettilineo;Una carreggiata a doppio senso;Bagnato (pioggia);Asfaltata;Verticale ed orizzontale;Pioggia in atto;Normale;Buona;Sufficiente;1;0;0;1;;;0;;;;;;Pedone;1928;M;Rimandato;0;NON DECEDUTO;;
3691620;1;19/02/2018 19:15:00;Strada Urbana;VIA VENTI SETTEMBRE;in corrispondenza;;del civico n.;114;;Investimento di pedone;Rettilineo;Una carreggiata a doppio senso;Bagnato (pioggia);Asfaltata;Verticale ed orizzontale;Pioggia in atto;Normale;Buona;Sufficiente;1;0;0;1;;;0;1;Motociclo a solo;In marcia / fermata / arresto;Yamaha;(non accertato);Conducente;1979;M;Illeso;0;;;
3691629;19;19/02/2018 13:00:00;Strada Urbana;VIA MOTTA VISCONTI;in prossimità;;del civico n.;55;;Scontro frontale/laterale DX fra veicoli in marcia;Rettilineo;Una carreggiata a senso unico di marcia;Asciutto;Asfaltata;Assente;Nuvoloso;Scarso;Buona;Ore Diurne;0;0;0;2;12,38883;41,94572;0;1;Autovettura privata;In marcia / fermata / arresto;Ford;Fiesta;Conducente;1969;F;Illeso;0;;Non accertato;Inesploso
3691629;19;19/02/2018 13:00:00;Strada Urbana;VIA MOTTA VISCONTI;in prossimità;;del civico n.;55;;Scontro frontale/laterale DX fra veicoli in marcia;Rettilineo;Una carreggiata a senso unico di marcia;Asciutto;Asfaltata;Assente;Nuvoloso;Scarso;Buona;Ore Diurne;0;0;0;2;12,38883;41,94572;0;2;Autovettura privata;In marcia / fermata / arresto;Dacia;Logan;Conducente;1980;M;Illeso;0;;Non accertato;Inesploso
3691631;5;19/02/2018 07:10:00;;VIA IGINO GIORDANI;da specificare;;;;in prossimità via Trivento;Tamponamento;;;;;;;;;;2;0;0;0;12,56431;41,90713;0;1;Autovettura privata;In marcia / fermata / arresto;Mercedes;C 220;Conducente;0;M;Rimandato;0;NON DECEDUTO;;
3691631;5;19/02/2018 07:10:00;;VIA IGINO GIORDANI;da specificare;;;;in prossimità via Trivento;Tamponamento;;;;;;;;;;2;0;0;0;12,56431;41,90713;0;2;Autovettura privata;In marcia / fermata / arresto;Fiat;Seicento;Conducente;0;F;Rimandato;0;NON DECEDUTO;;