Protocollo;Gruppo;DataOraIncidente;Localizzazione1;STRADA1;Localizzazione2;STRADA2;Strada02;Chilometrica;DaSpecificare;NaturaIncidente;particolaritastrade;TipoStrada;FondoStradale;Pavimentazione;Segnaletica;CondizioneAtmosferica;Traffico;Visibilita;Illuminazione;NUM_FERITI;NUM_RISERVATA;NUM_MORTI;NUM_ILLESI;Longitudine;Latitudine;Confermato;Progressivo;TipoVeicolo;StatoVeicolo;Marca;Modello;TipoPersona;AnnoNascita;Sesso;Tipolesione;Deceduto;DecedutoDopo;CinturaCascoUtilizzato;Airbag;
3691634;11;20/02/2018 06:35:00;Strada Urbana;VIA TULLIO LEVI CIVITA;da specificare;;;;Fronte Via L. Nobili;Scontro frontale/laterale DX fra veicoli in marcia;Rettilineo;Due carreggiate;Asciutto;Asfaltata;Verticale ed orizzontale;Nuvoloso;Normale;Buona;Ore Diurne;0;0;0;2;;;0;1;Autovettura privata;In marcia / fermata / arresto;Fiat;500;Conducente;1970;M;Illeso;0;;Non accertato;Inesploso
3691634;11;20/02/2018 06:35:00;Strada Urbana;VIA TULLIO LEVI CIVITA;da specificare;;;;Fronte Via L. Nobili;Scontro frontale/laterale DX fra veicoli in marcia;Rettilineo;Due carreggiate;Asciutto;Asfaltata;Verticale ed orizzontale;Nuvoloso;Normale;Buona;Ore Diurne;0;0;0;2;;;0;2;Autocarro inferiore 35 q.;In marcia / fermata / arresto;Volkswagen;LP 35;Conducente;1971;M;Illeso;0;;Non accertato;Inesploso
3691635;19;19/02/2018 09:00:00;;VIA DI BOCCEA;all'intersezione con;VIA VILLA DEL BOSCO;VIA VILLA DEL BOSCO;;;Scontro frontale fra veicoli in marcia;;;;;;;;;;0;0;0;2;;;0;1;Autovettura privata;In marcia / fermata / arresto;Mercedes;B180;Conducente;0;M;Illeso;0;;;
3691635;19;19/02/2018 09:00:00;;VIA DI BOCCEA;all'intersezione con;VIA VILLA DEL BOSCO;VIA VILLA DEL BOSCO;;;Scontro frontale fra veicoli in marcia;;;;;;;;;;0;0;0;2;;;0;2;Motociclo a solo;In marcia / fermata / arresto;Aprilia;(non accertato);Conducente;2000;M;Illeso;0;;Non accertato;
3691667;19;19/02/2018 18:00:00;;VIA BERNARDO DA BIBBIENA;da specificare;;;;fronte civ. 28;Scontro frontale fra veicoli in marcia;;;;;;;;;;0;0;0;5;12,41304;41,91664;0;1;Autovettura privata;In marcia / fermata / arresto;Ford;Fiesta;Conducente;1983;F;Illeso;0;;Non accertato;Inesploso
3691667;19;19/02/2018 18:00:00;;VIA BERNARDO DA BIBBIENA;da specificare;;;;fronte civ. 28;Scontro frontale fra veicoli in marcia;;;;;;;;;;0;0;0;5;12,41304;41,91664;0;1;Autovettura privata;In marcia / fermata / arresto;Ford;Fiesta;Passeggero;2011;F;Illeso;0;;Non accertato;Inesploso
3691667;19;19/02/2018 18:00:00;;VIA BERNARDO DA BIBBIENA;da specificare;;;;fronte civ. 28;Scontro frontale fra veicoli in marcia;;;;;;;;;;0;0;0;5;12,41304;41,91664;0;1;Autovettura privata;In marcia / fermata / arresto;Ford;Fiesta;Passeggero;2014;F;Illeso;0;;Non accertato;Inesploso
3691667;19;19/02/2018 18:00:00;;VIA BERNARDO DA BIBBIENA;da specificare;;;;fronte civ. 28;Scontro frontale fra veicoli in marcia;;;;;;;;;;0;0;0;5;12,41304;41,91664;0;2;Autovettura privata;In marcia / fermata / arresto;Lancia;Y;Conducente;1990;F;Illeso;0;;Non accertato;Inesploso
3691667;19;19/02/2018 18:00:00;;VIA BERNARDO DA BIBBIENA;da specificare;;;;fronte civ. 28;Scontro frontale fra veicoli in marcia;;;;;;;;;;0;0;0;5;12,41304;41,91664;0;2;Autovettura privata;In marcia / fermata / arresto;Lancia;Y;Passeggero;2013;M;Illeso;0;;Non accertato;Inesploso
3691670;7;19/02/2018 13:50:00;;VIA DAVIDE CAMPARI;da specificare;;;;fronte civico 182;Veicolo in marcia contro veicolo fermo;;;;;;;;;;0;0;0;2;;;0;1;Autovettura privata;In marcia / fermata / arresto;Toyota;Corolla Verso;Conducente;1990;F;Illeso;0;;Non accertato;Inesploso
3691670;7;19/02/2018 13:50:00;;VIA DAVIDE CAMPARI;da specificare;;;;fronte civico 182;Veicolo in marcia contro veicolo fermo;;;;;;;;;;0;0;0;2;;;0;2;Autovettura privata;In marcia / fermata / arresto;Renault;Clio;Conducente;1971;F;Illeso;0;;Non accertato;Inesploso
3691676;6;19/02/2018 23:15:00;Strada Urbana;VIA APPIA NUOVA;in prossimità;;del civico n.;522;;Scontro laterale fra veicoli in marcia;Rettilineo;Più di due carreggiate;Bagnato (pioggia);Asfaltata;Assente;Nuvoloso;Scarso;Sufficiente;Sufficiente;1;0;0;3;;;0;1;Autovettura privata;In marcia / fermata / arresto;Renault;Scenic;Conducente;1967;F;Illeso;0;;;
3691676;6;19/02/2018 23:15:00;Strada Urbana;VIA APPIA NUOVA;in prossimità;;del civico n.;522;;Scontro laterale fra veicoli in marcia;Rettilineo;Più di due carreggiate;Bagnato (pioggia);Asfaltata;Assente;Nuvoloso;Scarso;Sufficiente;Sufficiente;1;0;0;3;;;0;1;Autovettura privata;In marcia / fermata / arresto;Renault;Scenic;Passeggero;2002;F;Illeso;0;;;
3691676;6;19/02/2018 23:15:00;Strada Urbana;VIA APPIA NUOVA;in prossimità;;del civico n.;522;;Scontro laterale fra veicoli in marcia;Rettilineo;Più di due carreggiate;Bagnato (pioggia);Asfaltata;Assente;Nuvoloso;Scarso;Sufficiente;Sufficiente;1;0;0;3;;;0;2;Autovettura privata;In marcia / fermata / arresto;Fiat;Punto;Conducente;1980;F;Rifiuta cure immediate;0;NON DECEDUTO;;
3691684;12;19/02/2018 14:10:00;;VIA DEL PIANETA GIOVE;in corrispondenza;;del civico n.;66;;Scontro laterale fra veicoli in marcia;;;;;;;;;;0;0;0;3;;;0;1;Autovettura privata;In marcia / fermata / arresto;Land Rover;(ignoto);Conducente;1976;M;Illeso;0;;Utilizzato;Inesploso
3691684;12;19/02/2018 14:10:00;;VIA DEL PIANETA GIOVE;in corrispondenza;;del civico n.;66;;Scontro laterale fra veicoli in marcia;;;;;;;;;;0;0;0;3;;;0;2;Autovettura privata;In marcia / fermata / arresto;Daihatsu;SIRION;Conducente;1969;F;Illeso;0;;Utilizzato;Inesploso
3691684;12;19/02/2018 14:10:00;;VIA DEL PIANETA GIOVE;in corrispondenza;;del civico n.;66;;Scontro laterale fra veicoli in marcia;;;;;;;;;;0;0;0;3;;;0;2;Autovettura privata;In marcia / fermata / arresto;Daihatsu;SIRION;Passeggero;2006;F;Illeso;0;;Utilizzato;Inesploso
3691686;4;19/02/2018 11:20:00;;VIA NOMENTANA;in prossimità;;del civico n.;1367;;Veicolo in marcia contro ostacolo accidentale;;;;;;;;;;1;0;0;2;12,6012;41,96749;0;1;Autovettura privata;In marcia / fermata / arresto;Ford;Focus SW;Conducente;1993;M;Illeso;0;;;
3691686;4;19/02/2018 11:20:00;;VIA NOMENTANA;in prossimità;;del civico n.;1367;;Veicolo in marcia contro ostacolo accidentale;;;;;;;;;;1;0;0;2;12,6012;41,96749;0;1;Autovettura privata;In marcia / fermata / arresto;Ford;Focus SW;Passeggero;0;F;Illeso;0;;;
3691686;4;19/02/2018 11:20:00;;VIA NOMENTANA;in prossimità;;del civico n.;1367;;Veicolo in marcia contro ostacolo accidentale;;;;;;;;;;1;0;0;2;12,6012;41,96749;0;1;Autovettura privata;In marcia / fermata / arresto;Ford;Focus SW;Passeggero;0;F;Rimandato;0;NON DECEDUTO;;
3691704;7;19/02/2018 18:30:00;Strada Urbana;VIALE PALMIRO TOGLIATTI;da specificare;;;;Viale DEI ROMANISTI;Tamponamento;Rettilineo;Due carreggiate;Bagnato (pioggia);Asfaltata;Verticale ed orizzontale;Pioggia in atto;Normale;Sufficiente;Sufficiente;0;0;0;2;12,57334;41,88718;-1;1;Autovettura privata;In marcia / fermata / arresto;Renault;(ignoto);Conducente;1964;M;Illeso;0;;;
3691704;7;19/02/2018 18:30:00;Strada Urbana;VIALE PALMIRO TOGLIATTI;da specificare;;;;Viale DEI ROMANISTI;Tamponamento;Rettilineo;Due carreggiate;Bagnato (pioggia);Asfaltata;Verticale ed orizzontale;Pioggia in atto;Normale;Sufficiente;Sufficiente;0;0;0;2;12,57334;41,88718;-1;2;Autovettura privata;In marcia / fermata / arresto;Fiat;600;Conducente;1995;M;Illeso;0;;;
3691715;12;19/02/2018 20:30:00;Strada Urbana;VIA DI MACCHIA SAPONARA;all'intersezione con;VIA DI MACCHIA PALOCCO;VIA DI MACCHIA PALOCCO;;;Scontro laterale fra veicoli in marcia;Intersezione stradale segnalata;Due carreggiate;Asciutto;Asfaltata;Assente;Nuvoloso;Normale;Buona;Sufficiente;0;0;0;1;12,35762;41,76749;0;1;Autovettura privata;In marcia / fermata / arresto;Peugeot;208;Conducente;1968;F;Illeso;0;;Non accertato;Inesploso
3691736;18;19/02/2018 11:20:00;Strada Urbana;VIA DI TORREVECCHIA;in prossimità;;del civico n.;684;;Veicolo in marcia contro veicolo fermo;Rettilineo;Una carreggiata a doppio senso;Asciutto;Asfaltata;Verticale ed orizzontale;Sereno;Normale;Buona;Ore Diurne;1;0;0;2;12,40975;41,92015;0;1;Motociclo a solo;In marcia / fermata / arresto;Honda;SH;Conducente;1974;M;Rimandato;0;NON DECEDUTO;;
3691736;18;19/02/2018 11:20:00;Strada Urbana;VIA DI TORREVECCHIA;in prossimità;;del civico n.;684;;Veicolo in marcia contro veicolo fermo;Rettilineo;Una carreggiata a doppio senso;Asciutto;Asfaltata;Verticale ed orizzontale;Sereno;Normale;Buona;Ore Diurne;1;0;0;2;12,40975;41,92015;0;2;Autovettura privata;In marcia / fermata / arresto;Fiat;Punto;Conducente;1951;M;Illeso;0;;;
3691736;18;19/02/2018 11:20:00;Strada Urbana;VIA DI TORREVECCHIA;in prossimità;;del civico n.;684;;Veicolo in marcia contro veicolo fermo;Rettilineo;Una carreggiata a doppio senso;Asciutto;Asfaltata;Verticale ed orizzontale;Sereno;Normale;Buona;Ore Diurne;1;0;0;2;12,40975;41,92015;0;2;Autovettura privata;In marcia / fermata / arresto;Fiat;Punto;Passeggero;1944;F;Illeso;0;;;
3691739;7;19/02/2018 15:40:00;;VIA COLLATINA;da specificare;;;;fronte civico 285;Scontro laterale fra veicoli in marcia;;;;;;;;;;0;0;0;3;;;0;1;Autovettura privata;In marcia / fermata / arresto;Toyota;Aygo;Conducente;1979;F;Illeso;0;;Non accertato;Inesploso
3691739;7;19/02/2018 15:40:00;;VIA COLLATINA;da specificare;;;;fronte civico 285;Scontro laterale fra veicoli in marcia;;;;;;;;;;0;0;0;3;;;0;2;Autovettura privata;In marcia / fermata / arresto;Peugeot;206;Conducente;1999;M;Illeso;0;;Non accertato;Inesploso
3691739;7;19/02/2018 15:40:00;;VIA COLLATINA;da specificare;;;;fronte civico 285;Scontro laterale fra veicoli in marcia;;;;;;;;;;0;0;0;3;;;0;2;Autovettura privata;In marcia / fermata / arresto;Peugeot;206;Passeggero;1966;M;Illeso;0;;Non accertato;Inesploso
3691740;18;19/02/2018 14:30:00;;CIRCONVALLAZIONE CORNELIA;in corrispondenza;;del civico n.;132;;Veicolo in marcia contro ostacolo accidentale;;;;;;;;;;0;0;0;2;12,42541;41,90294;0;1;Autovettura privata;In marcia / fermata / arresto;Opel;Corsa;Conducente;1974;M;Illeso;0;;;
3691740;18;19/02/2018 14:30:00;;CIRCONVALLAZIONE CORNELIA;in corrispondenza;;del civico n.;132;;Veicolo in marcia contro ostacolo accidentale;;;;;;;;;;0;0;0;2;12,42541;41,90294;0;2;Motociclo a solo;In marcia / fermata / arresto;Piaggio;Beverly;Conducente;1965;M;Illeso;0;;;
3691741;18;19/02/2018 08:45:00;Strada Urbana;VIA DI BOCCEA;in corrispondenza;;del civico n.;541A;;Scontro laterale fra veicoli in marcia;Rettilineo;Una carreggiata a senso unico di marcia;Asciutto;Asfaltata;Assente;Sereno;Intenso;Buona;Ore Diurne;0;0;0;2;12,38591;41,91451;0;1;Autovettura privata;In marcia / fermata / arresto;Lancia;Ypsilon;Conducente;1973;M;Illeso;0;;;
3691741;18;19/02/2018 08:45:00;Strada Urbana;VIA DI BOCCEA;in corrispondenza;;del civico n.;541A;;Scontro laterale fra veicoli in marcia;Rettilineo;Una carreggiata a senso unico di marcia;Asciutto;Asfaltata;Assente;Sereno;Intenso;Buona;Ore Diurne;0;0;0;2;12,38591;41,91451;0;2;Autovettura privata;In marcia / fermata / arresto;Dacia;Duster;Conducente;1976;F;Illeso;0;;;
3691748;7;20/02/2018 01:00:00;Strada Urbana;VIA DI PORTONACCIO;all'intersezione con;VIA TIBURTINA;VIA TIBURTINA;;;Scontro frontale/laterale SX fra veicoli in marcia;Incrocio;Una carreggiata a doppio senso;Bagnato (umidità in atto);Asfaltata;Verticale ed orizzontale;Nuvoloso;Normale;Sufficiente;Sufficiente;0;0;0;2;;;0;1;Autovettura privata;In marcia / fermata / arresto;Toyota;Auris;Conducente;1976;M;Illeso;0;;Non accertato;Inesploso
3691748;7;20/02/2018 01:00:00;Strada Urbana;VIA DI PORTONACCIO;all'intersezione con;VIA TIBURTINA;VIA TIBURTINA;;;Scontro frontale/laterale SX fra veicoli in marcia;Incrocio;Una carreggiata a doppio senso;Bagnato (umidità in atto);Asfaltata;Verticale ed orizzontale;Nuvoloso;Normale;Sufficiente;Sufficiente;0;0;0;2;;;0;2;Autovettura privata;In marcia / fermata / arresto;Lancia;Y;Conducente;1980;M;Illeso;0;;Non accertato;Inesploso
3691773;20;20/02/2018 08:25:00;Strada Urbana;VIALE GEMONA DEL FRIULI;in corrispondenza;;del palo luce n.;1;;Tamponamento;Rettilineo;Due carreggiate;Asciutto;Asfaltata;Verticale ed orizzontale;Nuvoloso;Scarso;Buona;Ore Diurne;2;0;0;0;;;0;1;Autovettura privata;In marcia / fermata / arresto;Fiat-Lancia;Y;Conducente;1967;M;Rimandato;0;NON DECEDUTO;Non accertato;Inesploso
3691773;20;20/02/2018 08:25:00;Strada Urbana;VIALE GEMONA DEL FRIULI;in corrispondenza;;del palo luce n.;1;;Tamponamento;Rettilineo;Due carreggiate;Asciutto;Asfaltata;Verticale ed orizzontale;Nuvoloso;Scarso;Buona;Ore Diurne;2;0;0;0;;;0;2;Autovettura privata;In marcia / fermata / arresto;Toyota;AYGO';Conducente;1994;M;Rimandato;0;NON DECEDUTO;Non accertato;Esploso
3691796;5;20/02/2018 08:30:00;Strada Urbana;VIA DI PORTONACCIO;in prossimità;;del civico n.;161;;Tamponamento;Rettilineo;Due carreggiate;Asciutto;Asfaltata;Verticale;Sereno;Intenso;Buona;Ore Diurne;0;0;0;2;12,53913;41,8982;0;1;Autovettura privata;In marcia / fermata / arresto;Volkswagen;Polo;Conducente;1960;M;Illeso;0;;Non accertato;Inesploso
3691796;5;20/02/2018 08:30:00;Strada Urbana;VIA DI PORTONACCIO;in prossimità;;del civico n.;161;;Tamponamento;Rettilineo;Due carreggiate;Asciutto;Asfaltata;Verticale;Sereno;Intenso;Buona;Ore Diurne;0;0;0;2;12,53913;41,8982;0;2;Autovettura privata;In marcia / fermata / arresto;Citroen;C3;Conducente;1982;M;Illeso;0;;Non accertato;Inesploso
3691799;3;19/02/2018 07:45:00;Strada Urbana;VIALE DELLO SCALO S. LORENZO;all'intersezione con;VIA DEI RETI;VIA DEI RETI;;;Scontro laterale fra veicoli in marcia;Incrocio;Una carreggiata a senso unico di marcia;Asciutto;Asfaltata;Assente;Sereno;Intenso;Buona;Ore Diurne;0;0;0;5;12,51958;41,89739;0;1;Autovettura privata;In marcia / fermata / arresto;Volkswagen;Transporter;Conducente;1973;M;Illeso;0;;Non accertato;
3691799;3;19/02/2018 07:45:00;Strada Urbana;VIALE DELLO SCALO S. LORENZO;all'intersezione con;VIA DEI RETI;VIA DEI RETI;;;Scontro laterale fra veicoli in marcia;Incrocio;Una carreggiata a senso unico di marcia;Asciutto;Asfaltata;Assente;Sereno;Intenso;Buona;Ore Diurne;0;0;0;5;12,51958;41,89739;0;1;Autovettura privata;In marcia / fermata / arresto;Volkswagen;Transporter;Passeggero;1963;M;Illeso;0;;Non accertato;
3691799;3;19/02/2018 07:45:00;Strada Urbana;VIALE DELLO SCALO S. LORENZO;all'intersezione con;VIA DEI RETI;VIA DEI RETI;;;Scontro laterale fra veicoli in marcia;Incrocio;Una carreggiata a senso unico di marcia;Asciutto;Asfaltata;Assente;Sereno;Intenso;Buona;Ore Diurne;0;0;0;5;12,51958;41,89739;0;1;Autovettura privata;In marcia / fermata / arresto;Volkswagen;Transporter;Passeggero;2000;M;Illeso;0;;Non accertato;
3691799;3;19/02/2018 07:45:00;Strada Urbana;VIALE DELLO SCALO S. LORENZO;all'intersezione con;VIA DEI RETI;VIA DEI RETI;;;Scontro laterale fra veicoli in marcia;Incrocio;Una carreggiata a senso unico di marcia;Asciutto;Asfaltata;Assente;Sereno;Intenso;Buona;Ore Diurne;0;0;0;5;12,51958;41,89739;0;2;Autovettura privata;In marcia / fermata / arresto;Peugeot;207;Conducente;1978;F;Illeso;0;;Non accertato;
3691799;3;19/02/2018 07:45:00;Strada Urbana;VIALE DELLO SCALO S. LORENZO;all'intersezione con;VIA DEI RETI;VIA DEI RETI;;;Scontro laterale fra veicoli in marcia;Incrocio;Una carreggiata a senso unico di marcia;Asciutto;Asfaltata;Assente;Sereno;Intenso;Buona;Ore Diurne;0;0;0;5;12,51958;41,89739;0;2;Autovettura privata;In marcia / fermata / arresto;Peugeot;207;Passeggero;1945;M;Illeso;0;;Non accertato;
3691802;10;20/02/2018 08:30:00;Strada Urbana;VIA TUSCOLANA;da specificare;;;;altezza Via M.F. Nobiliore;Scontro laterale fra veicoli in marcia;Rettilineo;Una carreggiata a senso unico di marcia;Asciutto;Asfaltata;Verticale ed orizzontale;Nuvoloso;Intenso;Buona;Ore Diurne;0;0;0;1;;;0;1;Autovettura privata;In marcia / fermata / arresto;Toyota;Aygo;Conducente;1993;M;Illeso;0;;Non accertato;Inesploso
3691816;3;18/02/2018 15:20:00;;VIA NOMENTANA;in corrispondenza;;del civico n.;333;;Scontro frontale/laterale SX fra veicoli in marcia;;;;;;;;;;0;0;0;2;;;0;1;Autovettura privata;In marcia / fermata / arresto;Volkswagen;Polo;Conducente;0;M;Illeso;0;;;
3691816;3;18/02/2018 15:20:00;;VIA NOMENTANA;in corrispondenza;;del civico n.;333;;Scontro frontale/laterale SX fra veicoli in marcia;;;;;;;;;;0;0;0;2;;;0;2;Autovettura privata;In marcia / fermata / arresto;Nissan;Micra;Conducente;0;M;Illeso;0;;;
3691832;4;19/02/2018 17:20:00;Statale entro l'abitato;VIA SALARIA;da specificare;;;;altezza Via Montevarchi (direzione fuori Roma);Tamponamento Multiplo;Rettilineo;Due carreggiate;Bagnato (umidità in atto);Asfaltata;Verticale;Nuvoloso;Normale;Buona;Ore Diurne;0;0;0;4;;;0;1;Autovettura privata;In marcia / fermata / arresto;Nissan;X Trail;Conducente;1961;M;Illeso;0;;Non accertato;Inesploso
3691832;4;19/02/2018 17:20:00;Statale entro l'abitato;VIA SALARIA;da specificare;;;;altezza Via Montevarchi (direzione fuori Roma);Tamponamento Multiplo;Rettilineo;Due carreggiate;Bagnato (umidità in atto);Asfaltata;Verticale;Nuvoloso;Normale;Buona;Ore Diurne;0;0;0;4;;;0;2;Autovettura privata;In marcia / fermata / arresto;Ford;Fiesta;Conducente;1984;M;Illeso;0;;Non accertato;Inesploso
3691832;4;19/02/2018 17:20:00;Statale entro l'abitato;VIA SALARIA;da specificare;;;;altezza Via Montevarchi (direzione fuori Roma);Tamponamento Multiplo;Rettilineo;Due carreggiate;Bagnato (umidità in atto);Asfaltata;Verticale;Nuvoloso;Normale;Buona;Ore Diurne;0;0;0;4;;;0;3;Autovettura privata;In marcia / fermata / arresto;Lancia;Y;Conducente;1987;M;Illeso;0;;Non accertato;Inesploso
3691832;4;19/02/2018 17:20:00;Statale entro l'abitato;VIA SALARIA;da specificare;;;;altezza Via Montevarchi (direzione fuori Roma);Tamponamento Multiplo;Rettilineo;Due carreggiate;Bagnato (umidità in atto);Asfaltata;Verticale;Nuvoloso;Normale;Buona;Ore Diurne;0;0;0;4;;;0;3;Autovettura privata;In marcia / fermata / arresto;Lancia;Y;Passeggero;1983;M;Illeso;0;;Non accertato;Inesploso
3691839;4;19/02/2018 18:50:00;;VIALE ADRIATICO;da specificare;;;;fronte civ. 153;Investimento di pedone;;;;;;;;;;1;0;0;3;;;0;;;;;;Pedone;1981;M;Rimandato;0;NON DECEDUTO;;
3691839;4;19/02/2018 18:50:00;;VIALE ADRIATICO;da specificare;;;;fronte civ. 153;Investimento di pedone;;;;;;;;;;1;0;0;3;;;0;1;Autovettura privata;In marcia / fermata / arresto;Hyundai;Coupè;Conducente;1936;M;Illeso;0;;Non accertato;Inesploso
3691839;4;19/02/2018 18:50:00;;VIALE ADRIATICO;da specificare;;;;fronte civ. 153;Investimento di pedone;;;;;;;;;;1;0;0;3;;;0;1;Autovettura privata;In marcia / fermata / arresto;Hyundai;Coupè;Passeggero;1939;F;Illeso;0;;Non accertato;Inesploso
3691839;4;19/02/2018 18:50:00;;VIALE ADRIATICO;da specificare;;;;fronte civ. 153;Investimento di pedone;;;;;;;;;;1;0;0;3;;;0;1;Autovettura privata;In marcia / fermata / arresto;Hyundai;Coupè;Passeggero;1967;F;Illeso;0;;Non accertato;Inesploso
3691841;4;19/02/2018 15:50:00;;VIADOTTO GIOVANNI GRONCHI;da specificare;;;;alt. rampa per via Valle Melaina-via Vigne Nuove;Veicolo in marcia contro ostacolo accidentale;;;;;;;;;;1;0;0;0;12,53548;41,95931;0;1;Autovettura privata;In marcia / fermata / arresto;Toyota;Yaris;Conducente;1983;M;Rifiuta cure immediate;0;NON DECEDUTO;;
3691865;17;20/02/2018 08:05:00;Strada Urbana;VIA CRESCENZIO;in corrispondenza;;del civico n.;105;;Veicolo in marcia contro veicolo in sosta;Rettilineo;Una carreggiata a doppio senso;Bagnato (pioggia);Acciotolata;Verticale ed orizzontale;Pioggia in atto;Normale;Buona;Ore Diurne;0;0;0;1;12,4594;41,90592;0;1;Autobus di linea;In marcia / fermata / arresto;Fiat;Iveco;Conducente;1985;M;Illeso;0;;;
3691873;4;19/02/2018 20:00:00;;VIA DELLA BUFALOTTA;in corrispondenza;;del civico n.;166;;Investimento di pedone;;;;;;;;;;1;0;0;2;;;0;;;;;;Pedone;1987;M;Rifiuta cure immediate;0;NON DECEDUTO;;
3691873;4;19/02/2018 20:00:00;;VIA DELLA BUFALOTTA;in corrispondenza;;del civico n.;166;;Investimento di pedone;;;;;;;;;;1;0;0;2;;;0;1;Autovettura privata;In marcia / fermata / arresto;Daewoo;(non accertato);Conducente;1937;M;Illeso;0;;;
3691873;4;19/02/2018 20:00:00;;VIA DELLA BUFALOTTA;in corrispondenza;;del civico n.;166;;Investimento di pedone;;;;;;;;;;1;0;0;2;;;0;1;Autovettura privata;In marcia / fermata / arresto;Daewoo;(non accertato);Passeggero;1974;M;Illeso;0;;;
3691874;3;18/02/2018 14:40:00;;CIRCONVALLAZIONE TIBURTINA;da specificare;;;;tang. est (soprael.) alt. università dir. San Giov;Veicolo in marcia contro ostacolo fisso;;;;;;;;;;0;0;0;1;;;0;1;Autovettura privata;In marcia / fermata / arresto;Renault;Clio;Conducente;0;M;Illeso;0;;;
3691875;6;20/02/2018 09:20:00;Strada Urbana;VIA PRENESTINA;da specificare;;;;fronte civico 60;Scontro laterale fra veicoli in marcia;Rettilineo;Più di due carreggiate;Asciutto;Asfaltata;Orizzontale;Nuvoloso;Normale;Buona;Ore Diurne;1;0;0;1;12,52392;41,89116;-1;1;Motociclo a solo;In marcia / fermata / arresto;Yamaha;T MAX;Conducente;1974;M;Rifiuta cure immediate;0;NON DECEDUTO;;
3691875;6;20/02/2018 09:20:00;Strada Urbana;VIA PRENESTINA;da specificare;;;;fronte civico 60;Scontro laterale fra veicoli in marcia;Rettilineo;Più di due carreggiate;Asciutto;Asfaltata;Orizzontale;Nuvoloso;Normale;Buona;Ore Diurne;1;0;0;1;12,52392;41,89116;-1;2;Autovettura privata;In marcia / fermata / arresto;Citroen;C 1;Conducente;1980;F;Illeso;0;;Non accertato;Inesploso
3691887;9;20/02/2018 07:00:00;;VIA POGGI D'ORO;all'intersezione con;VIA GENZANO;VIA GENZANO;;;Scontro frontale/laterale SX fra veicoli in marcia;;;;;;;;;;2;0;0;1;;;0;1;Autovettura privata;In marcia / fermata / arresto;Renault;Clio;Conducente;1995;M;Illeso;0;;Utilizzato;Inesploso
3691887;9;20/02/2018 07:00:00;;VIA POGGI D'ORO;all'intersezione con;VIA GENZANO;VIA GENZANO;;;Scontro frontale/laterale SX fra veicoli in marcia;;;;;;;;;;2;0;0;1;;;0;2;Motociclo con passeggero;In marcia / fermata / arresto;Aprilia;Scarabeo 125;Conducente;1965;M;Rimandato;0;NON DECEDUTO;Non accertato;
3691887;9;20/02/2018 07:00:00;;VIA POGGI D'ORO;all'intersezione con;VIA GENZANO;VIA GENZANO;;;Scontro frontale/laterale SX fra veicoli in marcia;;;;;;;;;;2;0;0;1;;;0;2;Motociclo con passeggero;In marcia / fermata / arresto;Aprilia;Scarabeo 125;Passeggero;0;M;Rimandato;0;NON DECEDUTO;;
3691895;3;18/02/2018 14:20:00;;Tangenziale Est;da specificare;;;;dir staz.Tiburtina tratto s.e. scalo San Lorenzo;Veicolo in marcia contro ostacolo fisso;;;;;;;;;;0;0;0;1;;;0;1;Autovettura privata;In marcia / fermata / arresto;Fiat;Panda;Conducente;0;M;Illeso;0;;;
3691900;3;17/02/2018 16:30:00;;VIA DEI TAURINI;in corrispondenza;;del civico n.;41;;Veicolo in marcia contro ostacolo accidentale;;;;;;;;;;0;0;0;1;;;0;1;Autovettura privata;In marcia / fermata / arresto;Lancia;Ypsilon;Conducente;0;M;Illeso;0;;;
3691901;2;19/02/2018 15:00:00;;VIALE DEL MURO TORTO;da specificare;;;;alt. PROPILEI Villa Borghese direz. P.zza Fiume;Tamponamento Multiplo;;;;;;;;;;1;0;0;2;;;0;1;Autovettura privata;In marcia / fermata / arresto;Opel;Corsa;Conducente;1982;F;Illeso;0;;;
3691901;2;19/02/2018 15:00:00;;VIALE DEL MURO TORTO;da specificare;;;;alt. PROPILEI Villa Borghese direz. P.zza Fiume;Tamponamento Multiplo;;;;;;;;;;1;0;0;2;;;0;2;Autovettura pubblica;In marcia / fermata / arresto;Toyota;Auris;Conducente;1981;M;Rifiuta cure immediate;0;NON DECEDUTO;;
3691901;2;19/02/2018 15:00:00;;VIALE DEL MURO TORTO;da specificare;;;;alt. PROPILEI Villa Borghese direz. P.zza Fiume;Tamponamento Multiplo;;;;;;;;;;1;0;0;2;;;0;3;Autovettura privata;In marcia / fermata / arresto;Mercedes;A180;Conducente;1991;M;Illeso;0;;;
3691902;2;19/02/2018 18:00:00;;PIAZZA ACILIA;all'intersezione con;VIA LUCRINO;VIA LUCRINO;;;Veicolo in marcia contro veicolo in sosta;;;;;;;;;;0;0;0;2;;;0;1;Autovettura privata;In marcia / fermata / arresto;Audi;A 6;Conducente;1965;F;Illeso;0;;;
3691902;2;19/02/2018 18:00:00;;PIAZZA ACILIA;all'intersezione con;VIA LUCRINO;VIA LUCRINO;;;Veicolo in marcia contro veicolo in sosta;;;;;;;;;;0;0;0;2;;;0;2;Autovettura privata;In marcia / fermata / arresto;Toyota;IQ;Conducente;1993;F;Illeso;0;;;
3691905;2;19/02/2018 17:00:00;;VIA SASSI DI S. GIULIANO;all'intersezione con;CORSO DI FRANCIA;CORSO DI FRANCIA;;;Tamponamento;;;;;;;;;;1;0;0;2;;;0;1;Autovettura privata;In marcia / fermata / arresto;Fiat;Panda;Conducente;1986;F;Rimandato;0;NON DECEDUTO;;