Protocollo;Gruppo;DataOraIncidente;Localizzazione1;STRADA1;Localizzazione2;STRADA2;Strada02;Chilometrica;DaSpecificare;NaturaIncidente;particolaritastrade;TipoStrada;FondoStradale;Pavimentazione;Segnaletica;CondizioneAtmosferica;Traffico;Visibilita;Illuminazione;NUM_FERITI;NUM_RISERVATA;NUM_MORTI;NUM_ILLESI;Longitudine;Latitudine;Confermato;Progressivo;TipoVeicolo;StatoVeicolo;Marca;Modello;TipoPersona;AnnoNascita;Sesso;Tipolesione;Deceduto;DecedutoDopo;CinturaCascoUtilizzato;Airbag;
3691905;2;19/02/2018 17:00:00;;VIA SASSI DI S. GIULIANO;all'intersezione con;CORSO DI FRANCIA;CORSO DI FRANCIA;;;Tamponamento;;;;;;;;;;1;0;0;2;;;0;1;Autovettura privata;In marcia / fermata / arresto;Fiat;Panda;Passeggero;1976;F;Illeso;0;;;
3691905;2;19/02/2018 17:00:00;;VIA SASSI DI S. GIULIANO;all'intersezione con;CORSO DI FRANCIA;CORSO DI FRANCIA;;;Tamponamento;;;;;;;;;;1;0;0;2;;;0;2;Autovettura privata;In marcia / fermata / arresto;Audi;(ignoto);Conducente;1994;M;Illeso;0;;;
3691911;2;19/02/2018 11:55:00;;CIRCONVALLAZIONE SALARIA;da specificare;;;;50 mt. dopo uscita PRATO DELLA SIGNORA dir. S.Giov;Tamponamento;;;;;;;;;;0;0;0;3;;;0;1;Autovettura privata;In marcia / fermata / arresto;Peugeot;206;Conducente;1967;M;Illeso;0;;;
3691911;2;19/02/2018 11:55:00;;CIRCONVALLAZIONE SALARIA;da specificare;;;;50 mt. dopo uscita PRATO DELLA SIGNORA dir. S.Giov;Tamponamento;;;;;;;;;;0;0;0;3;;;0;1;Autovettura privata;In marcia / fermata / arresto;Peugeot;206;Passeggero;1973;F;Illeso;0;;;
3691911;2;19/02/2018 11:55:00;;CIRCONVALLAZIONE SALARIA;da specificare;;;;50 mt. dopo uscita PRATO DELLA SIGNORA dir. S.Giov;Tamponamento;;;;;;;;;;0;0;0;3;;;0;2;Autovettura privata;In marcia / fermata / arresto;Fiat;Panda;Conducente;1959;F;Illeso;0;;;
3691913;3;19/02/2018 18:40:00;;VIA DELLA LEGA LOMBARDA;da specificare;;;;alt.civ. 36;Investimento di pedone;;;;;;;;;;1;0;0;1;;;0;;;;;;Pedone;0;M;Rifiuta cure immediate;0;NON DECEDUTO;;
3691913;3;19/02/2018 18:40:00;;VIA DELLA LEGA LOMBARDA;da specificare;;;;alt.civ. 36;Investimento di pedone;;;;;;;;;;1;0;0;1;;;0;1;Autovettura privata;In marcia / fermata / arresto;Mercedes;Smart For Two;Conducente;0;F;Illeso;0;;;
3691920;12;20/02/2018 10:15:00;Strada Urbana;VIALE AMERICA;da specificare;;;;prossimità viale Shakespeare;Veicolo in marcia contro veicolo fermo;Rettilineo;Una carreggiata a doppio senso;Asciutto;Asfaltata;Verticale ed orizzontale;Nuvoloso;Normale;Buona;Ore Diurne;0;0;0;3;12,47211;41,82853;0;1;Autovettura privata;In marcia / fermata / arresto;Peugeot;207;Conducente;1975;M;Illeso;0;;Utilizzato;Inesploso
3691920;12;20/02/2018 10:15:00;Strada Urbana;VIALE AMERICA;da specificare;;;;prossimità viale Shakespeare;Veicolo in marcia contro veicolo fermo;Rettilineo;Una carreggiata a doppio senso;Asciutto;Asfaltata;Verticale ed orizzontale;Nuvoloso;Normale;Buona;Ore Diurne;0;0;0;3;12,47211;41,82853;0;1;Autovettura privata;In marcia / fermata / arresto;Peugeot;207;Passeggero;1976;F;Illeso;0;;Non accertato;Inesploso
3691920;12;20/02/2018 10:15:00;Strada Urbana;VIALE AMERICA;da specificare;;;;prossimità viale Shakespeare;Veicolo in marcia contro veicolo fermo;Rettilineo;Una carreggiata a doppio senso;Asciutto;Asfaltata;Verticale ed orizzontale;Nuvoloso;Normale;Buona;Ore Diurne;0;0;0;3;12,47211;41,82853;0;2;Autovettura privata;In marcia / fermata / arresto;Peugeot;106;Conducente;1954;M;Illeso;0;;Non accertato;Inesploso
3691923;3;19/02/2018 15:40:00;Strada Urbana;VIA RAVENNA;all'intersezione con;VIA ARIODANTE FABRETTI;VIA ARIODANTE FABRETTI;;;Scontro frontale/laterale DX fra veicoli in marcia;Intersezione stradale segnalata;Una carreggiata a doppio senso;Asciutto;Asfaltata;Verticale ed orizzontale;Nuvoloso;Normale;Buona;Ore Diurne;0;0;0;3;;;0;1;Autovettura privata;In marcia / fermata / arresto;BMW;X 1;Conducente;1986;M;Illeso;0;;Non accertato;Inesploso
3691923;3;19/02/2018 15:40:00;Strada Urbana;VIA RAVENNA;all'intersezione con;VIA ARIODANTE FABRETTI;VIA ARIODANTE FABRETTI;;;Scontro frontale/laterale DX fra veicoli in marcia;Intersezione stradale segnalata;Una carreggiata a doppio senso;Asciutto;Asfaltata;Verticale ed orizzontale;Nuvoloso;Normale;Buona;Ore Diurne;0;0;0;3;;;0;2;Quadriciclo leggero;In marcia / fermata / arresto;AIXAM;-;Conducente;2001;F;Illeso;0;;Non accertato;Inesploso
3691923;3;19/02/2018 15:40:00;Strada Urbana;VIA RAVENNA;all'intersezione con;VIA ARIODANTE FABRETTI;VIA ARIODANTE FABRETTI;;;Scontro frontale/laterale DX fra veicoli in marcia;Intersezione stradale segnalata;Una carreggiata a doppio senso;Asciutto;Asfaltata;Verticale ed orizzontale;Nuvoloso;Normale;Buona;Ore Diurne;0;0;0;3;;;0;2;Quadriciclo leggero;In marcia / fermata / arresto;AIXAM;-;Passeggero;2001;M;Illeso;0;;Non accertato;Inesploso
3691981;4;19/02/2018 09:00:00;;VIA NOMENTANA;in corrispondenza;;del civico n.;573;;Investimento di pedone;;;;;;;;;;0;0;0;2;12,52841;41,93278;0;;;;;;Pedone;1987;M;Illeso;0;;;
3691981;4;19/02/2018 09:00:00;;VIA NOMENTANA;in corrispondenza;;del civico n.;573;;Investimento di pedone;;;;;;;;;;0;0;0;2;12,52841;41,93278;0;1;Motociclo a solo;In marcia / fermata / arresto;Honda;SH 150;Conducente;1964;M;Illeso;0;;Non accertato;
3692006;9;20/02/2018 10:15:00;;VIA FRANCESCO LEMMI;in prossimità;;del civico n.;18;;Scontro laterale fra veicoli in marcia;;;;;;;;;;0;0;0;2;;;0;1;Autovettura privata;In marcia / fermata / arresto;Iveco;120E23;Conducente;1980;M;Illeso;0;;;
3692006;9;20/02/2018 10:15:00;;VIA FRANCESCO LEMMI;in prossimità;;del civico n.;18;;Scontro laterale fra veicoli in marcia;;;;;;;;;;0;0;0;2;;;0;2;Autovettura privata;In marcia / fermata / arresto;Fiat;Multipla;Conducente;1974;F;Illeso;0;;;
3692007;1;20/02/2018 09:45:00;Strada Urbana;VIA DELL'AMBA ARADAM;in prossimità;;del civico n.;16;;Scontro frontale/laterale SX fra veicoli in marcia;Rettilineo;Una carreggiata a doppio senso;Asciutto;Asfaltata;Verticale ed orizzontale;Nuvoloso;Normale;Buona;Ore Diurne;0;0;0;2;;;0;1;Autovettura pubblica;In marcia / fermata / arresto;Ford;C - MAX;Conducente;1971;M;Illeso;0;;;
3692007;1;20/02/2018 09:45:00;Strada Urbana;VIA DELL'AMBA ARADAM;in prossimità;;del civico n.;16;;Scontro frontale/laterale SX fra veicoli in marcia;Rettilineo;Una carreggiata a doppio senso;Asciutto;Asfaltata;Verticale ed orizzontale;Nuvoloso;Normale;Buona;Ore Diurne;0;0;0;2;;;0;2;Motociclo a solo;In marcia / fermata / arresto;Honda;SH 150;Conducente;1965;M;Illeso;0;;;
3692024;4;19/02/2018 19:00:00;;VIA MATTEO BANDELLO;all'intersezione con;VIA CECCO ANGIOLIERI;VIA CECCO ANGIOLIERI;;;Investimento di pedone;;;;;;;;;;2;0;0;0;;;0;;;;;;Pedone;1984;F;Rimandato;0;NON DECEDUTO;;
3692024;4;19/02/2018 19:00:00;;VIA MATTEO BANDELLO;all'intersezione con;VIA CECCO ANGIOLIERI;VIA CECCO ANGIOLIERI;;;Investimento di pedone;;;;;;;;;;2;0;0;0;;;0;1;Motociclo a solo;In marcia / fermata / arresto;Aprilia;sport city;Conducente;1961;M;Rimandato;0;NON DECEDUTO;;
3692061;18;20/02/2018 10:30:00;Strada Urbana;VIA DI BOCCEA;da specificare;;;;fronte civico 110;Scontro laterale fra veicoli in marcia;Rettilineo;Una carreggiata a doppio senso;Asciutto;Asfaltata;Verticale ed orizzontale;Nuvoloso;Intenso;Buona;Ore Diurne;1;0;0;1;12,38466;41,91495;0;1;Autovettura privata;In marcia / fermata / arresto;Nissan;Serena;Conducente;1994;M;Illeso;0;;Non accertato;Inesistente
3692061;18;20/02/2018 10:30:00;Strada Urbana;VIA DI BOCCEA;da specificare;;;;fronte civico 110;Scontro laterale fra veicoli in marcia;Rettilineo;Una carreggiata a doppio senso;Asciutto;Asfaltata;Verticale ed orizzontale;Nuvoloso;Intenso;Buona;Ore Diurne;1;0;0;1;12,38466;41,91495;0;2;Motociclo a solo;In marcia / fermata / arresto;Honda;SH 125;Conducente;1979;F;Rimandato;0;NON DECEDUTO;Non accertato;
3692075;12;20/02/2018 10:45:00;Strada Urbana;VIALE DEI CADUTI PER LA RESISTENZA;da specificare;;;;via eroi di Trily;Scontro laterale fra veicoli in marcia;Rettilineo;Una carreggiata a senso unico di marcia;Asciutto;Asfaltata;Verticale ed orizzontale;Sereno;Normale;Buona;Ore Diurne;0;0;0;1;12,44671;41,78901;0;1;Autovettura privata;In marcia / fermata / arresto;Audi;A 4;Conducente;1963;M;Illeso;0;;Non accertato;Inesploso
3692107;7;20/02/2018 10:40:00;Strada Urbana;VIA SANTI ROMANO;da specificare;;;;altezza largo SANTI ROMANO;Investimento di pedone;Rettilineo;Una carreggiata a doppio senso;Asciutto;Asfaltata;Orizzontale;Nuvoloso;Intenso;Buona;Ore Diurne;1;0;0;1;;;0;;;;;;Pedone;1953;F;Rimandato;0;NON DECEDUTO;;
3692107;7;20/02/2018 10:40:00;Strada Urbana;VIA SANTI ROMANO;da specificare;;;;altezza largo SANTI ROMANO;Investimento di pedone;Rettilineo;Una carreggiata a doppio senso;Asciutto;Asfaltata;Orizzontale;Nuvoloso;Intenso;Buona;Ore Diurne;1;0;0;1;;;0;1;Autovettura privata;In marcia / fermata / arresto;Ford;Fusion;Conducente;1982;F;Illeso;0;;Non accertato;Inesploso
3692111;9;20/02/2018 10:30:00;Strada Urbana;VIA APPIA NUOVA;da specificare;;;;ALT. VIALE FURIO CAMILLO;Scontro frontale/laterale DX fra veicoli in marcia;Rettilineo;Due carreggiate;Asciutto;Asfaltata;Verticale ed orizzontale;Sereno;Normale;Buona;Ore Diurne;0;0;0;2;;;0;1;Autovettura pubblica;In marcia / fermata / arresto;Peugeot;5008;Conducente;1964;M;Illeso;0;;;
3692111;9;20/02/2018 10:30:00;Strada Urbana;VIA APPIA NUOVA;da specificare;;;;ALT. VIALE FURIO CAMILLO;Scontro frontale/laterale DX fra veicoli in marcia;Rettilineo;Due carreggiate;Asciutto;Asfaltata;Verticale ed orizzontale;Sereno;Normale;Buona;Ore Diurne;0;0;0;2;;;0;2;Motociclo a solo;In marcia / fermata / arresto;Piaggio;Beverly;Conducente;1964;M;Illeso;0;;;
3692113;10;20/02/2018 11:00:00;Strada Urbana;VIA WALTER PROCACCINI;da specificare;;;;attraversamento rotatoria T Spaccata dir. E. Viola;Investimento di pedone;Rotatoria;Due carreggiate;Asciutto;Asfaltata;Verticale ed orizzontale;Sereno;Scarso;Buona;Ore Diurne;1;0;0;1;;;0;;;;;;Pedone;1936;F;Ricoverato;0;NON DECEDUTO;;
3692113;10;20/02/2018 11:00:00;Strada Urbana;VIA WALTER PROCACCINI;da specificare;;;;attraversamento rotatoria T Spaccata dir. E. Viola;Investimento di pedone;Rotatoria;Due carreggiate;Asciutto;Asfaltata;Verticale ed orizzontale;Sereno;Scarso;Buona;Ore Diurne;1;0;0;1;;;0;1;Autovettura privata;In marcia / fermata / arresto;Peugeot;307;Conducente;1956;M;Illeso;0;;Non accertato;Inesploso
3692194;5;20/02/2018 11:10:00;Strada Urbana;VIALE BATTISTA BARDANZELLU;in prossimità;;del civico n.;47;;Scontro laterale fra veicoli in marcia;Curva senza visuale libera;Due carreggiate;Bagnato (pioggia);Asfaltata;Verticale ed orizzontale;Sereno;Normale;Buona;Ore Diurne;1;0;0;1;12,57389;41,91519;0;1;Autovettura privata;In marcia / fermata / arresto;Fiat;Idea;Conducente;0;F;Illeso;0;;;
3692194;5;20/02/2018 11:10:00;Strada Urbana;VIALE BATTISTA BARDANZELLU;in prossimità;;del civico n.;47;;Scontro laterale fra veicoli in marcia;Curva senza visuale libera;Due carreggiate;Bagnato (pioggia);Asfaltata;Verticale ed orizzontale;Sereno;Normale;Buona;Ore Diurne;1;0;0;1;12,57389;41,91519;0;2;Autovettura privata;In marcia / fermata / arresto;Mercedes;Smart Fortwo;Conducente;0;M;Ricoverato;0;NON DECEDUTO;;
3692316;10;20/02/2018 12:15:00;Strada Urbana;PIAZZA FABIO SABATINI;all'intersezione con;VIA ANDREA MONETA;VIA ANDREA MONETA;;;Scontro laterale fra veicoli in marcia;Rotatoria;Una carreggiata a senso unico di marcia;Asciutto;Asfaltata;Verticale ed orizzontale;Sereno;Normale;Sufficiente;Ore Diurne;0;0;0;3;12,59033;41,84649;-1;1;Autovettura privata;In marcia / fermata / arresto;Citroen;C3;Conducente;1985;M;Illeso;0;;;
3692316;10;20/02/2018 12:15:00;Strada Urbana;PIAZZA FABIO SABATINI;all'intersezione con;VIA ANDREA MONETA;VIA ANDREA MONETA;;;Scontro laterale fra veicoli in marcia;Rotatoria;Una carreggiata a senso unico di marcia;Asciutto;Asfaltata;Verticale ed orizzontale;Sereno;Normale;Sufficiente;Ore Diurne;0;0;0;3;12,59033;41,84649;-1;1;Autovettura privata;In marcia / fermata / arresto;Citroen;C3;Passeggero;1958;F;Illeso;0;;Non accertato;Inesploso
3692316;10;20/02/2018 12:15:00;Strada Urbana;PIAZZA FABIO SABATINI;all'intersezione con;VIA ANDREA MONETA;VIA ANDREA MONETA;;;Scontro laterale fra veicoli in marcia;Rotatoria;Una carreggiata a senso unico di marcia;Asciutto;Asfaltata;Verticale ed orizzontale;Sereno;Normale;Sufficiente;Ore Diurne;0;0;0;3;12,59033;41,84649;-1;2;Autovettura privata;In marcia / fermata / arresto;Daimler;Chrysler Smart;Conducente;1982;F;Illeso;0;;Non accertato;Inesploso
3692371;9;20/02/2018 14:00:00;Strada Urbana;VIA DELL'ARCO DI TRAVERTINO;all'intersezione con;VIA VALLEROTONDA;VIA VALLEROTONDA;;;Scontro laterale fra veicoli in marcia;Incrocio;Due carreggiate;Asciutto;Asfaltata;Verticale ed orizzontale;Sereno;Normale;Buona;Ore Diurne;0;0;0;3;;;0;1;Autovettura privata;In marcia / fermata / arresto;Fiat;Tipo;Conducente;1978;M;Illeso;0;;Non accertato;Inesploso
3692371;9;20/02/2018 14:00:00;Strada Urbana;VIA DELL'ARCO DI TRAVERTINO;all'intersezione con;VIA VALLEROTONDA;VIA VALLEROTONDA;;;Scontro laterale fra veicoli in marcia;Incrocio;Due carreggiate;Asciutto;Asfaltata;Verticale ed orizzontale;Sereno;Normale;Buona;Ore Diurne;0;0;0;3;;;0;1;Autovettura privata;In marcia / fermata / arresto;Fiat;Tipo;Passeggero;1987;F;Illeso;0;;Non accertato;Inesploso
3692371;9;20/02/2018 14:00:00;Strada Urbana;VIA DELL'ARCO DI TRAVERTINO;all'intersezione con;VIA VALLEROTONDA;VIA VALLEROTONDA;;;Scontro laterale fra veicoli in marcia;Incrocio;Due carreggiate;Asciutto;Asfaltata;Verticale ed orizzontale;Sereno;Normale;Buona;Ore Diurne;0;0;0;3;;;0;2;Motociclo con passeggero;In marcia / fermata / arresto;(non accertato);(non accertato);Conducente;1976;M;Illeso;0;;Non accertato;
3692389;5;20/02/2018 13:35:00;;VIA TIBURTINA;da specificare;;;;dir. GRA alt. Metro Pte. Mammolo;Tamponamento;;;;;;;;;;0;0;0;3;12,56574;41,92006;0;1;Autoveicolo trasp.promisc.;In marcia / fermata / arresto;Fiat;Marea;Conducente;1984;M;Illeso;0;;Non accertato;Inesploso
3692389;5;20/02/2018 13:35:00;;VIA TIBURTINA;da specificare;;;;dir. GRA alt. Metro Pte. Mammolo;Tamponamento;;;;;;;;;;0;0;0;3;12,56574;41,92006;0;1;Autoveicolo trasp.promisc.;In marcia / fermata / arresto;Fiat;Marea;Passeggero;1982;M;Illeso;0;;Non accertato;Inesploso
3692389;5;20/02/2018 13:35:00;;VIA TIBURTINA;da specificare;;;;dir. GRA alt. Metro Pte. Mammolo;Tamponamento;;;;;;;;;;0;0;0;3;12,56574;41,92006;0;2;Autovettura privata;In marcia / fermata / arresto;Fiat;Multipla;Conducente;1977;M;Illeso;0;;Non accertato;Inesploso
3692430;11;20/02/2018 13:30:00;Strada Urbana;VIA LAURENTINA;in prossimità;;del civico n.;470;;Tamponamento;Rettilineo;Due carreggiate;Asciutto;Asfaltata;Verticale ed orizzontale;Sereno;Normale;Buona;Ore Diurne;1;0;0;2;12,48039;41,83027;0;1;Autovettura privata;In marcia / fermata / arresto;Daimler AG;Smart Fortwo coupè;Conducente;1985;F;Illeso;0;;Non accertato;Inesploso
3692430;11;20/02/2018 13:30:00;Strada Urbana;VIA LAURENTINA;in prossimità;;del civico n.;470;;Tamponamento;Rettilineo;Due carreggiate;Asciutto;Asfaltata;Verticale ed orizzontale;Sereno;Normale;Buona;Ore Diurne;1;0;0;2;12,48039;41,83027;0;1;Autovettura privata;In marcia / fermata / arresto;Daimler AG;Smart Fortwo coupè;Passeggero;1963;M;Illeso;0;;Non accertato;Inesploso
3692430;11;20/02/2018 13:30:00;Strada Urbana;VIA LAURENTINA;in prossimità;;del civico n.;470;;Tamponamento;Rettilineo;Due carreggiate;Asciutto;Asfaltata;Verticale ed orizzontale;Sereno;Normale;Buona;Ore Diurne;1;0;0;2;12,48039;41,83027;0;2;Autovettura privata;In marcia / fermata / arresto;Fiat;Multipla;Conducente;1978;M;Rimandato;0;NON DECEDUTO;Non accertato;Esploso
3692469;10;20/02/2018 15:10:00;Strada Urbana;VIA DEL FOSSO DELL'ACQUA MARIANA;in prossimità;;del civico n.;80;;Scontro laterale fra veicoli in marcia;Rettilineo;Una carreggiata a senso unico di marcia;Asciutto;Asfaltata;Assente;Sereno;Normale;Sufficiente;Ore Diurne;0;0;0;2;;;0;1;Autovettura privata;In marcia / fermata / arresto;Volkswagen;Lupo;Conducente;1998;M;Illeso;0;;;
3692469;10;20/02/2018 15:10:00;Strada Urbana;VIA DEL FOSSO DELL'ACQUA MARIANA;in prossimità;;del civico n.;80;;Scontro laterale fra veicoli in marcia;Rettilineo;Una carreggiata a senso unico di marcia;Asciutto;Asfaltata;Assente;Sereno;Normale;Sufficiente;Ore Diurne;0;0;0;2;;;0;2;Autovettura privata;In marcia / fermata / arresto;Hyundai;i 20;Conducente;1979;M;Illeso;0;;Non accertato;Inesploso
3692568;13;20/02/2018 15:40:00;Strada Urbana;PIAZZA GREGORIO RONCA;in corrispondenza;;del civico n.;34;;Tamponamento;Rettilineo;Una carreggiata a senso unico di marcia;Asciutto;Asfaltata;Assente;Sereno;Normale;Buona;Ore Diurne;0;0;0;2;12,28624;41,73332;0;1;Autovettura privata;In marcia / fermata / arresto;Opel;Corsa;Conducente;1971;M;Illeso;0;;Non accertato;Inesploso
3692568;13;20/02/2018 15:40:00;Strada Urbana;PIAZZA GREGORIO RONCA;in corrispondenza;;del civico n.;34;;Tamponamento;Rettilineo;Una carreggiata a senso unico di marcia;Asciutto;Asfaltata;Assente;Sereno;Normale;Buona;Ore Diurne;0;0;0;2;12,28624;41,73332;0;2;Autocarro inferiore 35 q.;In marcia / fermata / arresto;Citroen;JUMPER;Conducente;1989;M;Illeso;0;;Non accertato;Inesploso
3692581;16;13/02/2018 10:30:00;;VIA GIOVANNI FILIPPO INGRASSIA;all'intersezione con;VIA DI DONNA OLIMPIA;VIA DI DONNA OLIMPIA;;;Tamponamento;;;;;;;;;;0;0;0;2;;;0;1;Autovettura privata;In marcia / fermata / arresto;Lancia;Y;Conducente;0;F;Illeso;0;;;
3692581;16;13/02/2018 10:30:00;;VIA GIOVANNI FILIPPO INGRASSIA;all'intersezione con;VIA DI DONNA OLIMPIA;VIA DI DONNA OLIMPIA;;;Tamponamento;;;;;;;;;;0;0;0;2;;;0;2;Autocarro inferiore 35 q.;In marcia / fermata / arresto;Suzuki;Carry;Conducente;0;M;Illeso;0;;;
3692585;18;20/02/2018 15:30:00;Strada Urbana;VIA GREGORIO VII;da specificare;;;;altezza civ.136 (corsia preferenziale);Investimento di pedone;Rettilineo;Più di due carreggiate;Asciutto;Asfaltata;Verticale ed orizzontale;Sereno;Normale;Buona;Ore Diurne;1;0;0;1;12,44557;41,89557;0;;;;;;Pedone;0;M;Rimandato;0;NON DECEDUTO;;
3692585;18;20/02/2018 15:30:00;Strada Urbana;VIA GREGORIO VII;da specificare;;;;altezza civ.136 (corsia preferenziale);Investimento di pedone;Rettilineo;Più di due carreggiate;Asciutto;Asfaltata;Verticale ed orizzontale;Sereno;Normale;Buona;Ore Diurne;1;0;0;1;12,44557;41,89557;0;1;Autovettura pubblica;In marcia / fermata / arresto;Nissan;QASHQAI;Conducente;1984;M;Illeso;0;;Non accertato;Inesploso
3692671;10;20/02/2018 16:10:00;Strada Urbana;VIALE DEI CONSOLI;in prossimità;;del civico n.;53;;Veicolo in marcia contro veicolo fermo;Rettilineo;Una carreggiata a senso unico di marcia;Asciutto;Asfaltata;Verticale ed orizzontale;Sereno;Normale;Sufficiente;Ore Diurne;1;0;0;2;;;0;1;Velocipede;In marcia / fermata / arresto;Hop;(ignoto);Conducente;1946;M;Rimandato;0;NON DECEDUTO;Esente;
3692671;10;20/02/2018 16:10:00;Strada Urbana;VIALE DEI CONSOLI;in prossimità;;del civico n.;53;;Veicolo in marcia contro veicolo fermo;Rettilineo;Una carreggiata a senso unico di marcia;Asciutto;Asfaltata;Verticale ed orizzontale;Sereno;Normale;Sufficiente;Ore Diurne;1;0;0;2;;;0;2;Autovettura privata;In marcia / fermata / arresto;Kia;Venga;Conducente;1977;F;Illeso;0;;Non accertato;Inesploso
3692671;10;20/02/2018 16:10:00;Strada Urbana;VIALE DEI CONSOLI;in prossimità;;del civico n.;53;;Veicolo in marcia contro veicolo fermo;Rettilineo;Una carreggiata a senso unico di marcia;Asciutto;Asfaltata;Verticale ed orizzontale;Sereno;Normale;Sufficiente;Ore Diurne;1;0;0;2;;;0;2;Autovettura privata;In marcia / fermata / arresto;Kia;Venga;Passeggero;1978;F;Illeso;0;;Non accertato;Inesploso
3692760;9;20/02/2018 17:00:00;Strada Urbana;VICOLO DELL'ACQUEDOTTO FELICE;da specificare;;;;fronte via Frascati;Scontro frontale fra veicoli in marcia;Rettilineo;Una carreggiata a doppio senso;Asciutto;Asfaltata;Verticale;Sereno;Normale;Buona;Ore Diurne;0;0;0;2;;;0;1;Autovettura privata;In marcia / fermata / arresto;Fiat;Seicento;Conducente;1994;M;Illeso;0;;Non accertato;Inesploso
3692760;9;20/02/2018 17:00:00;Strada Urbana;VICOLO DELL'ACQUEDOTTO FELICE;da specificare;;;;fronte via Frascati;Scontro frontale fra veicoli in marcia;Rettilineo;Una carreggiata a doppio senso;Asciutto;Asfaltata;Verticale;Sereno;Normale;Buona;Ore Diurne;0;0;0;2;;;0;2;Motociclo a solo;In marcia / fermata / arresto;LML;(non accertato);Conducente;1966;M;Illeso;0;;Non accertato;
3692806;11;20/02/2018 15:45:00;Strada Urbana;VIA CRISTOFORO COLOMBO;in prossimità;;del civico n.;261;;Tamponamento Multiplo;Rettilineo;Più di due carreggiate;Asciutto;Asfaltata;Verticale ed orizzontale;Sereno;Normale;Buona;Ore Diurne;0;0;0;3;12,49603;41,85801;0;1;Autovettura privata;In marcia / fermata / arresto;Ford;Fiesta;Conducente;1965;F;Illeso;0;;Non accertato;Inesploso
3692806;11;20/02/2018 15:45:00;Strada Urbana;VIA CRISTOFORO COLOMBO;in prossimità;;del civico n.;261;;Tamponamento Multiplo;Rettilineo;Più di due carreggiate;Asciutto;Asfaltata;Verticale ed orizzontale;Sereno;Normale;Buona;Ore Diurne;0;0;0;3;12,49603;41,85801;0;2;Autovettura privata;In marcia / fermata / arresto;Fiat;Panda;Conducente;1946;M;Illeso;0;;Non accertato;Inesploso
3692806;11;20/02/2018 15:45:00;Strada Urbana;VIA CRISTOFORO COLOMBO;in prossimità;;del civico n.;261;;Tamponamento Multiplo;Rettilineo;Più di due carreggiate;Asciutto;Asfaltata;Verticale ed orizzontale;Sereno;Normale;Buona;Ore Diurne;0;0;0;3;12,49603;41,85801;0;3;Autovettura privata;In marcia / fermata / arresto;Ford;Fiesta;Conducente;1986;M;Illeso;0;;Non accertato;Inesploso
3692817;10;20/02/2018 17:50:00;Strada Urbana;VIA EGERIO LEVIO;in prossimità;;del civico n.;25;;Scontro laterale fra veicoli in marcia;Rettilineo;Una carreggiata a senso unico di marcia;Asciutto;Asfaltata;Assente;Sereno;Normale;Sufficiente;Sufficiente;0;0;0;3;12,5501;41,86185;-1;1;Autovettura privata;In marcia / fermata / arresto;Peugeot;207;Conducente;1990;M;Illeso;0;;Non accertato;Inesploso
3692817;10;20/02/2018 17:50:00;Strada Urbana;VIA EGERIO LEVIO;in prossimità;;del civico n.;25;;Scontro laterale fra veicoli in marcia;Rettilineo;Una carreggiata a senso unico di marcia;Asciutto;Asfaltata;Assente;Sereno;Normale;Sufficiente;Sufficiente;0;0;0;3;12,5501;41,86185;-1;2;Autovettura privata;In marcia / fermata / arresto;BMW;120 D;Conducente;1978;M;Illeso;0;;Non accertato;Inesploso
3692817;10;20/02/2018 17:50:00;Strada Urbana;VIA EGERIO LEVIO;in prossimità;;del civico n.;25;;Scontro laterale fra veicoli in marcia;Rettilineo;Una carreggiata a senso unico di marcia;Asciutto;Asfaltata;Assente;Sereno;Normale;Sufficiente;Sufficiente;0;0;0;3;12,5501;41,86185;-1;2;Autovettura privata;In marcia / fermata / arresto;BMW;120 D;Passeggero;1995;M;Illeso;0;;Non accertato;Inesploso
3692822;1;20/02/2018 14:45:00;Strada Urbana;PIAZZA D'ARACOELI;da specificare;;;;in corrispondenza capolinea Bus ;Infortunio per sola frenata improvvisa;Curva a visuale libera;Una carreggiata a senso unico di marcia;Asciutto;In cubetti di porfido;Orizzontale;Nuvoloso;Normale;Buona;Ore Diurne;1;0;0;1;;;0;1;Autovettura pubblica;In marcia / fermata / arresto;Citroen;C3 Picasso;Conducente;1970;M;Illeso;0;;Non accertato;Inesploso
3692822;1;20/02/2018 14:45:00;Strada Urbana;PIAZZA D'ARACOELI;da specificare;;;;in corrispondenza capolinea Bus ;Infortunio per sola frenata improvvisa;Curva a visuale libera;Una carreggiata a senso unico di marcia;Asciutto;In cubetti di porfido;Orizzontale;Nuvoloso;Normale;Buona;Ore Diurne;1;0;0;1;;;0;2;Motociclo a solo;In marcia / fermata / arresto;Honda;PS 125;Conducente;1972;M;Rifiuta cure immediate;0;NON DECEDUTO;Non accertato;
3692828;18;20/02/2018 16:15:00;Strada Urbana;VIA DI SELVA CANDIDA;all'intersezione con;VIA MOMBARUZZO;VIA MOMBARUZZO;;;Investimento di pedone;Intersezione non regolata/non segnalata;Una carreggiata a doppio senso;Asciutto;Asfaltata;Orizzontale;Sereno;Normale;Sufficiente;Sufficiente;1;0;0;1;12,37439;41,92488;0;;;;;;Pedone;0;F;Rimandato;0;NON DECEDUTO;;