Protocollo;Gruppo;DataOraIncidente;Localizzazione1;STRADA1;Localizzazione2;STRADA2;Strada02;Chilometrica;DaSpecificare;NaturaIncidente;particolaritastrade;TipoStrada;FondoStradale;Pavimentazione;Segnaletica;CondizioneAtmosferica;Traffico;Visibilita;Illuminazione;NUM_FERITI;NUM_RISERVATA;NUM_MORTI;NUM_ILLESI;Longitudine;Latitudine;Confermato;Progressivo;TipoVeicolo;StatoVeicolo;Marca;Modello;TipoPersona;AnnoNascita;Sesso;Tipolesione;Deceduto;DecedutoDopo;CinturaCascoUtilizzato;Airbag;
3694294;16;20/02/2018 08:00:00;;VIA GIOVANNI DE ROMANIS;all'intersezione con;VIA ANTONIO PIGNATELLI;VIA ANTONIO PIGNATELLI;;;Scontro frontale/laterale DX fra veicoli in marcia;;;;;;;;;;0;0;0;3;;;0;1;Autovettura privata;In marcia / fermata / arresto;Citroen;Xsara;Passeggero;0;F;Illeso;0;;;
3694294;16;20/02/2018 08:00:00;;VIA GIOVANNI DE ROMANIS;all'intersezione con;VIA ANTONIO PIGNATELLI;VIA ANTONIO PIGNATELLI;;;Scontro frontale/laterale DX fra veicoli in marcia;;;;;;;;;;0;0;0;3;;;0;2;Autovettura privata;In marcia / fermata / arresto;Chevrolet;spark;Conducente;0;F;Illeso;0;;;
3694330;16;20/02/2018 11:00:00;;VIALE DEI COLLI PORTUENSI;in prossimità;;del civico n.;10;;Scontro laterale fra veicoli in marcia;;;;;;;;;;0;0;0;2;;;0;1;Autovettura privata;In marcia / fermata / arresto;Smart ;for two;Conducente;0;M;Illeso;0;;;
3694330;16;20/02/2018 11:00:00;;VIALE DEI COLLI PORTUENSI;in prossimità;;del civico n.;10;;Scontro laterale fra veicoli in marcia;;;;;;;;;;0;0;0;2;;;0;2;Autovettura privata;In marcia / fermata / arresto;Smart ;(non accertato);Conducente;0;F;Illeso;0;;;
3694442;6;21/02/2018 15:00:00;Strada Urbana;VIA CASILINA;in prossimità;;del civico n.;646;;Tamponamento Multiplo;Rettilineo;Due carreggiate;Asciutto;Asfaltata;Verticale ed orizzontale;Nuvoloso;Normale;Buona;Ore Diurne;1;0;0;2;12,5526;41,87672;-1;1;Autovettura privata;In marcia / fermata / arresto;Toyota;Yaris;Conducente;1970;F;Illeso;0;;Non accertato;Inesploso
3694442;6;21/02/2018 15:00:00;Strada Urbana;VIA CASILINA;in prossimità;;del civico n.;646;;Tamponamento Multiplo;Rettilineo;Due carreggiate;Asciutto;Asfaltata;Verticale ed orizzontale;Nuvoloso;Normale;Buona;Ore Diurne;1;0;0;2;12,5526;41,87672;-1;2;Autovettura privata;In marcia / fermata / arresto;Lancia;Ypsilon;Conducente;1987;F;Rifiuta cure immediate;0;NON DECEDUTO;Non accertato;Inesploso
3694442;6;21/02/2018 15:00:00;Strada Urbana;VIA CASILINA;in prossimità;;del civico n.;646;;Tamponamento Multiplo;Rettilineo;Due carreggiate;Asciutto;Asfaltata;Verticale ed orizzontale;Nuvoloso;Normale;Buona;Ore Diurne;1;0;0;2;12,5526;41,87672;-1;3;Autovettura privata;In marcia / fermata / arresto;Alfa Romeo;159;Conducente;1990;M;Illeso;0;;Non accertato;Inesploso
3694444;16;20/02/2018 16:20:00;;VIA DEI CAPASSO;da specificare;;;;prossimità capolinea ATAC;Veicolo in marcia contro veicolo fermo;;;;;;;;;;0;0;0;2;;;0;1;Autobus di linea;In marcia / fermata / arresto;Iveco; urbanway;Conducente;0;M;Illeso;0;;;
3694444;16;20/02/2018 16:20:00;;VIA DEI CAPASSO;da specificare;;;;prossimità capolinea ATAC;Veicolo in marcia contro veicolo fermo;;;;;;;;;;0;0;0;2;;;0;2;Autocarro inferiore 35 q.;Sosta;Fiat;Iveco;Passeggero;0;M;Illeso;0;;;
3694457;15;21/02/2018 09:20:00;;VIA CONZANO;in prossimità;;del civico n.;83;;Scontro laterale fra veicoli in marcia;;;;;;;;;;0;0;0;2;12,30554;41,82305;0;1;Autovettura privata;In marcia / fermata / arresto;Mercedes;C220 CDI;Conducente;0;M;Illeso;0;;;
3694457;15;21/02/2018 09:20:00;;VIA CONZANO;in prossimità;;del civico n.;83;;Scontro laterale fra veicoli in marcia;;;;;;;;;;0;0;0;2;12,30554;41,82305;0;2;Autovettura privata;In marcia / fermata / arresto;Fiat;500;Conducente;0;M;Illeso;0;;;
3694462;15;21/02/2018 11:05:00;;VIA DEGLI ADIMARI;in corrispondenza;;del civico n.;6;;Veicolo in marcia contro ostacolo accidentale;;;;;;;;;;0;0;0;5;;;0;1;Autovettura privata;In marcia / fermata / arresto;Ford;Fiesta;Conducente;0;M;Illeso;0;;;
3694462;15;21/02/2018 11:05:00;;VIA DEGLI ADIMARI;in corrispondenza;;del civico n.;6;;Veicolo in marcia contro ostacolo accidentale;;;;;;;;;;0;0;0;5;;;0;1;Autovettura privata;In marcia / fermata / arresto;Ford;Fiesta;Passeggero;0;F;Illeso;0;;;
3694462;15;21/02/2018 11:05:00;;VIA DEGLI ADIMARI;in corrispondenza;;del civico n.;6;;Veicolo in marcia contro ostacolo accidentale;;;;;;;;;;0;0;0;5;;;0;2;Autovettura privata;In marcia / fermata / arresto;Alfa Romeo;145;Conducente;0;M;Illeso;0;;;
3694462;15;21/02/2018 11:05:00;;VIA DEGLI ADIMARI;in corrispondenza;;del civico n.;6;;Veicolo in marcia contro ostacolo accidentale;;;;;;;;;;0;0;0;5;;;0;2;Autovettura privata;In marcia / fermata / arresto;Alfa Romeo;145;Passeggero;0;F;Illeso;0;;;
3694467;19;21/02/2018 15:20:00;Strada Urbana;VIA SENECA;in prossimità;;del civico n.;2;;Scontro laterale fra veicoli in marcia;Rettilineo;Una carreggiata a doppio senso;Asciutto;Asfaltata;Orizzontale;Sereno;Scarso;Buona;Ore Diurne;0;0;0;2;12,44557;41,92232;-1;1;Autovettura privata;In marcia / fermata / arresto;Mercedes;Classe B 180;Conducente;1994;F;Illeso;0;;;
3694467;19;21/02/2018 15:20:00;Strada Urbana;VIA SENECA;in prossimità;;del civico n.;2;;Scontro laterale fra veicoli in marcia;Rettilineo;Una carreggiata a doppio senso;Asciutto;Asfaltata;Orizzontale;Sereno;Scarso;Buona;Ore Diurne;0;0;0;2;12,44557;41,92232;-1;2;Autovettura privata;In marcia / fermata / arresto;Chevrolet;Matiz;Conducente;1954;F;Illeso;0;;;
3694469;15;21/02/2018 10:30:00;;VIA PORTUENSE;all'intersezione semaforizzata con;VIA GUGLIELMO MENGARINI;VIA GUGLIELMO MENGARINI;;;Investimento di pedone;;;;;;;;;;0;0;0;2;12,41402;41,84696;0;;;;;;Pedone;0;F;Illeso;0;;;
3694469;15;21/02/2018 10:30:00;;VIA PORTUENSE;all'intersezione semaforizzata con;VIA GUGLIELMO MENGARINI;VIA GUGLIELMO MENGARINI;;;Investimento di pedone;;;;;;;;;;0;0;0;2;12,41402;41,84696;0;1;Autovettura privata;In marcia / fermata / arresto;Ford;Fiesta;Conducente;0;F;Illeso;0;;;
3694484;16;20/02/2018 17:30:00;;VIA PIO FOA';all'intersezione semaforizzata con;VIA VITELLIA;VIA VITELLIA;;;Veicolo in marcia contro ostacolo fisso;;;;;;;;;;0;0;0;1;;;0;1;Autovettura privata;In marcia / fermata / arresto;Peugeot;(non accertato);Conducente;0;F;Illeso;0;;;
3694491;18;21/02/2018 16:15:00;Strada Urbana;VIA LEONE XIII;in prossimità;;del civico n.;464;;Tamponamento;Rettilineo;Due carreggiate;Asciutto;Asfaltata;Verticale ed orizzontale;Nuvoloso;Normale;Buona;Ore Diurne;0;0;0;2;12,4374;41,89339;0;1;Autovettura privata;In marcia / fermata / arresto;Toyota;Yaris;Conducente;1978;F;Illeso;0;;;Inesploso
3694491;18;21/02/2018 16:15:00;Strada Urbana;VIA LEONE XIII;in prossimità;;del civico n.;464;;Tamponamento;Rettilineo;Due carreggiate;Asciutto;Asfaltata;Verticale ed orizzontale;Nuvoloso;Normale;Buona;Ore Diurne;0;0;0;2;12,4374;41,89339;0;2;Autovettura privata;In marcia / fermata / arresto;Ford;Focus;Conducente;1973;F;Illeso;0;;Non accertato;Inesploso
3694506;13;21/02/2018 09:30:00;Strada Urbana;VIALE VASCO DE GAMA;all'intersezione con;VIA STEFANO CANSACCHI;VIA STEFANO CANSACCHI;;;Scontro frontale/laterale SX fra veicoli in marcia;Incrocio;Due carreggiate;Bagnato (pioggia);Asfaltata;Orizzontale;Pioggia in atto;Normale;Buona;Ore Diurne;0;0;0;3;;;0;1;Autovettura privata;In marcia / fermata / arresto;Fiat;Panda;Conducente;1986;M;Illeso;0;;Non accertato;Inesploso
3694506;13;21/02/2018 09:30:00;Strada Urbana;VIALE VASCO DE GAMA;all'intersezione con;VIA STEFANO CANSACCHI;VIA STEFANO CANSACCHI;;;Scontro frontale/laterale SX fra veicoli in marcia;Incrocio;Due carreggiate;Bagnato (pioggia);Asfaltata;Orizzontale;Pioggia in atto;Normale;Buona;Ore Diurne;0;0;0;3;;;0;1;Autovettura privata;In marcia / fermata / arresto;Fiat;Panda;Passeggero;1991;F;Illeso;0;;Non accertato;Inesploso
3694506;13;21/02/2018 09:30:00;Strada Urbana;VIALE VASCO DE GAMA;all'intersezione con;VIA STEFANO CANSACCHI;VIA STEFANO CANSACCHI;;;Scontro frontale/laterale SX fra veicoli in marcia;Incrocio;Due carreggiate;Bagnato (pioggia);Asfaltata;Orizzontale;Pioggia in atto;Normale;Buona;Ore Diurne;0;0;0;3;;;0;2;Autovettura privata;In marcia / fermata / arresto;Ford;S - MAX;Conducente;1979;M;Illeso;0;;Non accertato;Inesploso
3694510;16;20/02/2018 18:30:00;;VIA SILVESTRI;in corrispondenza;;del civico n.;220;;Tamponamento;;;;;;;;;;0;0;0;2;;;0;;;;;;Pedone;0;M;Illeso;0;;;
3694510;16;20/02/2018 18:30:00;;VIA SILVESTRI;in corrispondenza;;del civico n.;220;;Tamponamento;;;;;;;;;;0;0;0;2;;;0;1;Motociclo a solo;In marcia / fermata / arresto;Honda;SH 150;Conducente;0;M;Illeso;0;;;
3694523;16;20/02/2018 22:30:00;;VIA PORTUENSE;in prossimità;;del civico n.;524;;Veicolo in marcia contro veicolo in sosta;;;;;;;;;;0;0;0;2;;;0;1;Autovettura privata;In marcia / fermata / arresto;Citroen;C 1;Conducente;0;F;Illeso;0;;;
3694523;16;20/02/2018 22:30:00;;VIA PORTUENSE;in prossimità;;del civico n.;524;;Veicolo in marcia contro veicolo in sosta;;;;;;;;;;0;0;0;2;;;0;2;Autovettura privata;In marcia / fermata / arresto;Citroen;C 3 Pluriel;Conducente;0;F;Illeso;0;;;
3694544;1;21/02/2018 13:50:00;Strada Urbana;VIA GIOVANNI BRANCA;in prossimità;;del civico n.;90;;Veicolo in marcia contro veicolo in sosta;Rettilineo;Una carreggiata a doppio senso;Asciutto;Asfaltata;Verticale ed orizzontale;Nuvoloso;Normale;Buona;Ore Diurne;0;0;0;1;;;0;1;Autovettura privata;In marcia / fermata / arresto;Fiat;Panda;Conducente;1954;F;Illeso;0;;Non utilizzato;Inesploso
3694559;13;21/02/2018 07:10:00;;PIAZZALE CRISTOFORO COLOMBO;da specificare;;;;xxxxxxxxxxxxxxx;Scontro laterale fra veicoli in marcia;;;;;;;;;;0;0;0;3;;;0;1;Autovettura privata;In marcia / fermata / arresto;Chrysler;JEEP CHEROKEE;Conducente;1963;M;Illeso;0;;;
3694559;13;21/02/2018 07:10:00;;PIAZZALE CRISTOFORO COLOMBO;da specificare;;;;xxxxxxxxxxxxxxx;Scontro laterale fra veicoli in marcia;;;;;;;;;;0;0;0;3;;;0;2;Autovettura di polizia;In marcia / fermata / arresto;Peugeot;208;Conducente;1969;M;Illeso;0;;;
3694559;13;21/02/2018 07:10:00;;PIAZZALE CRISTOFORO COLOMBO;da specificare;;;;xxxxxxxxxxxxxxx;Scontro laterale fra veicoli in marcia;;;;;;;;;;0;0;0;3;;;0;2;Autovettura di polizia;In marcia / fermata / arresto;Peugeot;208;Passeggero;1970;F;Illeso;0;;;
3694589;13;21/02/2018 12:30:00;;VIALE PAOLO ORLANDO;in corrispondenza;;del civico n.;11;;Veicolo in marcia contro veicolo fermo;;;;;;;;;;0;0;0;3;;;0;1;Autovettura privata;In marcia / fermata / arresto;Fiat;Panda;Conducente;1982;F;Illeso;0;;;
3694589;13;21/02/2018 12:30:00;;VIALE PAOLO ORLANDO;in corrispondenza;;del civico n.;11;;Veicolo in marcia contro veicolo fermo;;;;;;;;;;0;0;0;3;;;0;1;Autovettura privata;In marcia / fermata / arresto;Fiat;Panda;Passeggero;2017;M;Illeso;0;;Non accertato;Inesploso
3694589;13;21/02/2018 12:30:00;;VIALE PAOLO ORLANDO;in corrispondenza;;del civico n.;11;;Veicolo in marcia contro veicolo fermo;;;;;;;;;;0;0;0;3;;;0;2;Autobus di linea;In marcia / fermata / arresto;Mercedes;(non accertato);Conducente;1973;M;Illeso;0;;;
3694605;19;21/02/2018 08:20:00;Strada Urbana;VIA DI TORREVECCHIA;in prossimità;;del civico n.;169;;Scontro laterale fra veicoli in marcia;Rettilineo;Una carreggiata a doppio senso;Asciutto;Asfaltata;Orizzontale;Nuvoloso;Intenso;Buona;Ore Diurne;0;0;0;4;;;0;1;Autocarro inferiore 35 q.;In marcia / fermata / arresto;Fiat;Iveco Magirus;Conducente;1966;M;Illeso;0;;;
3694605;19;21/02/2018 08:20:00;Strada Urbana;VIA DI TORREVECCHIA;in prossimità;;del civico n.;169;;Scontro laterale fra veicoli in marcia;Rettilineo;Una carreggiata a doppio senso;Asciutto;Asfaltata;Orizzontale;Nuvoloso;Intenso;Buona;Ore Diurne;0;0;0;4;;;0;1;Autocarro inferiore 35 q.;In marcia / fermata / arresto;Fiat;Iveco Magirus;Passeggero;1990;M;Illeso;0;;Non accertato;
3694605;19;21/02/2018 08:20:00;Strada Urbana;VIA DI TORREVECCHIA;in prossimità;;del civico n.;169;;Scontro laterale fra veicoli in marcia;Rettilineo;Una carreggiata a doppio senso;Asciutto;Asfaltata;Orizzontale;Nuvoloso;Intenso;Buona;Ore Diurne;0;0;0;4;;;0;2;Autovettura privata;In marcia / fermata / arresto;Mini;Cooper;Conducente;1966;M;Illeso;0;;;
3694605;19;21/02/2018 08:20:00;Strada Urbana;VIA DI TORREVECCHIA;in prossimità;;del civico n.;169;;Scontro laterale fra veicoli in marcia;Rettilineo;Una carreggiata a doppio senso;Asciutto;Asfaltata;Orizzontale;Nuvoloso;Intenso;Buona;Ore Diurne;0;0;0;4;;;0;2;Autovettura privata;In marcia / fermata / arresto;Mini;Cooper;Passeggero;1968;M;Illeso;0;;;
3694613;19;21/02/2018 09:50:00;Strada Urbana;VIA PIETRO MAFFI;in prossimità;;del civico n.;86/b;;Veicolo in marcia contro veicolo in sosta;Rettilineo;Una carreggiata a doppio senso;Asciutto;Asfaltata;Orizzontale;Nuvoloso;Normale;Buona;Ore Diurne;0;0;0;1;12,41904;41,92463;-1;2;Autovettura privata;In marcia / fermata / arresto;Peugeot;107;Conducente;1974;M;Illeso;0;;;
3694622;5;21/02/2018 18:30:00;Strada Urbana;VIA TIBURTINA;da specificare;;;;altezza via Cicogna;Scontro laterale fra veicoli in marcia;Curva a visuale libera;Una carreggiata a senso unico di marcia;Asciutto;Asfaltata;;Nuvoloso;Normale;Sufficiente;Ore Diurne;0;0;0;1;12,56761;41,92395;0;2;Autovettura privata;In marcia / fermata / arresto;Hyundai; ix35;Conducente;1979;M;Illeso;0;;Non accertato;Inesploso
3694626;9;21/02/2018 18:20:00;;VIA APPIA NUOVA;all'intersezione semaforizzata con;LARGO DEI COLLI ALBANI;LARGO DEI COLLI ALBANI;;;Tamponamento;;;;;;;;;;2;0;0;1;;;0;1;Autovettura privata;In marcia / fermata / arresto;Renault;Scenic;Conducente;0;F;Illeso;0;;;
3694626;9;21/02/2018 18:20:00;;VIA APPIA NUOVA;all'intersezione semaforizzata con;LARGO DEI COLLI ALBANI;LARGO DEI COLLI ALBANI;;;Tamponamento;;;;;;;;;;2;0;0;1;;;0;2;Autovettura privata;In marcia / fermata / arresto;Volkswagen;Polo;Conducente;0;M;Rimandato;0;NON DECEDUTO;;
3694626;9;21/02/2018 18:20:00;;VIA APPIA NUOVA;all'intersezione semaforizzata con;LARGO DEI COLLI ALBANI;LARGO DEI COLLI ALBANI;;;Tamponamento;;;;;;;;;;2;0;0;1;;;0;2;Autovettura privata;In marcia / fermata / arresto;Volkswagen;Polo;Passeggero;0;M;Rimandato;0;NON DECEDUTO;;
3694712;12;21/02/2018 17:40:00;Provinciale entro l'abitato;VIA LAURENTINA;all'intersezione semaforizzata con;VIA DI ACQUA ACETOSA OSTIENSE;VIA DI ACQUA ACETOSA OSTIENSE;;;Scontro laterale fra veicoli in marcia;Intersezione semaforizzata;Due carreggiate;Asciutto;Asfaltata;Verticale ed orizzontale;Nuvoloso;Normale;Buona;Ore Diurne;2;0;0;3;12,48119;41,8012;0;1;Autovettura privata;In marcia / fermata / arresto;Nissan;Micra;Conducente;1971;F;Rimandato;0;NON DECEDUTO;Non accertato;Inesploso
3694712;12;21/02/2018 17:40:00;Provinciale entro l'abitato;VIA LAURENTINA;all'intersezione semaforizzata con;VIA DI ACQUA ACETOSA OSTIENSE;VIA DI ACQUA ACETOSA OSTIENSE;;;Scontro laterale fra veicoli in marcia;Intersezione semaforizzata;Due carreggiate;Asciutto;Asfaltata;Verticale ed orizzontale;Nuvoloso;Normale;Buona;Ore Diurne;2;0;0;3;12,48119;41,8012;0;1;Autovettura privata;In marcia / fermata / arresto;Nissan;Micra;Passeggero;1970;F;Illeso;0;;Non accertato;Inesploso
3694712;12;21/02/2018 17:40:00;Provinciale entro l'abitato;VIA LAURENTINA;all'intersezione semaforizzata con;VIA DI ACQUA ACETOSA OSTIENSE;VIA DI ACQUA ACETOSA OSTIENSE;;;Scontro laterale fra veicoli in marcia;Intersezione semaforizzata;Due carreggiate;Asciutto;Asfaltata;Verticale ed orizzontale;Nuvoloso;Normale;Buona;Ore Diurne;2;0;0;3;12,48119;41,8012;0;1;Autovettura privata;In marcia / fermata / arresto;Nissan;Micra;Passeggero;2003;M;Illeso;0;;Non accertato;Inesploso
3694712;12;21/02/2018 17:40:00;Provinciale entro l'abitato;VIA LAURENTINA;all'intersezione semaforizzata con;VIA DI ACQUA ACETOSA OSTIENSE;VIA DI ACQUA ACETOSA OSTIENSE;;;Scontro laterale fra veicoli in marcia;Intersezione semaforizzata;Due carreggiate;Asciutto;Asfaltata;Verticale ed orizzontale;Nuvoloso;Normale;Buona;Ore Diurne;2;0;0;3;12,48119;41,8012;0;1;Autovettura privata;In marcia / fermata / arresto;Nissan;Micra;Passeggero;2004;M;Illeso;0;;Non accertato;Inesploso
3694712;12;21/02/2018 17:40:00;Provinciale entro l'abitato;VIA LAURENTINA;all'intersezione semaforizzata con;VIA DI ACQUA ACETOSA OSTIENSE;VIA DI ACQUA ACETOSA OSTIENSE;;;Scontro laterale fra veicoli in marcia;Intersezione semaforizzata;Due carreggiate;Asciutto;Asfaltata;Verticale ed orizzontale;Nuvoloso;Normale;Buona;Ore Diurne;2;0;0;3;12,48119;41,8012;0;2;Autovettura privata;In marcia / fermata / arresto;Mercedes;A 180 CDI;Conducente;1992;M;Rimandato;0;NON DECEDUTO;Non accertato;Inesploso
3694973;6;21/02/2018 20:35:00;;VIA CAMILLO MANFRONI;in prossimità;;del civico n.;7;;Investimento di pedone;;;;;;;;;;1;0;0;1;;;0;;;;;;Pedone;1982;M;Rimandato;0;NON DECEDUTO;;
3694973;6;21/02/2018 20:35:00;;VIA CAMILLO MANFRONI;in prossimità;;del civico n.;7;;Investimento di pedone;;;;;;;;;;1;0;0;1;;;0;1;Autovettura privata;In marcia / fermata / arresto;Mercedes;Smart Fortwo;Conducente;1987;M;Illeso;0;;;
3694974;1;21/02/2018 19:30:00;Strada Urbana;CORSO VITTORIO EMANUELE II;in prossimità;;del civico n.;38;;Scontro laterale fra veicoli in marcia;Rettilineo;Una carreggiata a doppio senso;Asciutto;Asfaltata;Verticale ed orizzontale;Sereno;Normale;Sufficiente;Sufficiente;1;0;0;1;;;0;1;Veicolo speciale;In marcia / fermata / arresto;Fiat;Iveco;Conducente;1974;M;Illeso;0;;;
3694974;1;21/02/2018 19:30:00;Strada Urbana;CORSO VITTORIO EMANUELE II;in prossimità;;del civico n.;38;;Scontro laterale fra veicoli in marcia;Rettilineo;Una carreggiata a doppio senso;Asciutto;Asfaltata;Verticale ed orizzontale;Sereno;Normale;Sufficiente;Sufficiente;1;0;0;1;;;0;2;Motociclo a solo;In marcia / fermata / arresto;Kimco;People;Conducente;1982;F;Rimandato;0;NON DECEDUTO;;
3694987;5;21/02/2018 20:00:00;;VIALE PALMIRO TOGLIATTI;in prossimità;;del civico n.;1625;;Veicolo in marcia contro ostacolo accidentale;;;;;;;;;;1;0;0;0;12,56779;41,91801;0;1;Motociclo a solo;In marcia / fermata / arresto;Honda;SH 300;Conducente;0;M;Rimandato;0;NON DECEDUTO;;
3694994;11;21/02/2018 10:50:00;Strada Urbana;VIA PADRE SEMERIA;in prossimità;;del palo luce n.;707;;Scontro frontale/laterale DX fra veicoli in marcia;Rettilineo;Due carreggiate;Asciutto;Asfaltata;Verticale ed orizzontale;Sereno;Normale;Buona;Ore Diurne;2;0;0;1;12,49717;41,86371;0;1;Autovettura privata;In marcia / fermata / arresto;Volkswagen;Polo;Conducente;1993;F;Rimandato;0;NON DECEDUTO;Non accertato;Esploso
3694994;11;21/02/2018 10:50:00;Strada Urbana;VIA PADRE SEMERIA;in prossimità;;del palo luce n.;707;;Scontro frontale/laterale DX fra veicoli in marcia;Rettilineo;Due carreggiate;Asciutto;Asfaltata;Verticale ed orizzontale;Sereno;Normale;Buona;Ore Diurne;2;0;0;1;12,49717;41,86371;0;1;Autovettura privata;In marcia / fermata / arresto;Volkswagen;Polo;Passeggero;1997;F;Rifiuta cure immediate;0;NON DECEDUTO;;Esploso
3694994;11;21/02/2018 10:50:00;Strada Urbana;VIA PADRE SEMERIA;in prossimità;;del palo luce n.;707;;Scontro frontale/laterale DX fra veicoli in marcia;Rettilineo;Due carreggiate;Asciutto;Asfaltata;Verticale ed orizzontale;Sereno;Normale;Buona;Ore Diurne;2;0;0;1;12,49717;41,86371;0;2;Autovettura privata;In marcia / fermata / arresto;Toyota;Auris;Conducente;1964;M;Illeso;0;;;
3694996;13;21/02/2018 19:20:00;;PIAZZA QUARTO DEI MILLE;in prossimità;;del civico n.;7;;Scontro frontale/laterale SX fra veicoli in marcia;;;;;;;;;;0;0;0;4;;;0;1;Autovettura privata;In marcia / fermata / arresto;Citroen;C 1;Conducente;1996;F;Illeso;0;;Non accertato;
3694996;13;21/02/2018 19:20:00;;PIAZZA QUARTO DEI MILLE;in prossimità;;del civico n.;7;;Scontro frontale/laterale SX fra veicoli in marcia;;;;;;;;;;0;0;0;4;;;0;1;Autovettura privata;In marcia / fermata / arresto;Citroen;C 1;Passeggero;1996;F;Illeso;0;;Non accertato;
3694996;13;21/02/2018 19:20:00;;PIAZZA QUARTO DEI MILLE;in prossimità;;del civico n.;7;;Scontro frontale/laterale SX fra veicoli in marcia;;;;;;;;;;0;0;0;4;;;0;2;Autovettura privata;In marcia / fermata / arresto;Toyota;Yaris;Conducente;1969;F;Illeso;0;;Non accertato;
3695003;8;21/02/2018 16:00:00;Provinciale entro l'abitato;VIA POLENSE;in corrispondenza;;del civico n.;409;;Scontro frontale/laterale SX fra veicoli in marcia;Rettilineo;Una carreggiata a doppio senso;Asciutto;Asfaltata;Verticale ed orizzontale;Sereno;Normale;Buona;Ore Diurne;0;0;0;4;12,73851;41,91715;-1;1;Autovettura privata;In marcia / fermata / arresto;Peugeot;3008;Conducente;1963;M;Illeso;0;;Non accertato;Inesploso
3695003;8;21/02/2018 16:00:00;Provinciale entro l'abitato;VIA POLENSE;in corrispondenza;;del civico n.;409;;Scontro frontale/laterale SX fra veicoli in marcia;Rettilineo;Una carreggiata a doppio senso;Asciutto;Asfaltata;Verticale ed orizzontale;Sereno;Normale;Buona;Ore Diurne;0;0;0;4;12,73851;41,91715;-1;2;Autovettura privata;In marcia / fermata / arresto;Volkswagen;Golf;Conducente;1988;M;Illeso;0;;Non accertato;Inesploso
3695003;8;21/02/2018 16:00:00;Provinciale entro l'abitato;VIA POLENSE;in corrispondenza;;del civico n.;409;;Scontro frontale/laterale SX fra veicoli in marcia;Rettilineo;Una carreggiata a doppio senso;Asciutto;Asfaltata;Verticale ed orizzontale;Sereno;Normale;Buona;Ore Diurne;0;0;0;4;12,73851;41,91715;-1;2;Autovettura privata;In marcia / fermata / arresto;Volkswagen;Golf;Passeggero;1989;F;Illeso;0;;Non accertato;Inesploso
3695003;8;21/02/2018 16:00:00;Provinciale entro l'abitato;VIA POLENSE;in corrispondenza;;del civico n.;409;;Scontro frontale/laterale SX fra veicoli in marcia;Rettilineo;Una carreggiata a doppio senso;Asciutto;Asfaltata;Verticale ed orizzontale;Sereno;Normale;Buona;Ore Diurne;0;0;0;4;12,73851;41,91715;-1;2;Autovettura privata;In marcia / fermata / arresto;Volkswagen;Golf;Passeggero;2017;F;Illeso;0;;Non accertato;Inesploso
3695004;11;21/02/2018 10:35:00;Strada Urbana;VIA GIULIO ARISTIDE SARTORIO;in corrispondenza;;del palo luce n.;1;;Veicolo in marcia contro ostacolo fisso;Rettilineo;Due carreggiate;Asciutto;Asfaltata;Verticale ed orizzontale;Nuvoloso;Normale;Buona;Ore Diurne;1;0;0;0;12,50607;41,85328;0;1;Autovettura privata;In marcia / fermata / arresto;Audi;A4;Conducente;1947;M;Rimandato;0;NON DECEDUTO;;
3695007;8;21/02/2018 20:30:00;Strada Urbana;CIRCONVALLAZIONE CASILINA;da specificare;;;;fronte civico 1113;Veicolo in marcia contro ostacolo accidentale;Rettilineo;Una carreggiata a doppio senso;Asciutto;Asfaltata;Verticale ed orizzontale;Sereno;Scarso;Buona;Sufficiente;0;0;0;1;;;0;1;Autovettura privata;In marcia / fermata / arresto;Mercedes;C 200 CD;Conducente;1986;M;Illeso;0;;Non accertato;Inesploso
3695010;13;21/02/2018 19:10:00;Strada Urbana;VIA FRANCESCO DONATI;all'intersezione con;VIA AMBROGIO SANSEDONI;VIA AMBROGIO SANSEDONI;;;Scontro frontale/laterale SX fra veicoli in marcia;Incrocio;Una carreggiata a senso unico di marcia;Asciutto;Asfaltata;Verticale;Nuvoloso;Normale;Buona;Sufficiente;0;0;0;2;12,34232;41,77864;0;1;Autovettura privata;In marcia / fermata / arresto;Volkswagen;Golf;Conducente;1972;M;Illeso;0;;Non accertato;Inesploso
3695010;13;21/02/2018 19:10:00;Strada Urbana;VIA FRANCESCO DONATI;all'intersezione con;VIA AMBROGIO SANSEDONI;VIA AMBROGIO SANSEDONI;;;Scontro frontale/laterale SX fra veicoli in marcia;Incrocio;Una carreggiata a senso unico di marcia;Asciutto;Asfaltata;Verticale;Nuvoloso;Normale;Buona;Sufficiente;0;0;0;2;12,34232;41,77864;0;2;Autovettura privata;In marcia / fermata / arresto;Dacia;Logan station wagon;Conducente;1979;F;Illeso;0;;Non accertato;Inesploso
3695011;8;21/02/2018 15:10:00;Strada Urbana;VIA STANFORD;all'intersezione con;VIALE DELLA SORBONA;VIALE DELLA SORBONA;;;Tamponamento;Rotatoria;Una carreggiata a doppio senso;Asciutto;Asfaltata;Verticale ed orizzontale;Sereno;Intenso;Buona;Ore Diurne;0;0;0;1;12,60796;41,85199;0;1;Autovettura privata;In marcia / fermata / arresto;Peugeot;308;Conducente;1969;M;Illeso;0;;Non accertato;Inesploso