Protocollo;Gruppo;DataOraIncidente;Localizzazione1;STRADA1;Localizzazione2;STRADA2;Strada02;Chilometrica;DaSpecificare;NaturaIncidente;particolaritastrade;TipoStrada;FondoStradale;Pavimentazione;Segnaletica;CondizioneAtmosferica;Traffico;Visibilita;Illuminazione;NUM_FERITI;NUM_RISERVATA;NUM_MORTI;NUM_ILLESI;Longitudine;Latitudine;Confermato;Progressivo;TipoVeicolo;StatoVeicolo;Marca;Modello;TipoPersona;AnnoNascita;Sesso;Tipolesione;Deceduto;DecedutoDopo;CinturaCascoUtilizzato;Airbag;
3695013;8;21/02/2018 22:15:00;;VIA CASILINA;all'intersezione con;VIA SICULIANA;VIA SICULIANA;;;Scontro frontale/laterale SX fra veicoli in marcia;;;;;;;;;;2;0;0;0;;;0;1;Autovettura privata;In marcia / fermata / arresto;Citroen;C 2;Conducente;1992;M;Ricoverato;0;NON DECEDUTO;Non accertato;
3695013;8;21/02/2018 22:15:00;;VIA CASILINA;all'intersezione con;VIA SICULIANA;VIA SICULIANA;;;Scontro frontale/laterale SX fra veicoli in marcia;;;;;;;;;;2;0;0;0;;;0;2;Autovettura privata;In marcia / fermata / arresto;Mercedes;Smart Forfour;Conducente;1978;M;Ricoverato;0;NON DECEDUTO;;
3695016;11;21/02/2018 22:00:00;;VIA GIULIO ARISTIDE SARTORIO;da specificare;;;;fronte civico 28;Veicolo in marcia contro veicolo in sosta;;;;;;;;;;0;0;0;1;;;0;1;Autovettura privata;In marcia / fermata / arresto;Fiat;500;Conducente;1953;F;Illeso;0;;;
3695018;8;21/02/2018 16:30:00;;VIA CASILINA;in prossimità;;del palo luce n.;826;;Tamponamento Multiplo;;;;;;;;;;1;0;0;3;;;0;1;Autovettura privata;In marcia / fermata / arresto;Fiat;Punto;Conducente;1940;M;Illeso;0;;;
3695018;8;21/02/2018 16:30:00;;VIA CASILINA;in prossimità;;del palo luce n.;826;;Tamponamento Multiplo;;;;;;;;;;1;0;0;3;;;0;2;Autovettura privata;In marcia / fermata / arresto;Mercedes;Smart Fortwo;Conducente;1996;F;Rifiuta cure immediate;0;NON DECEDUTO;;
3695018;8;21/02/2018 16:30:00;;VIA CASILINA;in prossimità;;del palo luce n.;826;;Tamponamento Multiplo;;;;;;;;;;1;0;0;3;;;0;3;Autovettura privata;In marcia / fermata / arresto;Fiat;Marea;Conducente;1954;M;Illeso;0;;;
3695018;8;21/02/2018 16:30:00;;VIA CASILINA;in prossimità;;del palo luce n.;826;;Tamponamento Multiplo;;;;;;;;;;1;0;0;3;;;0;3;Autovettura privata;In marcia / fermata / arresto;Fiat;Marea;Passeggero;1922;F;Illeso;0;;;
3695021;8;21/02/2018 11:10:00;;VIA CASTEL DI LAMA;in corrispondenza;;del civico n.;49;;Scontro frontale/laterale SX fra veicoli in marcia;;;;;;;;;;2;0;0;0;;;0;1;Autovettura privata;In marcia / fermata / arresto;Ford;Fiesta;Conducente;1996;M;Rimandato;0;NON DECEDUTO;Non accertato;Inesploso
3695021;8;21/02/2018 11:10:00;;VIA CASTEL DI LAMA;in corrispondenza;;del civico n.;49;;Scontro frontale/laterale SX fra veicoli in marcia;;;;;;;;;;2;0;0;0;;;0;1;Autovettura privata;In marcia / fermata / arresto;Ford;Fiesta;Passeggero;1999;F;Rimandato;0;NON DECEDUTO;Non accertato;Inesploso
3695025;8;21/02/2018 16:15:00;Strada Urbana;VIA CASILINA;in prossimità;;del palo luce n.;826;;Tamponamento;Rettilineo;Una carreggiata a doppio senso;Asciutto;Asfaltata;Orizzontale;Sereno;Normale;Buona;Ore Diurne;0;0;0;2;12,62713;41,86324;0;1;Autovettura privata;In marcia / fermata / arresto;Renault;Megane;Conducente;1997;M;Illeso;0;;Non accertato;Inesploso
3695025;8;21/02/2018 16:15:00;Strada Urbana;VIA CASILINA;in prossimità;;del palo luce n.;826;;Tamponamento;Rettilineo;Una carreggiata a doppio senso;Asciutto;Asfaltata;Orizzontale;Sereno;Normale;Buona;Ore Diurne;0;0;0;2;12,62713;41,86324;0;1;Autovettura privata;In marcia / fermata / arresto;Renault;Megane;Passeggero;2004;M;Illeso;0;;Non accertato;Inesploso
3695028;8;21/02/2018 07:10:00;Provinciale entro l'abitato;VIA PRENESTINA;all'intersezione semaforizzata con;VIA DI TORRENOVA;VIA DI TORRENOVA;;;Tamponamento;Incrocio;Una carreggiata a doppio senso;Asciutto;Asfaltata;Verticale ed orizzontale;Nuvoloso;Intenso;Buona;Ore Diurne;1;0;0;2;;;0;1;Autovettura privata;In marcia / fermata / arresto;Kia;Rio;Conducente;1963;M;Illeso;0;;Non accertato;Inesploso
3695028;8;21/02/2018 07:10:00;Provinciale entro l'abitato;VIA PRENESTINA;all'intersezione semaforizzata con;VIA DI TORRENOVA;VIA DI TORRENOVA;;;Tamponamento;Incrocio;Una carreggiata a doppio senso;Asciutto;Asfaltata;Verticale ed orizzontale;Nuvoloso;Intenso;Buona;Ore Diurne;1;0;0;2;;;0;1;Autovettura privata;In marcia / fermata / arresto;Kia;Rio;Passeggero;1933;M;Illeso;0;;Non accertato;Inesploso
3695028;8;21/02/2018 07:10:00;Provinciale entro l'abitato;VIA PRENESTINA;all'intersezione semaforizzata con;VIA DI TORRENOVA;VIA DI TORRENOVA;;;Tamponamento;Incrocio;Una carreggiata a doppio senso;Asciutto;Asfaltata;Verticale ed orizzontale;Nuvoloso;Intenso;Buona;Ore Diurne;1;0;0;2;;;0;2;Motociclo a solo;In marcia / fermata / arresto;Suzuki;GS;Conducente;1966;M;Rimandato;0;NON DECEDUTO;Non accertato;
3695029;20;21/02/2018 12:00:00;Strada Urbana;PIAZZALE DI PONTE MILVIO;in corrispondenza;;del civico n.;2;;Scontro laterale fra veicoli in marcia;Rettilineo;Una carreggiata a doppio senso;Asciutto;Asfaltata;Verticale ed orizzontale;Nebbia;Normale;Buona;Ore Diurne;0;0;0;3;;;0;1;Autovettura privata;In marcia / fermata / arresto;Alfa Lancia;Y;Conducente;1947;M;Illeso;0;;Non accertato;
3695029;20;21/02/2018 12:00:00;Strada Urbana;PIAZZALE DI PONTE MILVIO;in corrispondenza;;del civico n.;2;;Scontro laterale fra veicoli in marcia;Rettilineo;Una carreggiata a doppio senso;Asciutto;Asfaltata;Verticale ed orizzontale;Nebbia;Normale;Buona;Ore Diurne;0;0;0;3;;;0;1;Autovettura privata;In marcia / fermata / arresto;Alfa Lancia;Y;Passeggero;0;F;Illeso;0;;Non accertato;
3695029;20;21/02/2018 12:00:00;Strada Urbana;PIAZZALE DI PONTE MILVIO;in corrispondenza;;del civico n.;2;;Scontro laterale fra veicoli in marcia;Rettilineo;Una carreggiata a doppio senso;Asciutto;Asfaltata;Verticale ed orizzontale;Nebbia;Normale;Buona;Ore Diurne;0;0;0;3;;;0;2;Autocarro inferiore 35 q.;In marcia / fermata / arresto;Iveco;ML 80 E 18;Conducente;1968;M;Illeso;0;;Non accertato;
3695035;8;21/02/2018 23:00:00;Strada Urbana;VIA PRENESTINA;all'intersezione semaforizzata con;VIA DI ROCCA CENCIA;VIA DI ROCCA CENCIA;;;Tamponamento Multiplo;Intersezione semaforizzata;Una carreggiata a doppio senso;Bagnato (pioggia);Asfaltata;Verticale ed orizzontale;Pioggia in atto;Normale;Sufficiente;Sufficiente;0;0;0;3;12,69711;41,8886;0;1;Autocarro inferiore 35 q.;In marcia / fermata / arresto;ssangyong;(ignoto);Conducente;1975;M;Illeso;0;;Non accertato;Inesploso
3695035;8;21/02/2018 23:00:00;Strada Urbana;VIA PRENESTINA;all'intersezione semaforizzata con;VIA DI ROCCA CENCIA;VIA DI ROCCA CENCIA;;;Tamponamento Multiplo;Intersezione semaforizzata;Una carreggiata a doppio senso;Bagnato (pioggia);Asfaltata;Verticale ed orizzontale;Pioggia in atto;Normale;Sufficiente;Sufficiente;0;0;0;3;12,69711;41,8886;0;2;Autovettura privata;In marcia / fermata / arresto;BMW;730D;Conducente;1991;M;Illeso;0;;Non accertato;Inesploso
3695035;8;21/02/2018 23:00:00;Strada Urbana;VIA PRENESTINA;all'intersezione semaforizzata con;VIA DI ROCCA CENCIA;VIA DI ROCCA CENCIA;;;Tamponamento Multiplo;Intersezione semaforizzata;Una carreggiata a doppio senso;Bagnato (pioggia);Asfaltata;Verticale ed orizzontale;Pioggia in atto;Normale;Sufficiente;Sufficiente;0;0;0;3;12,69711;41,8886;0;3;Autocarro inferiore 35 q.;In marcia / fermata / arresto;Iveco;DAILY;Conducente;1988;M;Illeso;0;;Non accertato;Inesploso
3695039;8;21/02/2018 12:45:00;;VIA DELLE AMADRIADI;in prossimità;;del civico n.;33;;Scontro laterale fra veicoli in marcia;;;;;;;;;;0;0;0;2;;;0;1;Autovettura privata;In marcia / fermata / arresto;Fiat;600;Conducente;1964;M;Illeso;0;;;
3695039;8;21/02/2018 12:45:00;;VIA DELLE AMADRIADI;in prossimità;;del civico n.;33;;Scontro laterale fra veicoli in marcia;;;;;;;;;;0;0;0;2;;;0;2;Autovettura privata;In marcia / fermata / arresto;Mercedes;Smart Fortwo;Conducente;1987;F;Illeso;0;;;
3695049;15;21/02/2018 14:00:00;;VIALE GIUSEPPE SIRTORI;da specificare;;;;fronte civico 61;Tamponamento;;;;;;;;;;0;0;0;2;;;0;1;Autovettura privata;In marcia / fermata / arresto;Opel;AGILA;Conducente;0;M;Illeso;0;;;
3695049;15;21/02/2018 14:00:00;;VIALE GIUSEPPE SIRTORI;da specificare;;;;fronte civico 61;Tamponamento;;;;;;;;;;0;0;0;2;;;0;2;Autovettura privata;In marcia / fermata / arresto;Fiat;Punto;Conducente;0;M;Illeso;0;;;
3695057;20;21/02/2018 09:10:00;Regionale entro l'abitato;VIA CASSIA;all'intersezione con;VIA DELLA STORTA;VIA DELLA STORTA;;;Scontro frontale/laterale DX fra veicoli in marcia;Incrocio;Una carreggiata a doppio senso;Asciutto;Asfaltata;Verticale ed orizzontale;Nuvoloso;Normale;Buona;Ore Diurne;0;0;0;4;;;0;1;Autovettura privata;In marcia / fermata / arresto;Ford;Fiesta;Conducente;1970;M;Illeso;0;;;
3695057;20;21/02/2018 09:10:00;Regionale entro l'abitato;VIA CASSIA;all'intersezione con;VIA DELLA STORTA;VIA DELLA STORTA;;;Scontro frontale/laterale DX fra veicoli in marcia;Incrocio;Una carreggiata a doppio senso;Asciutto;Asfaltata;Verticale ed orizzontale;Nuvoloso;Normale;Buona;Ore Diurne;0;0;0;4;;;0;1;Autovettura privata;In marcia / fermata / arresto;Ford;Fiesta;Passeggero;1970;F;Illeso;0;;;
3695057;20;21/02/2018 09:10:00;Regionale entro l'abitato;VIA CASSIA;all'intersezione con;VIA DELLA STORTA;VIA DELLA STORTA;;;Scontro frontale/laterale DX fra veicoli in marcia;Incrocio;Una carreggiata a doppio senso;Asciutto;Asfaltata;Verticale ed orizzontale;Nuvoloso;Normale;Buona;Ore Diurne;0;0;0;4;;;0;1;Autovettura privata;In marcia / fermata / arresto;Ford;Fiesta;Passeggero;2005;F;Illeso;0;;;
3695057;20;21/02/2018 09:10:00;Regionale entro l'abitato;VIA CASSIA;all'intersezione con;VIA DELLA STORTA;VIA DELLA STORTA;;;Scontro frontale/laterale DX fra veicoli in marcia;Incrocio;Una carreggiata a doppio senso;Asciutto;Asfaltata;Verticale ed orizzontale;Nuvoloso;Normale;Buona;Ore Diurne;0;0;0;4;;;0;2;Autotreno;In marcia / fermata / arresto;Scania;114;Conducente;1983;M;Illeso;0;;;
3695059;15;21/02/2018 18:10:00;;VIA PORTUENSE;all'intersezione con;VIA DI AFFOGALASINO;VIA DI AFFOGALASINO;;;Scontro laterale fra veicoli in marcia;;;;;;;;;;0;0;0;1;;;0;1;Autovettura privata;In marcia / fermata / arresto;Peugeot; 2008;Conducente;0;M;Illeso;0;;;
3695062;7;21/02/2018 16:20:00;Strada Urbana;VIA PIETRO CASTELLI;in prossimità;;del civico n.;6;;Veicolo in marcia contro veicolo fermo;Rettilineo;Una carreggiata a senso unico di marcia;Asciutto;Asfaltata;Assente;Sereno;Scarso;Buona;Ore Diurne;0;0;0;4;;;0;1;Autovettura privata;In marcia / fermata / arresto;Fiat;600;Conducente;1968;M;Illeso;0;;Non accertato;Inesistente
3695062;7;21/02/2018 16:20:00;Strada Urbana;VIA PIETRO CASTELLI;in prossimità;;del civico n.;6;;Veicolo in marcia contro veicolo fermo;Rettilineo;Una carreggiata a senso unico di marcia;Asciutto;Asfaltata;Assente;Sereno;Scarso;Buona;Ore Diurne;0;0;0;4;;;0;1;Autovettura privata;In marcia / fermata / arresto;Fiat;600;Passeggero;1975;F;Illeso;0;;Non accertato;Inesistente
3695062;7;21/02/2018 16:20:00;Strada Urbana;VIA PIETRO CASTELLI;in prossimità;;del civico n.;6;;Veicolo in marcia contro veicolo fermo;Rettilineo;Una carreggiata a senso unico di marcia;Asciutto;Asfaltata;Assente;Sereno;Scarso;Buona;Ore Diurne;0;0;0;4;;;0;1;Autovettura privata;In marcia / fermata / arresto;Fiat;600;Passeggero;2013;M;Illeso;0;;Non accertato;Inesistente
3695062;7;21/02/2018 16:20:00;Strada Urbana;VIA PIETRO CASTELLI;in prossimità;;del civico n.;6;;Veicolo in marcia contro veicolo fermo;Rettilineo;Una carreggiata a senso unico di marcia;Asciutto;Asfaltata;Assente;Sereno;Scarso;Buona;Ore Diurne;0;0;0;4;;;0;2;Autocarro inferiore 35 q.;In marcia / fermata / arresto;Fiat Iveco;150;Conducente;1975;M;Illeso;0;;Non accertato;Inesploso
3695078;16;21/02/2018 07:40:00;;VIA EDOARDO JENNER;in corrispondenza;;del civico n.;61;;Tamponamento Multiplo;;;;;;;;;;0;0;0;10;12,44482;41,87281;0;1;Autovettura privata;In marcia / fermata / arresto;BMW;X 1;Conducente;0;M;Illeso;0;;;
3695078;16;21/02/2018 07:40:00;;VIA EDOARDO JENNER;in corrispondenza;;del civico n.;61;;Tamponamento Multiplo;;;;;;;;;;0;0;0;10;12,44482;41,87281;0;2;Autovettura privata;In marcia / fermata / arresto;Citroen;C 3;Conducente;0;F;Illeso;0;;;
3695078;16;21/02/2018 07:40:00;;VIA EDOARDO JENNER;in corrispondenza;;del civico n.;61;;Tamponamento Multiplo;;;;;;;;;;0;0;0;10;12,44482;41,87281;0;2;Autovettura privata;In marcia / fermata / arresto;Citroen;C 3;Passeggero;0;F;Illeso;0;;;
3695078;16;21/02/2018 07:40:00;;VIA EDOARDO JENNER;in corrispondenza;;del civico n.;61;;Tamponamento Multiplo;;;;;;;;;;0;0;0;10;12,44482;41,87281;0;3;Autovettura privata;In marcia / fermata / arresto;Ford;Fiesta;Conducente;0;M;Illeso;0;;;
3695078;16;21/02/2018 07:40:00;;VIA EDOARDO JENNER;in corrispondenza;;del civico n.;61;;Tamponamento Multiplo;;;;;;;;;;0;0;0;10;12,44482;41,87281;0;3;Autovettura privata;In marcia / fermata / arresto;Ford;Fiesta;Passeggero;0;F;Illeso;0;;;
3695078;16;21/02/2018 07:40:00;;VIA EDOARDO JENNER;in corrispondenza;;del civico n.;61;;Tamponamento Multiplo;;;;;;;;;;0;0;0;10;12,44482;41,87281;0;3;Autovettura privata;In marcia / fermata / arresto;Ford;Fiesta;Passeggero;0;M;Illeso;0;;;
3695078;16;21/02/2018 07:40:00;;VIA EDOARDO JENNER;in corrispondenza;;del civico n.;61;;Tamponamento Multiplo;;;;;;;;;;0;0;0;10;12,44482;41,87281;0;4;Autovettura privata;In marcia / fermata / arresto;Opel;ADAM;Conducente;0;M;Illeso;0;;;
3695080;20;21/02/2018 11:45:00;Strada Urbana;VIA DI GROTTAROSSA;da specificare;;;;fronte civico 1150;Veicolo in marcia contro veicolo in sosta;Rettilineo;Una carreggiata a doppio senso;Asciutto;Asfaltata;Verticale ed orizzontale;Nuvoloso;Normale;Buona;Ore Diurne;0;0;0;2;;;0;1;Autobus di linea;In marcia / fermata / arresto;IRIBUS;italia;Conducente;1975;M;Illeso;0;;;
3695080;20;21/02/2018 11:45:00;Strada Urbana;VIA DI GROTTAROSSA;da specificare;;;;fronte civico 1150;Veicolo in marcia contro veicolo in sosta;Rettilineo;Una carreggiata a doppio senso;Asciutto;Asfaltata;Verticale ed orizzontale;Nuvoloso;Normale;Buona;Ore Diurne;0;0;0;2;;;0;2;Autovettura privata;Sosta;Opel;Astra SW;Passeggero;1931;F;Illeso;0;;Non accertato;
3695085;20;22/02/2018 07:20:00;Strada Urbana;VIA PIETRO FERLONI;in corrispondenza;;del civico n.;78;;Scontro laterale fra veicoli in marcia;Rettilineo;Una carreggiata a doppio senso;Bagnato (umidità in atto);Asfaltata;Verticale;Sereno;Scarso;Buona;Ore Diurne;1;0;0;1;12,48884;42,00127;0;1;Autovettura privata;In marcia / fermata / arresto;Ford;Fiesta;Conducente;1999;M;Illeso;0;;Non accertato;Inesploso
3695085;20;22/02/2018 07:20:00;Strada Urbana;VIA PIETRO FERLONI;in corrispondenza;;del civico n.;78;;Scontro laterale fra veicoli in marcia;Rettilineo;Una carreggiata a doppio senso;Bagnato (umidità in atto);Asfaltata;Verticale;Sereno;Scarso;Buona;Ore Diurne;1;0;0;1;12,48884;42,00127;0;2;Autovettura privata;In marcia / fermata / arresto;Lancia;Ypsilon;Conducente;1981;M;Ricoverato;0;NON DECEDUTO;Non accertato;Esploso
3695107;16;21/02/2018 09:05:00;;VIA ATTILIO SPACCARELLI;all'intersezione con;VIA ARNALDO FOSCHINI;VIA ARNALDO FOSCHINI;;;Scontro frontale/laterale DX fra veicoli in marcia;;;;;;;;;;0;0;0;2;12,39863;41,87255;0;1;Autovettura privata;In marcia / fermata / arresto;Peugeot;205;Conducente;0;M;Illeso;0;;;
3695107;16;21/02/2018 09:05:00;;VIA ATTILIO SPACCARELLI;all'intersezione con;VIA ARNALDO FOSCHINI;VIA ARNALDO FOSCHINI;;;Scontro frontale/laterale DX fra veicoli in marcia;;;;;;;;;;0;0;0;2;12,39863;41,87255;0;2;Autovettura privata;In marcia / fermata / arresto;Citroen;C 1;Conducente;0;F;Illeso;0;;;
3695138;10;21/02/2018 09:00:00;;VIA DEL CALICE;all'intersezione con;VIA LONGOBUCCO;VIA LONGOBUCCO;;;Scontro frontale/laterale DX fra veicoli in marcia;;;;;;;;;;0;0;0;1;;;0;1;Autovettura privata;In marcia / fermata / arresto;Audi;A 4;Conducente;1976;M;Illeso;0;;;
3695139;10;21/02/2018 08:25:00;;VIA TUSCOLANA;in corrispondenza;;del civico n.;1826;;Investimento di pedone;;;;;;;;;;1;0;0;1;;;0;;;;;;Pedone;1981;M;Rimandato;0;NON DECEDUTO;;
3695139;10;21/02/2018 08:25:00;;VIA TUSCOLANA;in corrispondenza;;del civico n.;1826;;Investimento di pedone;;;;;;;;;;1;0;0;1;;;0;1;Autovettura privata;In marcia / fermata / arresto;Volkswagen;Golf;Conducente;1994;M;Illeso;0;;;
3695145;10;21/02/2018 20:15:00;;VIA DEL QUADRARO;all'intersezione con;VIA SELINUNTE;VIA SELINUNTE;;;Scontro frontale/laterale SX fra veicoli in marcia;;;;;;;;;;0;0;0;3;;;0;1;Autocarro inferiore 35 q.;In marcia / fermata / arresto;Piaggio;(non accertato);Conducente;1971;M;Illeso;0;;;
3695145;10;21/02/2018 20:15:00;;VIA DEL QUADRARO;all'intersezione con;VIA SELINUNTE;VIA SELINUNTE;;;Scontro frontale/laterale SX fra veicoli in marcia;;;;;;;;;;0;0;0;3;;;0;1;Autocarro inferiore 35 q.;In marcia / fermata / arresto;Piaggio;(non accertato);Passeggero;1979;M;Illeso;0;;;
3695145;10;21/02/2018 20:15:00;;VIA DEL QUADRARO;all'intersezione con;VIA SELINUNTE;VIA SELINUNTE;;;Scontro frontale/laterale SX fra veicoli in marcia;;;;;;;;;;0;0;0;3;;;0;2;Autovettura privata;In marcia / fermata / arresto;Citroen;C 3 Picasso;Conducente;1967;M;Illeso;0;;;
3695150;10;21/02/2018 15:15:00;;VIA FILOMUSI GUELFI;in corrispondenza;;del civico n.;20;;Scontro frontale/laterale SX fra veicoli in marcia;;;;;;;;;;0;0;0;2;;;0;1;Autovettura privata;In marcia / fermata / arresto;Toyota;VERSO;Conducente;1972;F;Illeso;0;;;
3695150;10;21/02/2018 15:15:00;;VIA FILOMUSI GUELFI;in corrispondenza;;del civico n.;20;;Scontro frontale/laterale SX fra veicoli in marcia;;;;;;;;;;0;0;0;2;;;0;2;Autovettura privata;In marcia / fermata / arresto;Toyota;AYGO';Conducente;1978;M;Illeso;0;;;
3695155;10;21/02/2018 15:40:00;;VIA TUSCOLANA;da specificare;;;;Cavalcavia Osteria del Curato dir. Roma Centro;Tamponamento Multiplo;;;;;;;;;;1;0;0;4;;;0;1;Autovettura privata;In marcia / fermata / arresto;Opel;Corsa;Conducente;1985;M;Illeso;0;;;
3695155;10;21/02/2018 15:40:00;;VIA TUSCOLANA;da specificare;;;;Cavalcavia Osteria del Curato dir. Roma Centro;Tamponamento Multiplo;;;;;;;;;;1;0;0;4;;;0;2;Autovettura privata;In marcia / fermata / arresto;Mercedes;A 160;Conducente;1979;M;Illeso;0;;;
3695155;10;21/02/2018 15:40:00;;VIA TUSCOLANA;da specificare;;;;Cavalcavia Osteria del Curato dir. Roma Centro;Tamponamento Multiplo;;;;;;;;;;1;0;0;4;;;0;2;Autovettura privata;In marcia / fermata / arresto;Mercedes;A 160;Passeggero;2005;F;Illeso;0;;;
3695155;10;21/02/2018 15:40:00;;VIA TUSCOLANA;da specificare;;;;Cavalcavia Osteria del Curato dir. Roma Centro;Tamponamento Multiplo;;;;;;;;;;1;0;0;4;;;0;3;Autovettura privata;In marcia / fermata / arresto;Smart ;ForTwo Coupé;Conducente;1984;F;Rimandato;0;NON DECEDUTO;;
3695155;10;21/02/2018 15:40:00;;VIA TUSCOLANA;da specificare;;;;Cavalcavia Osteria del Curato dir. Roma Centro;Tamponamento Multiplo;;;;;;;;;;1;0;0;4;;;0;4;Autovettura privata;In marcia / fermata / arresto;Citroen;C 3;Conducente;1995;M;Illeso;0;;;
3695165;10;21/02/2018 16:15:00;;VIA RAIMONDO SCINTU;all'intersezione con;VIALE BRUNO PELIZZI;VIALE BRUNO PELIZZI;;;Scontro frontale/laterale SX fra veicoli in marcia;;;;;;;;;;1;0;0;2;;;0;1;Autovettura privata;In marcia / fermata / arresto;Volkswagen;Golf;Conducente;1967;M;Illeso;0;;;
3695165;10;21/02/2018 16:15:00;;VIA RAIMONDO SCINTU;all'intersezione con;VIALE BRUNO PELIZZI;VIALE BRUNO PELIZZI;;;Scontro frontale/laterale SX fra veicoli in marcia;;;;;;;;;;1;0;0;2;;;0;1;Autovettura privata;In marcia / fermata / arresto;Volkswagen;Golf;Passeggero;2005;M;Illeso;0;;;
3695165;10;21/02/2018 16:15:00;;VIA RAIMONDO SCINTU;all'intersezione con;VIALE BRUNO PELIZZI;VIALE BRUNO PELIZZI;;;Scontro frontale/laterale SX fra veicoli in marcia;;;;;;;;;;1;0;0;2;;;0;2;Autovettura privata;In marcia / fermata / arresto;Dacia;Dokker;Conducente;1982;F;Rimandato;0;NON DECEDUTO;;
3695168;10;21/02/2018 21:40:00;;VIA GASPERINA;all'intersezione con;VIA PIZZONI;VIA PIZZONI;;;Tamponamento;;;;;;;;;;0;0;0;2;;;0;1;Autovettura privata;In marcia / fermata / arresto;Fiat;Punto;Conducente;1989;M;Illeso;0;;;
3695168;10;21/02/2018 21:40:00;;VIA GASPERINA;all'intersezione con;VIA PIZZONI;VIA PIZZONI;;;Tamponamento;;;;;;;;;;0;0;0;2;;;0;2;Autovettura privata;In marcia / fermata / arresto;Fiat;Punto;Conducente;1992;M;Illeso;0;;;
3695180;17;21/02/2018 11:55:00;Strada Urbana;VIALE ANGELICO;all'intersezione semaforizzata con;VIA MUGGIA;VIA MUGGIA;;;Scontro frontale/laterale DX fra veicoli in marcia;Intersezione semaforizzata;Una carreggiata a doppio senso;Asciutto;Asfaltata;Verticale ed orizzontale;Nuvoloso;Normale;Buona;Ore Diurne;1;0;0;1;12,45864;41,91737;0;1;Autovettura privata;In marcia / fermata / arresto;Volkswagen;Polo;Conducente;1955;F;Illeso;0;;Non accertato;Inesploso
3695180;17;21/02/2018 11:55:00;Strada Urbana;VIALE ANGELICO;all'intersezione semaforizzata con;VIA MUGGIA;VIA MUGGIA;;;Scontro frontale/laterale DX fra veicoli in marcia;Intersezione semaforizzata;Una carreggiata a doppio senso;Asciutto;Asfaltata;Verticale ed orizzontale;Nuvoloso;Normale;Buona;Ore Diurne;1;0;0;1;12,45864;41,91737;0;2;Autovettura privata;In marcia / fermata / arresto;Mercedes;A 180;Conducente;1994;M;Rimandato;0;NON DECEDUTO;Non accertato;Inesploso
3695184;10;21/02/2018 23:45:00;;VIA MARIO MENGHINI;all'intersezione con;VIA TEODORO MOMMSEN;VIA TEODORO MOMMSEN;;;Scontro frontale/laterale SX fra veicoli in marcia;;;;;;;;;;0;0;0;4;;;0;1;Autovettura privata;In marcia / fermata / arresto;Ford;KA;Conducente;1986;M;Illeso;0;;;
3695184;10;21/02/2018 23:45:00;;VIA MARIO MENGHINI;all'intersezione con;VIA TEODORO MOMMSEN;VIA TEODORO MOMMSEN;;;Scontro frontale/laterale SX fra veicoli in marcia;;;;;;;;;;0;0;0;4;;;0;1;Autovettura privata;In marcia / fermata / arresto;Ford;KA;Passeggero;1980;F;Illeso;0;;;
3695184;10;21/02/2018 23:45:00;;VIA MARIO MENGHINI;all'intersezione con;VIA TEODORO MOMMSEN;VIA TEODORO MOMMSEN;;;Scontro frontale/laterale SX fra veicoli in marcia;;;;;;;;;;0;0;0;4;;;0;2;Autovettura privata;In marcia / fermata / arresto;Mazda;5;Conducente;1946;M;Illeso;0;;;
3695184;10;21/02/2018 23:45:00;;VIA MARIO MENGHINI;all'intersezione con;VIA TEODORO MOMMSEN;VIA TEODORO MOMMSEN;;;Scontro frontale/laterale SX fra veicoli in marcia;;;;;;;;;;0;0;0;4;;;0;2;Autovettura privata;In marcia / fermata / arresto;Mazda;5;Passeggero;1937;M;Illeso;0;;;
3695187;4;22/02/2018 01:15:00;;VIA ANTONIO FOGAZZARO;in prossimità;;del civico n.;82;;Veicolo in marcia contro veicoli in sosta;;;;;;;;;;0;0;0;1;12,54863;41,94219;0;1;Autovettura privata;In marcia / fermata / arresto;Chevrolet;Aveo;Conducente;1961;F;Illeso;0;;;
3695201;10;22/02/2018 01:20:00;;VIA TUSCOLANA;da specificare;;;;COMPLANARE F.C. 1183;Veicolo in marcia contro ostacolo accidentale;;;;;;;;;;0;0;0;1;;;0;1;Autovettura privata;In marcia / fermata / arresto;Fiat;Punto;Conducente;1996;M;Illeso;0;;;
3695220;9;22/02/2018 07:05:00;Strada Urbana;Tangenziale Est direzione S. Giovanni;da specificare;;;;rampa ingresso prenestina;Scontro laterale fra veicoli in marcia;Curva a visuale libera;Una carreggiata a senso unico di marcia;Asciutto;Asfaltata;Verticale ed orizzontale;Nuvoloso;Intenso;Buona;Ore Diurne;0;0;0;2;;;0;1;Autocarro inferiore 35 q.;In marcia / fermata / arresto;Ford;Transit;Conducente;1959;M;Illeso;0;;Non accertato;Inesploso
3695220;9;22/02/2018 07:05:00;Strada Urbana;Tangenziale Est direzione S. Giovanni;da specificare;;;;rampa ingresso prenestina;Scontro laterale fra veicoli in marcia;Curva a visuale libera;Una carreggiata a senso unico di marcia;Asciutto;Asfaltata;Verticale ed orizzontale;Nuvoloso;Intenso;Buona;Ore Diurne;0;0;0;2;;;0;2;Autovettura privata;In marcia / fermata / arresto;Opel;Meriva;Conducente;1972;M;Illeso;0;;Utilizzato;Inesploso
3695230;4;21/02/2018 09:20:00;Strada Urbana;VIA RADICOFANI;in prossimità;;del civico n.;180E;;Scontro laterale fra veicoli in marcia;Rettilineo;Una carreggiata a doppio senso;Asciutto;Asfaltata;Verticale;Sereno;Normale;Buona;Ore Diurne;0;0;0;2;12,51394;41,97419;0;1;Autobus di linea;In marcia / fermata / arresto;TEMSA;AVENUE LF;Conducente;1972;M;Illeso;0;;;