Protocollo;Gruppo;DataOraIncidente;Localizzazione1;STRADA1;Localizzazione2;STRADA2;Strada02;Chilometrica;DaSpecificare;NaturaIncidente;particolaritastrade;TipoStrada;FondoStradale;Pavimentazione;Segnaletica;CondizioneAtmosferica;Traffico;Visibilita;Illuminazione;NUM_FERITI;NUM_RISERVATA;NUM_MORTI;NUM_ILLESI;Longitudine;Latitudine;Confermato;Progressivo;TipoVeicolo;StatoVeicolo;Marca;Modello;TipoPersona;AnnoNascita;Sesso;Tipolesione;Deceduto;DecedutoDopo;CinturaCascoUtilizzato;Airbag;
3696731;20;22/02/2018 16:00:00;Regionale entro l'abitato;VIA FLAMINIA NUOVA;in corrispondenza;;del civico n.;297;;Scontro frontale fra veicoli in marcia;Rettilineo;Una carreggiata a doppio senso;Bagnato (pioggia);Asfaltata;Orizzontale;Pioggia in atto;Normale;Buona;Ore Diurne;1;0;0;6;;;0;4;Autovettura privata;In marcia / fermata / arresto;Nissan;quashquai;Conducente;1961;M;Rimandato;0;NON DECEDUTO;;
3696731;20;22/02/2018 16:00:00;Regionale entro l'abitato;VIA FLAMINIA NUOVA;in corrispondenza;;del civico n.;297;;Scontro frontale fra veicoli in marcia;Rettilineo;Una carreggiata a doppio senso;Bagnato (pioggia);Asfaltata;Orizzontale;Pioggia in atto;Normale;Buona;Ore Diurne;1;0;0;6;;;0;5;Autovettura privata;In marcia / fermata / arresto;Mercedes;Classe A;Conducente;1970;F;Illeso;0;;;
3696731;20;22/02/2018 16:00:00;Regionale entro l'abitato;VIA FLAMINIA NUOVA;in corrispondenza;;del civico n.;297;;Scontro frontale fra veicoli in marcia;Rettilineo;Una carreggiata a doppio senso;Bagnato (pioggia);Asfaltata;Orizzontale;Pioggia in atto;Normale;Buona;Ore Diurne;1;0;0;6;;;0;6;Autovettura privata;In marcia / fermata / arresto;Peugeot;Tepee;Conducente;1947;F;Illeso;0;;;
3696732;6;22/02/2018 23:40:00;Strada Urbana;VIA TOR DE' SCHIAVI;all'intersezione con;VIA DEI PLATANI;VIA DEI PLATANI;;;Scontro frontale/laterale DX fra veicoli in marcia;Intersezione stradale segnalata;Una carreggiata a doppio senso;Bagnato (pioggia);Asfaltata;Verticale ed orizzontale;;Scarso;Sufficiente;Sufficiente;2;0;0;4;12,5608;41,88147;0;1;Autovettura privata;In marcia / fermata / arresto;Kia;Rio;Conducente;1992;F;Illeso;0;;Non accertato;Inesploso
3696732;6;22/02/2018 23:40:00;Strada Urbana;VIA TOR DE' SCHIAVI;all'intersezione con;VIA DEI PLATANI;VIA DEI PLATANI;;;Scontro frontale/laterale DX fra veicoli in marcia;Intersezione stradale segnalata;Una carreggiata a doppio senso;Bagnato (pioggia);Asfaltata;Verticale ed orizzontale;;Scarso;Sufficiente;Sufficiente;2;0;0;4;12,5608;41,88147;0;1;Autovettura privata;In marcia / fermata / arresto;Kia;Rio;Passeggero;1992;F;Illeso;0;;Non accertato;Inesploso
3696732;6;22/02/2018 23:40:00;Strada Urbana;VIA TOR DE' SCHIAVI;all'intersezione con;VIA DEI PLATANI;VIA DEI PLATANI;;;Scontro frontale/laterale DX fra veicoli in marcia;Intersezione stradale segnalata;Una carreggiata a doppio senso;Bagnato (pioggia);Asfaltata;Verticale ed orizzontale;;Scarso;Sufficiente;Sufficiente;2;0;0;4;12,5608;41,88147;0;1;Autovettura privata;In marcia / fermata / arresto;Kia;Rio;Passeggero;1992;F;Rifiuta cure immediate;0;NON DECEDUTO;Non accertato;Inesploso
3696732;6;22/02/2018 23:40:00;Strada Urbana;VIA TOR DE' SCHIAVI;all'intersezione con;VIA DEI PLATANI;VIA DEI PLATANI;;;Scontro frontale/laterale DX fra veicoli in marcia;Intersezione stradale segnalata;Una carreggiata a doppio senso;Bagnato (pioggia);Asfaltata;Verticale ed orizzontale;;Scarso;Sufficiente;Sufficiente;2;0;0;4;12,5608;41,88147;0;1;Autovettura privata;In marcia / fermata / arresto;Kia;Rio;Passeggero;1993;F;Rifiuta cure immediate;0;NON DECEDUTO;Non accertato;Inesploso
3696732;6;22/02/2018 23:40:00;Strada Urbana;VIA TOR DE' SCHIAVI;all'intersezione con;VIA DEI PLATANI;VIA DEI PLATANI;;;Scontro frontale/laterale DX fra veicoli in marcia;Intersezione stradale segnalata;Una carreggiata a doppio senso;Bagnato (pioggia);Asfaltata;Verticale ed orizzontale;;Scarso;Sufficiente;Sufficiente;2;0;0;4;12,5608;41,88147;0;2;Autovettura privata;In marcia / fermata / arresto;Mini;One;Conducente;1996;M;Illeso;0;;Non utilizzato;Esploso
3696732;6;22/02/2018 23:40:00;Strada Urbana;VIA TOR DE' SCHIAVI;all'intersezione con;VIA DEI PLATANI;VIA DEI PLATANI;;;Scontro frontale/laterale DX fra veicoli in marcia;Intersezione stradale segnalata;Una carreggiata a doppio senso;Bagnato (pioggia);Asfaltata;Verticale ed orizzontale;;Scarso;Sufficiente;Sufficiente;2;0;0;4;12,5608;41,88147;0;2;Autovettura privata;In marcia / fermata / arresto;Mini;One;Passeggero;1996;M;Illeso;0;;Non accertato;Inesploso
3696745;19;22/02/2018 11:00:00;Strada Urbana;VIA DELLA RISERVA GRANDE;da specificare;;;;Rotatoria per via Martiri Riserva Grande;Veicolo in marcia contro ostacolo accidentale;Rotatoria;Una carreggiata a senso unico di marcia;Viscido da liquidi oleosi;Asfaltata;Verticale ed orizzontale;Pioggia in atto;Normale;Buona;Ore Diurne;0;0;0;1;12,3745;41,94655;0;1;Motociclo a solo;In marcia / fermata / arresto;Moto Guzzi;PL V35 C;Conducente;1989;M;Illeso;0;;Non accertato;
3696746;1;22/02/2018 19:10:00;Strada Urbana;VIA CAVOUR;in prossimità;;del civico n.;112;;Investimento di pedone;Rettilineo;Una carreggiata a doppio senso;Bagnato (pioggia);Asfaltata;Verticale ed orizzontale;Pioggia in atto;Intenso;Sufficiente;Sufficiente;2;0;0;0;;;0;;;;;;Pedone;1976;M;Rimandato;0;NON DECEDUTO;;
3696746;1;22/02/2018 19:10:00;Strada Urbana;VIA CAVOUR;in prossimità;;del civico n.;112;;Investimento di pedone;Rettilineo;Una carreggiata a doppio senso;Bagnato (pioggia);Asfaltata;Verticale ed orizzontale;Pioggia in atto;Intenso;Sufficiente;Sufficiente;2;0;0;0;;;0;1;Motociclo a solo;In marcia / fermata / arresto;Honda;Foresight;Conducente;1961;M;Rifiuta cure immediate;0;NON DECEDUTO;;
3696748;11;22/02/2018 17:35:00;Strada Urbana;VIA ARDEATINA;da specificare;;;;in prossimità rotatoria Vigna Murata;Scontro laterale fra veicoli in marcia;Rotatoria;Una carreggiata a senso unico di marcia;Bagnato (pioggia);Asfaltata;Verticale ed orizzontale;Pioggia in atto;Normale;Buona;Sufficiente;0;0;0;5;12,51829;41,82708;0;1;Autovettura privata;In marcia / fermata / arresto;Mercedes;C220;Conducente;1956;M;Illeso;0;;;
3696748;11;22/02/2018 17:35:00;Strada Urbana;VIA ARDEATINA;da specificare;;;;in prossimità rotatoria Vigna Murata;Scontro laterale fra veicoli in marcia;Rotatoria;Una carreggiata a senso unico di marcia;Bagnato (pioggia);Asfaltata;Verticale ed orizzontale;Pioggia in atto;Normale;Buona;Sufficiente;0;0;0;5;12,51829;41,82708;0;2;Autovettura privata;In marcia / fermata / arresto;Skoda;Octavia;Conducente;1967;F;Illeso;0;;;
3696748;11;22/02/2018 17:35:00;Strada Urbana;VIA ARDEATINA;da specificare;;;;in prossimità rotatoria Vigna Murata;Scontro laterale fra veicoli in marcia;Rotatoria;Una carreggiata a senso unico di marcia;Bagnato (pioggia);Asfaltata;Verticale ed orizzontale;Pioggia in atto;Normale;Buona;Sufficiente;0;0;0;5;12,51829;41,82708;0;2;Autovettura privata;In marcia / fermata / arresto;Skoda;Octavia;Passeggero;1951;M;Illeso;0;;Non accertato;
3696748;11;22/02/2018 17:35:00;Strada Urbana;VIA ARDEATINA;da specificare;;;;in prossimità rotatoria Vigna Murata;Scontro laterale fra veicoli in marcia;Rotatoria;Una carreggiata a senso unico di marcia;Bagnato (pioggia);Asfaltata;Verticale ed orizzontale;Pioggia in atto;Normale;Buona;Sufficiente;0;0;0;5;12,51829;41,82708;0;2;Autovettura privata;In marcia / fermata / arresto;Skoda;Octavia;Passeggero;1998;M;Illeso;0;;Non accertato;
3696748;11;22/02/2018 17:35:00;Strada Urbana;VIA ARDEATINA;da specificare;;;;in prossimità rotatoria Vigna Murata;Scontro laterale fra veicoli in marcia;Rotatoria;Una carreggiata a senso unico di marcia;Bagnato (pioggia);Asfaltata;Verticale ed orizzontale;Pioggia in atto;Normale;Buona;Sufficiente;0;0;0;5;12,51829;41,82708;0;2;Autovettura privata;In marcia / fermata / arresto;Skoda;Octavia;Passeggero;1999;F;Illeso;0;;Non accertato;
3696750;20;22/02/2018 12:50:00;Strada Urbana;VIA BRUNO BRUNI;in prossimità;;del civico n.;107;;Scontro laterale fra veicoli in marcia;Rettilineo;Una carreggiata a doppio senso;Bagnato (pioggia);Asfaltata;Assente;Pioggia in atto;Scarso;Buona;Ore Diurne;0;0;0;2;;;0;1;Autovettura privata;In marcia / fermata / arresto;Volkswagen;TIGUAN;Conducente;1970;F;Illeso;0;;Non accertato;
3696750;20;22/02/2018 12:50:00;Strada Urbana;VIA BRUNO BRUNI;in prossimità;;del civico n.;107;;Scontro laterale fra veicoli in marcia;Rettilineo;Una carreggiata a doppio senso;Bagnato (pioggia);Asfaltata;Assente;Pioggia in atto;Scarso;Buona;Ore Diurne;0;0;0;2;;;0;2;Autocarro inferiore 35 q.;In marcia / fermata / arresto;Fiat;Panda;Conducente;1994;M;Illeso;0;;Non accertato;Inesploso
3696771;5;22/02/2018 12:25:00;;VIA DEI CRISPOLTI;all'intersezione con;VIA LUIGI CESANA;VIA LUIGI CESANA;;;Scontro frontale/laterale SX fra veicoli in marcia;;;;;;;;;;2;0;0;0;12,55239;41,91045;0;2;Autovettura privata;In marcia / fermata / arresto;Renault;Clio;Conducente;0;M;Rimandato;0;NON DECEDUTO;;
3696771;5;22/02/2018 12:25:00;;VIA DEI CRISPOLTI;all'intersezione con;VIA LUIGI CESANA;VIA LUIGI CESANA;;;Scontro frontale/laterale SX fra veicoli in marcia;;;;;;;;;;2;0;0;0;12,55239;41,91045;0;2;Autovettura privata;In marcia / fermata / arresto;Renault;Clio;Passeggero;0;M;Rimandato;0;NON DECEDUTO;;
3696781;13;22/02/2018 20:40:00;Strada Urbana;VIALE DEI ROMAGNOLI;in prossimità;;del palo luce n.;10;;Veicolo in marcia contro ostacolo accidentale;Rettilineo;Una carreggiata a senso unico di marcia;Bagnato (umidità in atto);Asfaltata;Verticale;Nuvoloso;Normale;Sufficiente;Sufficiente;0;0;0;1;12,35742;41,78313;0;1;Autovettura privata;In marcia / fermata / arresto;Ford;Focus;Conducente;1974;M;Illeso;0;;Non accertato;Inesploso
3696783;13;22/02/2018 21:45:00;Strada Urbana;VIALE DEI ROMAGNOLI;in corrispondenza;;del palo luce n.;10;;Veicolo in marcia contro ostacolo accidentale;Rettilineo;Una carreggiata a senso unico di marcia;Bagnato (umidità in atto);Con buche;Verticale ed orizzontale;Nuvoloso;Normale;Buona;Sufficiente;0;0;0;2;12,35742;41,78313;0;1;Autovettura privata;In marcia / fermata / arresto;Toyota;Yaris;Conducente;1982;M;Illeso;0;;;
3696783;13;22/02/2018 21:45:00;Strada Urbana;VIALE DEI ROMAGNOLI;in corrispondenza;;del palo luce n.;10;;Veicolo in marcia contro ostacolo accidentale;Rettilineo;Una carreggiata a senso unico di marcia;Bagnato (umidità in atto);Con buche;Verticale ed orizzontale;Nuvoloso;Normale;Buona;Sufficiente;0;0;0;2;12,35742;41,78313;0;1;Autovettura privata;In marcia / fermata / arresto;Toyota;Yaris;Passeggero;1986;M;Illeso;0;;;
3696792;5;22/02/2018 21:30:00;;NUOVA CIRCONVALLAZIONE INTERNA;da specificare;;;;direz.Nomentana dopo uscita CAMESENA;Veicolo in marcia contro ostacolo fisso;;;;;;;;;;1;0;0;0;12,53361;41,90963;0;1;Autovettura privata;In marcia / fermata / arresto;Jaguar;X- Tipe;Conducente;0;M;Rimandato;0;NON DECEDUTO;;
3696795;1;22/02/2018 23:55:00;;PIAZZALE OSTIENSE;da specificare;;;;PIAZZALE OSTIENSE;Tamponamento;;;;;;;;;;0;0;0;2;;;0;1;Autovettura privata;In marcia / fermata / arresto;Fiat;Panda;Conducente;1993;M;Illeso;0;;;
3696795;1;22/02/2018 23:55:00;;PIAZZALE OSTIENSE;da specificare;;;;PIAZZALE OSTIENSE;Tamponamento;;;;;;;;;;0;0;0;2;;;0;1;Autovettura privata;In marcia / fermata / arresto;Fiat;Panda;Passeggero;1996;F;Illeso;0;;;
3696796;20;22/02/2018 18:20:00;Strada Urbana;VIA GHISALBA;in prossimità;;del civico n.;75;;Fuoriuscita dalla sede stradale;Rettilineo;Una carreggiata a doppio senso;Bagnato (pioggia);Asfaltata;Orizzontale;Pioggia in atto;Scarso;Sufficiente;Sufficiente;2;0;0;2;12,4788;41,99025;0;1;Autovettura privata;In marcia / fermata / arresto;Fiat;Panda;Conducente;1971;M;Rimandato;0;NON DECEDUTO;;
3696796;20;22/02/2018 18:20:00;Strada Urbana;VIA GHISALBA;in prossimità;;del civico n.;75;;Fuoriuscita dalla sede stradale;Rettilineo;Una carreggiata a doppio senso;Bagnato (pioggia);Asfaltata;Orizzontale;Pioggia in atto;Scarso;Sufficiente;Sufficiente;2;0;0;2;12,4788;41,99025;0;1;Autovettura privata;In marcia / fermata / arresto;Fiat;Panda;Passeggero;1968;F;Rimandato;0;NON DECEDUTO;;
3696796;20;22/02/2018 18:20:00;Strada Urbana;VIA GHISALBA;in prossimità;;del civico n.;75;;Fuoriuscita dalla sede stradale;Rettilineo;Una carreggiata a doppio senso;Bagnato (pioggia);Asfaltata;Orizzontale;Pioggia in atto;Scarso;Sufficiente;Sufficiente;2;0;0;2;12,4788;41,99025;0;1;Autovettura privata;In marcia / fermata / arresto;Fiat;Panda;Passeggero;1997;F;Illeso;0;;;
3696796;20;22/02/2018 18:20:00;Strada Urbana;VIA GHISALBA;in prossimità;;del civico n.;75;;Fuoriuscita dalla sede stradale;Rettilineo;Una carreggiata a doppio senso;Bagnato (pioggia);Asfaltata;Orizzontale;Pioggia in atto;Scarso;Sufficiente;Sufficiente;2;0;0;2;12,4788;41,99025;0;1;Autovettura privata;In marcia / fermata / arresto;Fiat;Panda;Passeggero;2009;M;Illeso;0;;;
3696797;19;22/02/2018 20:40:00;;GALLERIA GIOVANNI XXIII;in prossimità;;della chilometrica;1.5;;Veicolo in marcia contro ostacolo fisso;;;;;;;;;;0;0;0;1;;;0;1;Autovettura privata;In marcia / fermata / arresto;Citroen;C 3;Conducente;0;M;Illeso;0;;;
3696805;4;22/02/2018 10:15:00;;VIA DEI FOSCARI;in corrispondenza;;del civico n.;115;;Veicolo in marcia contro veicoli in sosta;;;;;;;;;;0;0;0;1;;;0;1;Autovettura privata;In marcia / fermata / arresto;Alfa Romeo;(ignoto);Conducente;1949;M;Illeso;0;;;
3696809;6;23/02/2018 07:50:00;Strada Urbana;VIALE DELLA VENEZIA GIULIA;in corrispondenza;;del civico n.;71;;Tamponamento;Rettilineo;Una carreggiata a doppio senso;Bagnato (pioggia);Asfaltata;Verticale ed orizzontale;Pioggia in atto;Normale;Buona;Ore Diurne;1;0;0;1;;;0;1;Autovettura privata;In marcia / fermata / arresto;Nissan;QASHQAI;Conducente;1957;M;Illeso;0;;Non accertato;Inesploso
3696809;6;23/02/2018 07:50:00;Strada Urbana;VIALE DELLA VENEZIA GIULIA;in corrispondenza;;del civico n.;71;;Tamponamento;Rettilineo;Una carreggiata a doppio senso;Bagnato (pioggia);Asfaltata;Verticale ed orizzontale;Pioggia in atto;Normale;Buona;Ore Diurne;1;0;0;1;;;0;2;Motociclo a solo;In marcia / fermata / arresto;Kimco;Grand Dink;Conducente;1990;M;Rifiuta cure immediate;0;NON DECEDUTO;Non accertato;
3696828;4;22/02/2018 08:40:00;;VIA VAGLIA;in corrispondenza;;del civico n.;77;;Scontro laterale fra veicoli in marcia;;;;;;;;;;1;0;0;1;;;0;1;Autovettura privata;In marcia / fermata / arresto;Toyota;Aygo;Conducente;1978;M;Illeso;0;;;
3696828;4;22/02/2018 08:40:00;;VIA VAGLIA;in corrispondenza;;del civico n.;77;;Scontro laterale fra veicoli in marcia;;;;;;;;;;1;0;0;1;;;0;2;Motociclo con passeggero;In marcia / fermata / arresto;BMW;(ignoto);Conducente;1966;M;Rimandato;0;NON DECEDUTO;Non accertato;
3696837;13;22/02/2018 12:30:00;;VIA DI CASTEL FUSANO;all'intersezione con;VIA AGOSTINO CHIGI;VIA AGOSTINO CHIGI;;;Tamponamento Multiplo;;;;;;;;;;0;0;0;3;;;0;1;Autocarro inferiore 35 q.;In marcia / fermata / arresto;Renault;Kangoo;Conducente;1988;M;Illeso;0;;Non accertato;
3696837;13;22/02/2018 12:30:00;;VIA DI CASTEL FUSANO;all'intersezione con;VIA AGOSTINO CHIGI;VIA AGOSTINO CHIGI;;;Tamponamento Multiplo;;;;;;;;;;0;0;0;3;;;0;2;Autovettura privata;In marcia / fermata / arresto;Lancia;Ypsilon;Conducente;1974;F;Illeso;0;;Non accertato;Inesploso
3696837;13;22/02/2018 12:30:00;;VIA DI CASTEL FUSANO;all'intersezione con;VIA AGOSTINO CHIGI;VIA AGOSTINO CHIGI;;;Tamponamento Multiplo;;;;;;;;;;0;0;0;3;;;0;3;Autovettura privata;In marcia / fermata / arresto;Audi;A4;Conducente;1965;M;Illeso;0;;Non accertato;Inesploso
3696844;3;20/02/2018 14:40:00;Strada Urbana;VIA DEI VOLSCI;all'intersezione con;VIA DEI SARDI;VIA DEI SARDI;;;Scontro laterale fra veicoli in marcia;Intersezione stradale segnalata;Una carreggiata a senso unico di marcia;Asciutto;Asfaltata;Verticale ed orizzontale;Nuvoloso;Normale;Buona;Ore Diurne;0;0;0;2;;;0;1;Autovettura privata;In marcia / fermata / arresto;Toyota;Yaris;Conducente;1977;F;Illeso;0;;Non accertato;Inesploso
3696844;3;20/02/2018 14:40:00;Strada Urbana;VIA DEI VOLSCI;all'intersezione con;VIA DEI SARDI;VIA DEI SARDI;;;Scontro laterale fra veicoli in marcia;Intersezione stradale segnalata;Una carreggiata a senso unico di marcia;Asciutto;Asfaltata;Verticale ed orizzontale;Nuvoloso;Normale;Buona;Ore Diurne;0;0;0;2;;;0;2;Autovettura privata;In marcia / fermata / arresto;Lancia;Y;Conducente;1992;F;Illeso;0;;Non accertato;Inesploso
3696852;3;20/02/2018 21:55:00;;VIA DI SELVA CANDIDA;da specificare;;;;prox 197c;Scontro laterale fra veicoli in marcia;;;;;;;;;;0;0;0;1;;;0;1;Autovettura privata;In marcia / fermata / arresto;Nissan;Micra;Conducente;0;F;Illeso;0;;;
3696865;9;23/02/2018 08:30:00;Strada Urbana;VIA APPIA NUOVA;in prossimità;;del civico n.;749;;Tamponamento;Rettilineo;Due carreggiate;Bagnato (pioggia);Asfaltata;Assente;Pioggia in atto;Intenso;Buona;Ore Diurne;0;0;0;2;;;0;1;Autovettura privata;In marcia / fermata / arresto;BMW;218 D;Conducente;1984;F;Illeso;0;;Non accertato;
3696865;9;23/02/2018 08:30:00;Strada Urbana;VIA APPIA NUOVA;in prossimità;;del civico n.;749;;Tamponamento;Rettilineo;Due carreggiate;Bagnato (pioggia);Asfaltata;Assente;Pioggia in atto;Intenso;Buona;Ore Diurne;0;0;0;2;;;0;2;Autovettura privata;In marcia / fermata / arresto;Fiat;Cinquecento;Conducente;1993;M;Illeso;0;;;
3696881;5;23/02/2018 08:50:00;Strada Urbana;VIA DI GROTTA DI GREGNA;da specificare;;;;fronte civico 82 (rotatoria Sacco e Vanzetti);Tamponamento;Rotatoria;Due carreggiate;Bagnato (pioggia);Asfaltata;Orizzontale;Pioggia in atto;Normale;Buona;Ore Diurne;0;0;0;5;12,56499;41,90869;0;1;Autovettura privata;In marcia / fermata / arresto;Toyota;Yaris;Conducente;1974;M;Illeso;0;;Non accertato;
3696881;5;23/02/2018 08:50:00;Strada Urbana;VIA DI GROTTA DI GREGNA;da specificare;;;;fronte civico 82 (rotatoria Sacco e Vanzetti);Tamponamento;Rotatoria;Due carreggiate;Bagnato (pioggia);Asfaltata;Orizzontale;Pioggia in atto;Normale;Buona;Ore Diurne;0;0;0;5;12,56499;41,90869;0;1;Autovettura privata;In marcia / fermata / arresto;Toyota;Yaris;Passeggero;1978;F;Illeso;0;;Non accertato;
3696881;5;23/02/2018 08:50:00;Strada Urbana;VIA DI GROTTA DI GREGNA;da specificare;;;;fronte civico 82 (rotatoria Sacco e Vanzetti);Tamponamento;Rotatoria;Due carreggiate;Bagnato (pioggia);Asfaltata;Orizzontale;Pioggia in atto;Normale;Buona;Ore Diurne;0;0;0;5;12,56499;41,90869;0;2;Autovettura privata;In marcia / fermata / arresto;BMW;X 1;Conducente;1953;F;Illeso;0;;Non accertato;
3696881;5;23/02/2018 08:50:00;Strada Urbana;VIA DI GROTTA DI GREGNA;da specificare;;;;fronte civico 82 (rotatoria Sacco e Vanzetti);Tamponamento;Rotatoria;Due carreggiate;Bagnato (pioggia);Asfaltata;Orizzontale;Pioggia in atto;Normale;Buona;Ore Diurne;0;0;0;5;12,56499;41,90869;0;2;Autovettura privata;In marcia / fermata / arresto;BMW;X 1;Passeggero;1979;F;Illeso;0;;Non accertato;
3696881;5;23/02/2018 08:50:00;Strada Urbana;VIA DI GROTTA DI GREGNA;da specificare;;;;fronte civico 82 (rotatoria Sacco e Vanzetti);Tamponamento;Rotatoria;Due carreggiate;Bagnato (pioggia);Asfaltata;Orizzontale;Pioggia in atto;Normale;Buona;Ore Diurne;0;0;0;5;12,56499;41,90869;0;2;Autovettura privata;In marcia / fermata / arresto;BMW;X 1;Passeggero;2013;F;Illeso;0;;Non accertato;
3696882;3;21/02/2018 08:40:00;;VIA TIBURTINA;da specificare;;;;prox dir. p.le del Verano;Ribaltamento senza urto contro ostacolo fisso;;;;;;;;;;1;0;0;0;;;0;1;Motociclo a solo;In marcia / fermata / arresto;Piaggio;Liberty 125;Conducente;0;F;Rifiuta cure immediate;0;NON DECEDUTO;;
3696897;3;21/02/2018;;VIA ELEONORA D'ARBOREA;all'intersezione con;VIA GIOVANNI DA PROCIDA;VIA GIOVANNI DA PROCIDA;;;Scontro frontale/laterale DX fra veicoli in marcia;;;;;;;;;;0;0;0;2;;;0;1;Autovettura privata;In marcia / fermata / arresto;Fiat;Punto;Conducente;0;M;Illeso;0;;;
3696897;3;21/02/2018;;VIA ELEONORA D'ARBOREA;all'intersezione con;VIA GIOVANNI DA PROCIDA;VIA GIOVANNI DA PROCIDA;;;Scontro frontale/laterale DX fra veicoli in marcia;;;;;;;;;;0;0;0;2;;;0;2;Motociclo a solo;In marcia / fermata / arresto;Yamaha;Majesty;Conducente;1966;M;Illeso;0;;;
3696900;4;22/02/2018 20:45:00;;VIA DELL'ATENEO SALESIANO;da specificare;;;;fronte civ. 1;Scontro frontale/laterale DX fra veicoli in marcia;;;;;;;;;;1;0;0;0;;;0;1;Motociclo con passeggero;In marcia / fermata / arresto;Honda;SH;Conducente;1988;M;Rifiuta cure immediate;0;NON DECEDUTO;;
3696920;23;22/02/2018 14:18:00;Comunale extraurbana;VIA CRISTOFORO COLOMBO;all'intersezione semaforizzata con;VIA DI ACILIA;VIA DI ACILIA;;;Tamponamento;Incrocio;Più di due carreggiate;Bagnato (pioggia);Asfaltata;Verticale ed orizzontale;Pioggia in atto;Normale;Buona;Ore Diurne;0;0;0;3;12,37143;41,77369;-1;1;Autovettura privata;In marcia / fermata / arresto;Opel;AGILA;Conducente;1958;M;Illeso;0;;Utilizzato;Inesploso
3696920;23;22/02/2018 14:18:00;Comunale extraurbana;VIA CRISTOFORO COLOMBO;all'intersezione semaforizzata con;VIA DI ACILIA;VIA DI ACILIA;;;Tamponamento;Incrocio;Più di due carreggiate;Bagnato (pioggia);Asfaltata;Verticale ed orizzontale;Pioggia in atto;Normale;Buona;Ore Diurne;0;0;0;3;12,37143;41,77369;-1;2;Autovettura privata;In marcia / fermata / arresto;Alfa Lancia;Y;Conducente;1958;F;Illeso;0;;Utilizzato;Inesploso
3696920;23;22/02/2018 14:18:00;Comunale extraurbana;VIA CRISTOFORO COLOMBO;all'intersezione semaforizzata con;VIA DI ACILIA;VIA DI ACILIA;;;Tamponamento;Incrocio;Più di due carreggiate;Bagnato (pioggia);Asfaltata;Verticale ed orizzontale;Pioggia in atto;Normale;Buona;Ore Diurne;0;0;0;3;12,37143;41,77369;-1;2;Autovettura privata;In marcia / fermata / arresto;Alfa Lancia;Y;Passeggero;1953;F;Illeso;0;;Utilizzato;Inesploso
3696927;3;22/02/2018 23:15:00;;VIA NOMENTANA;da specificare;;;;alt. civ. 311;Tamponamento;;;;;;;;;;0;0;0;3;;;0;1;Autovettura privata;In marcia / fermata / arresto;Kia;Rio;Conducente;0;M;Illeso;0;;;
3696927;3;22/02/2018 23:15:00;;VIA NOMENTANA;da specificare;;;;alt. civ. 311;Tamponamento;;;;;;;;;;0;0;0;3;;;0;2;Autovettura privata;In marcia / fermata / arresto;Citroen;Xsara;Conducente;0;M;Illeso;0;;;
3696927;3;22/02/2018 23:15:00;;VIA NOMENTANA;da specificare;;;;alt. civ. 311;Tamponamento;;;;;;;;;;0;0;0;3;;;0;3;Autovettura privata;In marcia / fermata / arresto;Citroen;C1;Conducente;0;M;Illeso;0;;;
3696928;8;22/02/2018 13:50:00;;VIA ANTONIO CARPENE';all'intersezione con;VIA MICHELE PANTANELLA;VIA MICHELE PANTANELLA;;;Scontro frontale/laterale SX fra veicoli in marcia;;;;;;;;;;1;0;0;0;;;0;1;Autovettura privata;In marcia / fermata / arresto;BMW;(non accertato);Conducente;1976;M;Ricoverato;0;NON DECEDUTO;;
3696941;8;22/02/2018 17:10:00;;VIA PIETRO ROMANO;in prossimità;;del civico n.;70;;Veicolo in marcia contro veicolo fermo;;;;;;;;;;0;0;0;3;;;0;1;Motociclo a solo;In marcia / fermata / arresto;Ducati;Monster;Conducente;1982;M;Illeso;0;;;
3696941;8;22/02/2018 17:10:00;;VIA PIETRO ROMANO;in prossimità;;del civico n.;70;;Veicolo in marcia contro veicolo fermo;;;;;;;;;;0;0;0;3;;;0;2;Autovettura privata;In marcia / fermata / arresto;Alfa Lancia;Y;Conducente;1987;;Illeso;0;;;
3696941;8;22/02/2018 17:10:00;;VIA PIETRO ROMANO;in prossimità;;del civico n.;70;;Veicolo in marcia contro veicolo fermo;;;;;;;;;;0;0;0;3;;;0;3;Autovettura privata;In marcia / fermata / arresto;Toyota;(non accertato);Conducente;1961;;Illeso;0;;;
3696943;3;21/02/2018 14:10:00;Strada Urbana;VIALE REGINA MARGHERITA;da specificare;;;;prox civ. 286;Scontro laterale fra veicoli in marcia;Rettilineo;Una carreggiata a doppio senso;Asciutto;Asfaltata;Verticale ed orizzontale;Nuvoloso;Normale;Buona;Ore Diurne;1;0;0;1;;;0;1;Autocarro inferiore 35 q.;In marcia / fermata / arresto;Fiat Iveco;Daily;Conducente;1962;M;Illeso;0;;Non accertato;Inesploso
3696943;3;21/02/2018 14:10:00;Strada Urbana;VIALE REGINA MARGHERITA;da specificare;;;;prox civ. 286;Scontro laterale fra veicoli in marcia;Rettilineo;Una carreggiata a doppio senso;Asciutto;Asfaltata;Verticale ed orizzontale;Nuvoloso;Normale;Buona;Ore Diurne;1;0;0;1;;;0;2;Motociclo a solo;In marcia / fermata / arresto;Honda;SH150;Conducente;1976;M;Ricoverato;0;NON DECEDUTO;Non accertato;