Protocollo;Gruppo;DataOraIncidente;Localizzazione1;STRADA1;Localizzazione2;STRADA2;Strada02;Chilometrica;DaSpecificare;NaturaIncidente;particolaritastrade;TipoStrada;FondoStradale;Pavimentazione;Segnaletica;CondizioneAtmosferica;Traffico;Visibilita;Illuminazione;NUM_FERITI;NUM_RISERVATA;NUM_MORTI;NUM_ILLESI;Longitudine;Latitudine;Confermato;Progressivo;TipoVeicolo;StatoVeicolo;Marca;Modello;TipoPersona;AnnoNascita;Sesso;Tipolesione;Deceduto;DecedutoDopo;CinturaCascoUtilizzato;Airbag;
3696951;20;22/02/2018 19:00:00;;VIALE CORTINA D'AMPEZZO;in prossimità;;del civico n.;192;;Tamponamento;;;;;;;;;;1;0;0;0;;;0;1;Motociclo a solo;In marcia / fermata / arresto;Honda;SH 150;Conducente;1982;M;Rimandato;0;NON DECEDUTO;;
3696953;8;22/02/2018 15:00:00;;VIA CARLO FORNARA;in prossimità;;del civico n.;68;;Scontro frontale/laterale SX fra veicoli in marcia;;;;;;;;;;1;0;0;2;;;0;1;Autovettura privata;In marcia / fermata / arresto;Fiat;Bravo;Conducente;1984;;Illeso;0;;;
3696953;8;22/02/2018 15:00:00;;VIA CARLO FORNARA;in prossimità;;del civico n.;68;;Scontro frontale/laterale SX fra veicoli in marcia;;;;;;;;;;1;0;0;2;;;0;1;Autovettura privata;In marcia / fermata / arresto;Fiat;Bravo;Passeggero;1983;F;Ricoverato;0;NON DECEDUTO;Non accertato;Inesploso
3696953;8;22/02/2018 15:00:00;;VIA CARLO FORNARA;in prossimità;;del civico n.;68;;Scontro frontale/laterale SX fra veicoli in marcia;;;;;;;;;;1;0;0;2;;;0;2;Autovettura privata;In marcia / fermata / arresto;Fiat;Punto;Conducente;1973;;Illeso;0;;;
3696957;8;22/02/2018 22:30:00;;VIALE PAOLO FERDINANDO QUAGLIA;in prossimità;;del civico n.;12;;Scontro laterale fra veicoli in marcia;;;;;;;;;;0;0;0;2;;;0;1;Autovettura privata;In marcia / fermata / arresto;Citroen;(non accertato);Passeggero;0;M;Illeso;0;;;
3696957;8;22/02/2018 22:30:00;;VIALE PAOLO FERDINANDO QUAGLIA;in prossimità;;del civico n.;12;;Scontro laterale fra veicoli in marcia;;;;;;;;;;0;0;0;2;;;0;2;Autovettura privata;In marcia / fermata / arresto;Volkswagen;Polo;Conducente;0;M;Illeso;0;;;
3696962;8;22/02/2018 15:30:00;;VIA SELLIA;all'intersezione con;VIA STEFANO MADIA;VIA STEFANO MADIA;;;Scontro frontale/laterale SX fra veicoli in marcia;;;;;;;;;;1;0;0;1;;;0;1;Autocarro inferiore 35 q.;In marcia / fermata / arresto;Mitsubishi;Canter;Conducente;1991;M;Illeso;0;;;
3696962;8;22/02/2018 15:30:00;;VIA SELLIA;all'intersezione con;VIA STEFANO MADIA;VIA STEFANO MADIA;;;Scontro frontale/laterale SX fra veicoli in marcia;;;;;;;;;;1;0;0;1;;;0;2;Autovettura privata;In marcia / fermata / arresto;Opel;Zafira;Conducente;1974;F;Ricoverato;0;NON DECEDUTO;;
3696963;12;23/02/2018 03:50:00;Strada Urbana;VIALE EGEO;da specificare;;;;all'altezza di via Dodecaneso;Fuoriuscita dalla sede stradale;Rettilineo;Due carreggiate;Bagnato (umidità in atto);Asfaltata;Verticale ed orizzontale;Nuvoloso;Scarso;Sufficiente;Insufficiente;1;0;0;0;12,45702;41,83248;0;1;Autovettura privata;In marcia / fermata / arresto;Volkswagen;Lupo;Conducente;1991;M;Rimandato;0;NON DECEDUTO;Utilizzato;Inesploso
3696968;8;23/02/2018 00:20:00;;VIALE DELLA SORBONA;in prossimità;;del palo luce n.;144;;Fuoriuscita dalla sede stradale;;;;;;;;;;0;0;0;1;;;0;1;Autovettura privata;In marcia / fermata / arresto;Toyota;Yaris;Conducente;1998;M;Illeso;0;;;
3696970;12;22/02/2018 14:40:00;Strada Urbana;VIA DI PRATICA;da specificare;;;;2Km prima della Pontina;Ribaltamento senza urto contro ostacolo fisso;Curva a visuale libera;Una carreggiata a doppio senso;Bagnato (pioggia);Asfaltata;Verticale ed orizzontale;Pioggia in atto;Scarso;Sufficiente;Ore Diurne;1;0;0;1;12,42908;41,7192;0;1;Autovettura privata;In marcia / fermata / arresto;Chevrolet;Aveo;Conducente;1982;M;Illeso;0;;Non accertato;
3696970;12;22/02/2018 14:40:00;Strada Urbana;VIA DI PRATICA;da specificare;;;;2Km prima della Pontina;Ribaltamento senza urto contro ostacolo fisso;Curva a visuale libera;Una carreggiata a doppio senso;Bagnato (pioggia);Asfaltata;Verticale ed orizzontale;Pioggia in atto;Scarso;Sufficiente;Ore Diurne;1;0;0;1;12,42908;41,7192;0;1;Autovettura privata;In marcia / fermata / arresto;Chevrolet;Aveo;Passeggero;1995;F;Rimandato;0;NON DECEDUTO;;
3696972;8;23/02/2018 01:20:00;;VIALE DELLA SORBONA;in prossimità;;del palo luce n.;144;;Fuoriuscita dalla sede stradale;;;;;;;;;;0;0;0;2;;;0;1;Autovettura privata;In marcia / fermata / arresto;Fiat;Panda;Conducente;1993;F;Illeso;0;;;
3696972;8;23/02/2018 01:20:00;;VIALE DELLA SORBONA;in prossimità;;del palo luce n.;144;;Fuoriuscita dalla sede stradale;;;;;;;;;;0;0;0;2;;;0;1;Autovettura privata;In marcia / fermata / arresto;Fiat;Panda;Passeggero;0;M;Illeso;0;;;
3696990;8;22/02/2018 22:00:00;;VIA DEGAS;da specificare;;;;via s.Elia;Veicolo in marcia contro ostacolo fisso;;;;;;;;;;1;0;0;0;;;0;1;Autovettura privata;In marcia / fermata / arresto;Alfa Lancia;Y;Conducente;1937;M;Ricoverato;0;NON DECEDUTO;;
3696992;16;22/02/2018 17:45:00;;VIA SILVESTRI;in prossimità;;del civico n.;30;;Scontro laterale fra veicoli in marcia;;;;;;;;;;0;0;0;2;;;0;1;Autovettura privata;In marcia / fermata / arresto;Audi;A 4;Conducente;0;M;Illeso;0;;;
3696992;16;22/02/2018 17:45:00;;VIA SILVESTRI;in prossimità;;del civico n.;30;;Scontro laterale fra veicoli in marcia;;;;;;;;;;0;0;0;2;;;0;2;Autovettura privata;In marcia / fermata / arresto;Peugeot;307;Conducente;0;M;Illeso;0;;;
3696994;8;22/02/2018 18:00:00;Provinciale;VIA ZAGAROLESE;in prossimità;;della chilometrica;5.6;;Fuoriuscita dalla sede stradale;Rettilineo;Una carreggiata a doppio senso;Bagnato (pioggia);Asfaltata;Verticale ed orizzontale;Pioggia in atto;Normale;Sufficiente;Sufficiente;1;0;0;0;;;0;1;Autovettura privata;In marcia / fermata / arresto;Fiat;Panda;Conducente;1974;F;Ricoverato;0;NON DECEDUTO;;
3696996;8;22/02/2018 07:40:00;;VIA PRENESTINA;all'intersezione con;VIA AVOLA;VIA AVOLA;;;Scontro frontale/laterale SX fra veicoli in marcia;;;;;;;;;;3;0;0;1;12,65765;41,89158;0;1;Autovettura privata;In marcia / fermata / arresto;Renault;Twingo;Conducente;1973;F;Rimandato;0;NON DECEDUTO;Non accertato;Inesploso
3696996;8;22/02/2018 07:40:00;;VIA PRENESTINA;all'intersezione con;VIA AVOLA;VIA AVOLA;;;Scontro frontale/laterale SX fra veicoli in marcia;;;;;;;;;;3;0;0;1;12,65765;41,89158;0;1;Autovettura privata;In marcia / fermata / arresto;Renault;Twingo;Passeggero;2009;F;Rimandato;0;NON DECEDUTO;;
3696996;8;22/02/2018 07:40:00;;VIA PRENESTINA;all'intersezione con;VIA AVOLA;VIA AVOLA;;;Scontro frontale/laterale SX fra veicoli in marcia;;;;;;;;;;3;0;0;1;12,65765;41,89158;0;1;Autovettura privata;In marcia / fermata / arresto;Renault;Twingo;Passeggero;2009;M;Rimandato;0;NON DECEDUTO;;
3696996;8;22/02/2018 07:40:00;;VIA PRENESTINA;all'intersezione con;VIA AVOLA;VIA AVOLA;;;Scontro frontale/laterale SX fra veicoli in marcia;;;;;;;;;;3;0;0;1;12,65765;41,89158;0;2;Autovettura privata;In marcia / fermata / arresto;Great Wall;Hover;Conducente;1969;F;Illeso;0;;;
3697002;8;22/02/2018 11:50:00;;VIA CASILINA;da specificare;;;;50 metri dopo cavalcavia via cambellotti;Veicolo in marcia contro ostacolo accidentale;;;;;;;;;;0;0;0;1;;;0;1;Autovettura privata;In marcia / fermata / arresto;Ford;Fiesta;Conducente;1985;M;Illeso;0;;Non accertato;Inesistente
3697004;3;22/02/2018 09:20:00;;VIA NOMENTANA;in prossimità;;del civico n.;56;;Investimento di pedone;;;;;;;;;;1;0;0;1;;;0;;;;;;Pedone;0;M;Rifiuta cure immediate;0;NON DECEDUTO;;
3697004;3;22/02/2018 09:20:00;;VIA NOMENTANA;in prossimità;;del civico n.;56;;Investimento di pedone;;;;;;;;;;1;0;0;1;;;0;1;Motociclo a solo;In marcia / fermata / arresto;Honda;SH;Conducente;0;M;Illeso;0;;;
3697010;16;22/02/2018 17:55:00;;VIA BERNARDINO RAMAZZINI;in corrispondenza;;del civico n.;80;;Scontro frontale/laterale SX fra veicoli in marcia;;;;;;;;;;0;0;0;2;;;0;1;Autovettura privata;In marcia / fermata / arresto;Ford;b max;Conducente;0;M;Illeso;0;;;
3697010;16;22/02/2018 17:55:00;;VIA BERNARDINO RAMAZZINI;in corrispondenza;;del civico n.;80;;Scontro frontale/laterale SX fra veicoli in marcia;;;;;;;;;;0;0;0;2;;;0;2;Motociclo a solo;In marcia / fermata / arresto;Honda;SH 300;Conducente;0;M;Illeso;0;;;
3697016;8;22/02/2018 16:16:00;;VIA CARLO BERNARDO MOSCA;in prossimità;;del palo luce n.;4;;Scontro frontale fra veicoli in marcia;;;;;;;;;;1;0;0;1;12,65927;41,89942;0;1;Autovettura privata;In marcia / fermata / arresto;Citroen;C3;Conducente;1989;M;Illeso;0;;Non accertato;Inesploso
3697016;8;22/02/2018 16:16:00;;VIA CARLO BERNARDO MOSCA;in prossimità;;del palo luce n.;4;;Scontro frontale fra veicoli in marcia;;;;;;;;;;1;0;0;1;12,65927;41,89942;0;2;Autovettura privata;In marcia / fermata / arresto;Renault;Clio;Conducente;1974;F;Rifiuta cure immediate;0;NON DECEDUTO;Non accertato;Inesploso
3697017;12;22/02/2018 19:35:00;Strada Urbana;VIA DOMENICO JACHINO;in corrispondenza;;del civico n.;171;;Veicolo in marcia contro ostacolo fisso;Curva senza visuale libera;Una carreggiata a senso unico di marcia;Bagnato (pioggia);Asfaltata;Verticale ed orizzontale;Pioggia in atto;Normale;Sufficiente;Sufficiente;0;0;0;1;12,44733;41,80957;0;1;Autovettura privata;In marcia / fermata / arresto;Renault;Megane;Conducente;1995;M;Illeso;0;;Utilizzato;Inesploso
3697018;8;22/02/2018 12:45:00;;VIALE OXFORD;in prossimità;;del civico n.;81;;Veicolo in marcia contro veicolo in sosta;;;;;;;;;;0;0;0;1;12,6299;41,85846;0;2;Autovettura privata;In marcia / fermata / arresto;Lancia;Dedra;Conducente;1936;M;Illeso;0;;Non accertato;Inesploso
3697024;20;23/02/2018 10:05:00;Strada Urbana;GALLERIA GIOVANNI XXIII;da specificare;;;;immissione da A.di San Giuliano direz. Trionfale;Fuoriuscita dalla sede stradale;Galleria illuminata;Una carreggiata a senso unico di marcia;Bagnato (umidità in atto);Asfaltata;Orizzontale;Pioggia in atto;Intenso;Buona;Sufficiente;1;0;0;0;12,46012;41,93933;0;1;Autovettura privata;In marcia / fermata / arresto;Fiat;600;Conducente;1997;F;Ricoverato;0;NON DECEDUTO;Non accertato;Inesploso
3697025;16;22/02/2018 18:50:00;;VIA EDOARDO JENNER;in corrispondenza;;del civico n.;63;;Investimento di pedone;;;;;;;;;;0;1;0;1;;;0;;;;;;Pedone;1934;M;Prognosi riservata;0;NON DECEDUTO;;
3697025;16;22/02/2018 18:50:00;;VIA EDOARDO JENNER;in corrispondenza;;del civico n.;63;;Investimento di pedone;;;;;;;;;;0;1;0;1;;;0;1;Autovettura privata;In marcia / fermata / arresto;Toyota;Aygo;Conducente;0;M;Illeso;0;;;
3697032;3;22/02/2018 12:30:00;;VIA NOMENTANA;all'intersezione con;VIALE VENTUNO APRILE;VIALE VENTUNO APRILE;;;Investimento di pedone;;;;;;;;;;1;0;0;1;;;0;;;;;;Pedone;0;M;Rifiuta cure immediate;0;NON DECEDUTO;;
3697032;3;22/02/2018 12:30:00;;VIA NOMENTANA;all'intersezione con;VIALE VENTUNO APRILE;VIALE VENTUNO APRILE;;;Investimento di pedone;;;;;;;;;;1;0;0;1;;;0;1;Autobus di linea;In marcia / fermata / arresto;Fiat;Iveco;Conducente;0;M;Illeso;0;;;
3697045;7;22/02/2018 18:00:00;;VIALE PALMIRO TOGLIATTI;in prossimità;;del palo luce n.;363;;Tamponamento;;;;;;;;;;0;0;0;3;;;0;1;Autovettura privata;In marcia / fermata / arresto;Mercedes;A 180;Conducente;1983;M;Illeso;0;;;
3697045;7;22/02/2018 18:00:00;;VIALE PALMIRO TOGLIATTI;in prossimità;;del palo luce n.;363;;Tamponamento;;;;;;;;;;0;0;0;3;;;0;2;Autovettura privata;In marcia / fermata / arresto;Chrysler;(ignoto);Conducente;1970;M;Illeso;0;;;
3697045;7;22/02/2018 18:00:00;;VIALE PALMIRO TOGLIATTI;in prossimità;;del palo luce n.;363;;Tamponamento;;;;;;;;;;0;0;0;3;;;0;3;Autovettura privata;In marcia / fermata / arresto;Volkswagen;Touran;Conducente;1970;M;Illeso;0;;;
3697077;20;23/02/2018 10:00:00;Strada Urbana;VIALE PAOLO BOSELLI;da specificare;;;;altezza via Nigra;Scontro frontale/laterale DX fra veicoli in marcia;Rettilineo;Due carreggiate;Bagnato (pioggia);Asfaltata;Verticale ed orizzontale;Pioggia in atto;Normale;Buona;Ore Diurne;0;0;0;2;12,45781;41,93513;0;1;Autovettura privata;In marcia / fermata / arresto;Fiat;Panda;Conducente;1942;M;Illeso;0;;Non accertato;Inesploso
3697077;20;23/02/2018 10:00:00;Strada Urbana;VIALE PAOLO BOSELLI;da specificare;;;;altezza via Nigra;Scontro frontale/laterale DX fra veicoli in marcia;Rettilineo;Due carreggiate;Bagnato (pioggia);Asfaltata;Verticale ed orizzontale;Pioggia in atto;Normale;Buona;Ore Diurne;0;0;0;2;12,45781;41,93513;0;2;Autovettura di polizia;In marcia / fermata / arresto;Fiat;Punto;Conducente;1989;M;Illeso;0;;Non accertato;Inesploso
3697109;2;23/02/2018 10:15:00;;VIALE ETIOPIA;in corrispondenza;;del civico n.;18;;Scontro laterale fra veicoli in marcia;;;;;;;;;;0;0;0;1;;;0;1;Motociclo a solo;In marcia / fermata / arresto;Honda;SH 150;Conducente;1959;M;Illeso;0;;;
3697112;7;23/02/2018 10:00:00;Strada Urbana;VIA COLLATINA;in prossimità;;del civico n.;345;;Veicolo in marcia contro ostacolo accidentale;Rettilineo;Una carreggiata a doppio senso;Bagnato (pioggia);Asfaltata;Temporanea di cantiere;Pioggia in atto;Normale;Buona;Ore Diurne;0;0;0;1;12,59849;41,90498;0;1;Autovettura privata;In marcia / fermata / arresto;Lancia;Delta;Conducente;1946;M;Illeso;0;;Non accertato;Inesploso
3697121;12;20/02/2018 11:20:00;Strada Urbana;VIALE DELL'OCEANO PACIFICO;da specificare;;;;alt. rampa uscita C.C. EUROMA2;Tamponamento;Rettilineo;Una carreggiata a doppio senso;Asciutto;Asfaltata;Orizzontale;Pioggia in atto;Normale;Buona;Ore Diurne;0;0;0;2;12,4592;41,82197;0;1;Autovettura privata;In marcia / fermata / arresto;Mini;One;Conducente;1977;F;Illeso;0;;Utilizzato;Inesploso
3697121;12;20/02/2018 11:20:00;Strada Urbana;VIALE DELL'OCEANO PACIFICO;da specificare;;;;alt. rampa uscita C.C. EUROMA2;Tamponamento;Rettilineo;Una carreggiata a doppio senso;Asciutto;Asfaltata;Orizzontale;Pioggia in atto;Normale;Buona;Ore Diurne;0;0;0;2;12,4592;41,82197;0;1;Autovettura privata;In marcia / fermata / arresto;Mini;One;Passeggero;1967;F;Illeso;0;;Utilizzato;Inesploso
3697122;2;22/02/2018 18:00:00;;VIA NEMORENSE;in prossimità;;del civico n.;163;;Investimento di pedone;;;;;;;;;;1;0;0;1;;;0;;;;;;Pedone;0;F;Rimandato;0;NON DECEDUTO;;
3697122;2;22/02/2018 18:00:00;;VIA NEMORENSE;in prossimità;;del civico n.;163;;Investimento di pedone;;;;;;;;;;1;0;0;1;;;0;1;Motociclo a solo;In marcia / fermata / arresto;Yamaha;x enter;Conducente;1951;M;Illeso;0;;;
3697151;12;22/02/2018 07:30:00;Provinciale;VIA OSTIENSE;da specificare;;;;500mt dopo rampa GRA direzione Roma;Tamponamento Multiplo;Rettilineo;Una carreggiata a senso unico di marcia;Bagnato (pioggia);Asfaltata;Verticale ed orizzontale;Sereno;Normale;Buona;Ore Diurne;0;0;0;3;12,41094;41,80891;0;1;Autovettura privata;In marcia / fermata / arresto;Adam Opel;Zafira;Conducente;1972;M;Illeso;0;;Utilizzato;Inesploso
3697151;12;22/02/2018 07:30:00;Provinciale;VIA OSTIENSE;da specificare;;;;500mt dopo rampa GRA direzione Roma;Tamponamento Multiplo;Rettilineo;Una carreggiata a senso unico di marcia;Bagnato (pioggia);Asfaltata;Verticale ed orizzontale;Sereno;Normale;Buona;Ore Diurne;0;0;0;3;12,41094;41,80891;0;2;Autovettura privata;In marcia / fermata / arresto;Fiat;500 L;Conducente;1979;M;Illeso;0;;Utilizzato;Inesploso
3697151;12;22/02/2018 07:30:00;Provinciale;VIA OSTIENSE;da specificare;;;;500mt dopo rampa GRA direzione Roma;Tamponamento Multiplo;Rettilineo;Una carreggiata a senso unico di marcia;Bagnato (pioggia);Asfaltata;Verticale ed orizzontale;Sereno;Normale;Buona;Ore Diurne;0;0;0;3;12,41094;41,80891;0;3;Autovettura privata;In marcia / fermata / arresto;Hyundai;ix20;Conducente;1977;F;Illeso;0;;Utilizzato;Inesploso
3697154;17;23/02/2018 10:00:00;Strada Urbana;VIA S. TOMMASO D'AQUINO;in prossimità;;del civico n.;80;;Scontro laterale fra veicoli in marcia;Rettilineo;Una carreggiata a doppio senso;Bagnato (pioggia);Asfaltata;Verticale ed orizzontale;Pioggia in atto;Scarso;Buona;Ore Diurne;0;0;0;2;;;0;1;Autovettura privata;In marcia / fermata / arresto;Fiat;500;Conducente;1993;F;Illeso;0;;;
3697154;17;23/02/2018 10:00:00;Strada Urbana;VIA S. TOMMASO D'AQUINO;in prossimità;;del civico n.;80;;Scontro laterale fra veicoli in marcia;Rettilineo;Una carreggiata a doppio senso;Bagnato (pioggia);Asfaltata;Verticale ed orizzontale;Pioggia in atto;Scarso;Buona;Ore Diurne;0;0;0;2;;;0;2;Autovettura privata;In marcia / fermata / arresto;Ford;KA;Conducente;1950;F;Illeso;0;;;
3697220;2;22/02/2018 10:40:00;;VIA PIER DELLA FRANCESCA;in corrispondenza;;del civico n.;3;;Veicolo in marcia contro ostacolo fisso;;;;;;;;;;0;0;0;2;;;0;1;Ciclomotore;In marcia / fermata / arresto;Aprilia;Scarabeo;Conducente;1956;M;Illeso;0;;;
3697220;2;22/02/2018 10:40:00;;VIA PIER DELLA FRANCESCA;in corrispondenza;;del civico n.;3;;Veicolo in marcia contro ostacolo fisso;;;;;;;;;;0;0;0;2;;;0;2;Autovettura privata;In marcia / fermata / arresto;Nissan;Micra;Conducente;1927;F;Illeso;0;;;
3697225;2;22/02/2018 20:30:00;;VIA FOGLIANO;all'intersezione con;VIA ARCHIANO;VIA ARCHIANO;;;Scontro frontale/laterale DX fra veicoli in marcia;;;;;;;;;;0;0;0;2;;;0;1;Autovettura privata;In marcia / fermata / arresto;Citroen;C 3 Picasso;Conducente;1989;F;Illeso;0;;;
3697225;2;22/02/2018 20:30:00;;VIA FOGLIANO;all'intersezione con;VIA ARCHIANO;VIA ARCHIANO;;;Scontro frontale/laterale DX fra veicoli in marcia;;;;;;;;;;0;0;0;2;;;0;2;Autovettura privata;In marcia / fermata / arresto;Smart ;-;Conducente;1989;F;Illeso;0;;;
3697241;5;23/02/2018 12:55:00;;VIALE PALMIRO TOGLIATTI;da specificare;;;;in prossimità incrocio con v.le Sacco e Vanzetti;Scontro laterale fra veicoli in marcia;;;;;;;;;;0;0;0;2;12,57209;41,91007;0;1;Autovettura privata;In marcia / fermata / arresto;Mercedes;B200;Conducente;1977;M;Illeso;0;;Non accertato;
3697241;5;23/02/2018 12:55:00;;VIALE PALMIRO TOGLIATTI;da specificare;;;;in prossimità incrocio con v.le Sacco e Vanzetti;Scontro laterale fra veicoli in marcia;;;;;;;;;;0;0;0;2;12,57209;41,91007;0;2;Autovettura privata;In marcia / fermata / arresto;Mercedes;GLK;Conducente;1975;F;Illeso;0;;Non accertato;
3697243;7;22/02/2018 14:45:00;;VIA GINO SEVERINI;all'intersezione con;PIAZZALE PINO PASCALI;PIAZZALE PINO PASCALI;;;Scontro frontale/laterale DX fra veicoli in marcia;;;;;;;;;;0;0;0;2;;;0;1;Autovettura privata;In marcia / fermata / arresto;Fiat;Punto;Conducente;1996;F;Illeso;0;;;
3697243;7;22/02/2018 14:45:00;;VIA GINO SEVERINI;all'intersezione con;PIAZZALE PINO PASCALI;PIAZZALE PINO PASCALI;;;Scontro frontale/laterale DX fra veicoli in marcia;;;;;;;;;;0;0;0;2;;;0;2;Autovettura privata;In marcia / fermata / arresto;Citroen;C 1;Conducente;1984;F;Illeso;0;;;
3697246;2;22/02/2018 13:15:00;;VIALE ETIOPIA;all'intersezione con;VIA TEMBIEN;VIA TEMBIEN;;;Scontro frontale/laterale DX fra veicoli in marcia;;;;;;;;;;2;0;0;1;;;0;1;Autobus di linea;In marcia / fermata / arresto;TEMSA;(ignoto);Conducente;1968;M;Illeso;0;;;
3697246;2;22/02/2018 13:15:00;;VIALE ETIOPIA;all'intersezione con;VIA TEMBIEN;VIA TEMBIEN;;;Scontro frontale/laterale DX fra veicoli in marcia;;;;;;;;;;2;0;0;1;;;0;2;Motociclo a solo;In marcia / fermata / arresto;Honda;SH 125;Conducente;2000;F;Ricoverato;0;NON DECEDUTO;;
3697246;2;22/02/2018 13:15:00;;VIALE ETIOPIA;all'intersezione con;VIA TEMBIEN;VIA TEMBIEN;;;Scontro frontale/laterale DX fra veicoli in marcia;;;;;;;;;;2;0;0;1;;;0;2;Motociclo a solo;In marcia / fermata / arresto;Honda;SH 125;Passeggero;2001;M;Rimandato;0;NON DECEDUTO;;
3697250;2;23/02/2018 01:15:00;;VIALE DEL MURO TORTO;da specificare;;;;altezza palo ACEA 17;Veicolo in marcia contro ostacolo fisso;;;;;;;;;;0;0;0;1;;;0;1;Autovettura privata;In marcia / fermata / arresto;Fiat;Grande Punto;Conducente;1993;F;Illeso;0;;;
3697254;20;23/02/2018 12:40:00;Strada Urbana;VIALE DI TOR DI QUINTO;in corrispondenza;;del civico n.;80;;Scontro laterale fra veicoli in marcia;Rettilineo;Due carreggiate;Bagnato (pioggia);Asfaltata;Verticale ed orizzontale;Pioggia in atto;Normale;Buona;Ore Diurne;0;0;0;3;12,48187;41,94108;0;1;Veicolo speciale;In marcia / fermata / arresto;Nissan;CAB STAR;Conducente;1968;M;Illeso;0;;Non accertato;Inesploso
3697254;20;23/02/2018 12:40:00;Strada Urbana;VIALE DI TOR DI QUINTO;in corrispondenza;;del civico n.;80;;Scontro laterale fra veicoli in marcia;Rettilineo;Due carreggiate;Bagnato (pioggia);Asfaltata;Verticale ed orizzontale;Pioggia in atto;Normale;Buona;Ore Diurne;0;0;0;3;12,48187;41,94108;0;1;Veicolo speciale;In marcia / fermata / arresto;Nissan;CAB STAR;Passeggero;1965;M;Illeso;0;;Non accertato;Inesploso
3697254;20;23/02/2018 12:40:00;Strada Urbana;VIALE DI TOR DI QUINTO;in corrispondenza;;del civico n.;80;;Scontro laterale fra veicoli in marcia;Rettilineo;Due carreggiate;Bagnato (pioggia);Asfaltata;Verticale ed orizzontale;Pioggia in atto;Normale;Buona;Ore Diurne;0;0;0;3;12,48187;41,94108;0;2;Autovettura privata;In marcia / fermata / arresto;Audi;A3;Conducente;1974;M;Illeso;0;;Non accertato;Inesploso
3697259;2;22/02/2018 01:00:00;;SOTTOVIA IGNAZIO GUIDI;da specificare;;;;direzione porta pia;Veicolo in marcia contro ostacolo fisso;;;;;;;;;;1;0;0;1;;;0;1;Motociclo con passeggero;In marcia / fermata / arresto;Honda;Forza;Conducente;1995;;Illeso;0;;;
3697259;2;22/02/2018 01:00:00;;SOTTOVIA IGNAZIO GUIDI;da specificare;;;;direzione porta pia;Veicolo in marcia contro ostacolo fisso;;;;;;;;;;1;0;0;1;;;0;1;Motociclo con passeggero;In marcia / fermata / arresto;Honda;Forza;Passeggero;1993;F;Ricoverato;0;NON DECEDUTO;;
3697281;19;23/02/2018 11:15:00;;VIA BENEDETTO ALOISI MASELLA;da specificare;;;;prossimità Via di Torrevecchia;Ribaltamento senza urto contro ostacolo fisso;;;;;;;;;;1;0;0;1;12,40799;41,91526;0;1;Autovettura privata;In marcia / fermata / arresto;Nissan;Almera;Conducente;1964;M;Illeso;0;;Non accertato;
3697281;19;23/02/2018 11:15:00;;VIA BENEDETTO ALOISI MASELLA;da specificare;;;;prossimità Via di Torrevecchia;Ribaltamento senza urto contro ostacolo fisso;;;;;;;;;;1;0;0;1;12,40799;41,91526;0;2;Autovettura privata;In marcia / fermata / arresto;Nissan;Note;Conducente;1975;F;Rimandato;0;NON DECEDUTO;Non accertato;
3697321;2;22/02/2018 18:00:00;;LUNGOTEVERE FLAMINIO;in prossimità;;del civico n.;46;;Investimento di pedone;;;;;;;;;;0;0;0;4;;;0;;;;;;Pedone;1994;F;Illeso;0;;;
3697321;2;22/02/2018 18:00:00;;LUNGOTEVERE FLAMINIO;in prossimità;;del civico n.;46;;Investimento di pedone;;;;;;;;;;0;0;0;4;;;0;;;;;;Pedone;2001;M;Illeso;0;;;
3697321;2;22/02/2018 18:00:00;;LUNGOTEVERE FLAMINIO;in prossimità;;del civico n.;46;;Investimento di pedone;;;;;;;;;;0;0;0;4;;;0;1;Motociclo a solo;In marcia / fermata / arresto;Honda;SH;Conducente;2000;M;Illeso;0;;;
3697321;2;22/02/2018 18:00:00;;LUNGOTEVERE FLAMINIO;in prossimità;;del civico n.;46;;Investimento di pedone;;;;;;;;;;0;0;0;4;;;0;2;Autovettura pubblica;In marcia / fermata / arresto;Toyota;Auris;Conducente;1974;M;Illeso;0;;;
3697376;1;23/02/2018 10:15:00;Strada Urbana;VIA DEL TEATRO DI MARCELLO;all'intersezione semaforizzata con;VICO JUGARIO;VICO JUGARIO;;;Scontro frontale/laterale SX fra veicoli in marcia;Intersezione semaforizzata;Una carreggiata a doppio senso;Bagnato (pioggia);In cubetti di porfido;Verticale ed orizzontale;Pioggia in atto;Intenso;Buona;Ore Diurne;0;0;0;2;;;0;1;Autovettura di polizia;In marcia / fermata / arresto;Fiat;Bravo;Conducente;1973;M;Illeso;0;;Non accertato;Inesploso
3697376;1;23/02/2018 10:15:00;Strada Urbana;VIA DEL TEATRO DI MARCELLO;all'intersezione semaforizzata con;VICO JUGARIO;VICO JUGARIO;;;Scontro frontale/laterale SX fra veicoli in marcia;Intersezione semaforizzata;Una carreggiata a doppio senso;Bagnato (pioggia);In cubetti di porfido;Verticale ed orizzontale;Pioggia in atto;Intenso;Buona;Ore Diurne;0;0;0;2;;;0;2;Autovettura privata;In marcia / fermata / arresto;Renault;Clio;Conducente;1995;F;Illeso;0;;Non accertato;Inesploso
3697401;1;23/02/2018 08:35:00;Strada Urbana;PASSEGGIATA DEL GIANICOLO;da specificare;;;;altezza curva rampa della QUERCIA;Veicolo in marcia contro veicolo in sosta;Curva a visuale libera;Una carreggiata a doppio senso;Bagnato (pioggia);Asfaltata;Verticale ed orizzontale;Pioggia in atto;Normale;Buona;Ore Diurne;0;0;0;4;;;0;1;Autovettura privata;Sosta;Audi;A 3;Passeggero;1983;F;Illeso;0;;Non accertato;Inesistente