Protocollo;Gruppo;DataOraIncidente;Localizzazione1;STRADA1;Localizzazione2;STRADA2;Strada02;Chilometrica;DaSpecificare;NaturaIncidente;particolaritastrade;TipoStrada;FondoStradale;Pavimentazione;Segnaletica;CondizioneAtmosferica;Traffico;Visibilita;Illuminazione;NUM_FERITI;NUM_RISERVATA;NUM_MORTI;NUM_ILLESI;Longitudine;Latitudine;Confermato;Progressivo;TipoVeicolo;StatoVeicolo;Marca;Modello;TipoPersona;AnnoNascita;Sesso;Tipolesione;Deceduto;DecedutoDopo;CinturaCascoUtilizzato;Airbag;
3697401;1;23/02/2018 08:35:00;Strada Urbana;PASSEGGIATA DEL GIANICOLO;da specificare;;;;altezza curva rampa della QUERCIA;Veicolo in marcia contro veicolo in sosta;Curva a visuale libera;Una carreggiata a doppio senso;Bagnato (pioggia);Asfaltata;Verticale ed orizzontale;Pioggia in atto;Normale;Buona;Ore Diurne;0;0;0;4;;;0;1;Autovettura privata;Sosta;Audi;A 3;Passeggero;2006;M;Illeso;0;;;
3697401;1;23/02/2018 08:35:00;Strada Urbana;PASSEGGIATA DEL GIANICOLO;da specificare;;;;altezza curva rampa della QUERCIA;Veicolo in marcia contro veicolo in sosta;Curva a visuale libera;Una carreggiata a doppio senso;Bagnato (pioggia);Asfaltata;Verticale ed orizzontale;Pioggia in atto;Normale;Buona;Ore Diurne;0;0;0;4;;;0;2;Autovettura privata;In marcia / fermata / arresto;Ford;Focus;Conducente;1995;M;Illeso;0;;Non accertato;Inesploso
3697401;1;23/02/2018 08:35:00;Strada Urbana;PASSEGGIATA DEL GIANICOLO;da specificare;;;;altezza curva rampa della QUERCIA;Veicolo in marcia contro veicolo in sosta;Curva a visuale libera;Una carreggiata a doppio senso;Bagnato (pioggia);Asfaltata;Verticale ed orizzontale;Pioggia in atto;Normale;Buona;Ore Diurne;0;0;0;4;;;0;2;Autovettura privata;In marcia / fermata / arresto;Ford;Focus;Passeggero;1994;F;Illeso;0;;Non accertato;Inesploso
3697451;17;22/02/2018 10:00:00;;PIAZZALE CLODIO;all'intersezione semaforizzata con;VIALE GIOVANNI FALCONE E PAOLO BORSELLINO;VIALE GIOVANNI FALCONE E PAOLO BORSELLINO;;;Scontro laterale fra veicoli in marcia;;;;;;;;;;1;0;0;3;12,45441;41,9169;0;1;Autovettura pubblica;In marcia / fermata / arresto;Ford;C Max;Conducente;1981;M;Ricoverato;0;NON DECEDUTO;Non accertato;Inesploso
3697451;17;22/02/2018 10:00:00;;PIAZZALE CLODIO;all'intersezione semaforizzata con;VIALE GIOVANNI FALCONE E PAOLO BORSELLINO;VIALE GIOVANNI FALCONE E PAOLO BORSELLINO;;;Scontro laterale fra veicoli in marcia;;;;;;;;;;1;0;0;3;12,45441;41,9169;0;1;Autovettura pubblica;In marcia / fermata / arresto;Ford;C Max;Passeggero;1990;M;Illeso;0;;Non accertato;Inesploso
3697451;17;22/02/2018 10:00:00;;PIAZZALE CLODIO;all'intersezione semaforizzata con;VIALE GIOVANNI FALCONE E PAOLO BORSELLINO;VIALE GIOVANNI FALCONE E PAOLO BORSELLINO;;;Scontro laterale fra veicoli in marcia;;;;;;;;;;1;0;0;3;12,45441;41,9169;0;2;Autovettura privata;In marcia / fermata / arresto;Fiat;Qubo;Conducente;1977;M;Illeso;0;;Non accertato;Inesploso
3697451;17;22/02/2018 10:00:00;;PIAZZALE CLODIO;all'intersezione semaforizzata con;VIALE GIOVANNI FALCONE E PAOLO BORSELLINO;VIALE GIOVANNI FALCONE E PAOLO BORSELLINO;;;Scontro laterale fra veicoli in marcia;;;;;;;;;;1;0;0;3;12,45441;41,9169;0;2;Autovettura privata;In marcia / fermata / arresto;Fiat;Qubo;Passeggero;1973;M;Illeso;0;;;
3697465;17;23/02/2018 15:00:00;Strada Urbana;VIA TRIONFALE;in prossimità;;del civico n.;6053;;Infortunio per caduta del veicolo;Rettilineo;Una carreggiata a doppio senso;Bagnato (pioggia);Asfaltata;Verticale ed orizzontale;Pioggia in atto;Normale;Buona;Ore Diurne;1;0;0;1;12,4462;41,92792;0;1;Autovettura privata;In marcia / fermata / arresto;Toyota;Aygo;Conducente;1967;M;Illeso;0;;Non accertato;Inesploso
3697465;17;23/02/2018 15:00:00;Strada Urbana;VIA TRIONFALE;in prossimità;;del civico n.;6053;;Infortunio per caduta del veicolo;Rettilineo;Una carreggiata a doppio senso;Bagnato (pioggia);Asfaltata;Verticale ed orizzontale;Pioggia in atto;Normale;Buona;Ore Diurne;1;0;0;1;12,4462;41,92792;0;2;Motociclo a solo;In marcia / fermata / arresto;Ducati;Monster;Conducente;1983;M;Ricoverato;0;NON DECEDUTO;;
3697482;17;22/02/2018 11:40:00;;VIALE ANGELICO;da specificare;;;;prossimità civico 32/a;Veicolo in marcia contro veicoli in sosta;;;;;;;;;;1;0;0;1;12,45864;41,91737;0;1;Autovettura privata;In marcia / fermata / arresto;Mercedes;CLS 350;Conducente;1954;M;Illeso;0;;Non accertato;Inesploso
3697482;17;22/02/2018 11:40:00;;VIALE ANGELICO;da specificare;;;;prossimità civico 32/a;Veicolo in marcia contro veicoli in sosta;;;;;;;;;;1;0;0;1;12,45864;41,91737;0;2;Motociclo a solo;In marcia / fermata / arresto;Honda;SH 150;Conducente;1961;F;Rimandato;0;NON DECEDUTO;;
3697485;20;23/02/2018 15:20:00;Strada Urbana;VIA S. GIOVANNA ELISABETTA;in corrispondenza;;del civico n.;28/E;;Veicolo in marcia contro ostacolo fisso;Rettilineo;Una carreggiata a senso unico di marcia;Bagnato (pioggia);Asfaltata;Verticale ed orizzontale;Pioggia in atto;Scarso;Buona;Ore Diurne;0;0;0;1;12,45585;41,95964;0;1;Autovettura privata;In marcia / fermata / arresto;Fiat;Panda;Conducente;1960;M;Illeso;0;;Non accertato;Inesploso
3697491;9;23/02/2018 14:15:00;Strada Urbana;VIA SIBARI;da specificare;;;;fronte civco 1;Veicolo in marcia contro veicolo in sosta;;Una carreggiata a senso unico di marcia;Bagnato (pioggia);Asfaltata;Verticale ed orizzontale;Pioggia in atto;Scarso;Buona;Ore Diurne;0;0;0;1;;;0;1;Autovettura privata;In marcia / fermata / arresto;Fiat;500;Conducente;1981;M;Illeso;0;;Utilizzato;Inesploso
3697517;17;22/02/2018 21:50:00;Strada Urbana;PIAZZALE MARESCIALLO GIARDINO;da specificare;;;;direzione C.ne Clodia fr. Ama;Veicoli in marcia contro veicoli fermi;Rettilineo;Due carreggiate;Bagnato (pioggia);Asfaltata;Verticale ed orizzontale;Pioggia in atto;Scarso;Buona;Sufficiente;0;0;0;1;12,45795;41,92365;0;1;Autovettura pubblica;In marcia / fermata / arresto;Mercedes;350;Conducente;1957;M;Illeso;0;;Non accertato;Inesploso
3697554;17;22/02/2018 20:30:00;Strada Urbana;VIA MATTIA BATTISTINI;all'intersezione semaforizzata con;VIA DEI MONTI DI PRIMAVALLE;VIA DEI MONTI DI PRIMAVALLE;;;Investimento di pedone;Intersezione semaforizzata;Una carreggiata a doppio senso;Bagnato (pioggia);Asfaltata;Verticale ed orizzontale;Pioggia in atto;Normale;Sufficiente;Sufficiente;1;0;0;1;12,41478;41,9066;0;;;;;;Pedone;1970;F;Ricoverato;0;NON DECEDUTO;;
3697554;17;22/02/2018 20:30:00;Strada Urbana;VIA MATTIA BATTISTINI;all'intersezione semaforizzata con;VIA DEI MONTI DI PRIMAVALLE;VIA DEI MONTI DI PRIMAVALLE;;;Investimento di pedone;Intersezione semaforizzata;Una carreggiata a doppio senso;Bagnato (pioggia);Asfaltata;Verticale ed orizzontale;Pioggia in atto;Normale;Sufficiente;Sufficiente;1;0;0;1;12,41478;41,9066;0;1;Motociclo a solo;In marcia / fermata / arresto;Honda;-;Conducente;1954;M;Illeso;0;;Non accertato;
3697568;19;23/02/2018 12:30:00;Strada Urbana;VIA CASOREZZO;da specificare;;;;altezza rampa GRA;Scontro laterale fra veicoli in marcia;Rettilineo;Una carreggiata a doppio senso;Bagnato (pioggia);Asfaltata;Verticale ed orizzontale;Pioggia in atto;Normale;Buona;Ore Diurne;0;0;0;3;12,38293;41,95217;-1;1;Autovettura privata;In marcia / fermata / arresto;Opel;Corsa;Conducente;1963;F;Illeso;0;;;
3697568;19;23/02/2018 12:30:00;Strada Urbana;VIA CASOREZZO;da specificare;;;;altezza rampa GRA;Scontro laterale fra veicoli in marcia;Rettilineo;Una carreggiata a doppio senso;Bagnato (pioggia);Asfaltata;Verticale ed orizzontale;Pioggia in atto;Normale;Buona;Ore Diurne;0;0;0;3;12,38293;41,95217;-1;2;Autovettura privata;In marcia / fermata / arresto;Opel;Mokka;Conducente;1963;M;Illeso;0;;;
3697568;19;23/02/2018 12:30:00;Strada Urbana;VIA CASOREZZO;da specificare;;;;altezza rampa GRA;Scontro laterale fra veicoli in marcia;Rettilineo;Una carreggiata a doppio senso;Bagnato (pioggia);Asfaltata;Verticale ed orizzontale;Pioggia in atto;Normale;Buona;Ore Diurne;0;0;0;3;12,38293;41,95217;-1;2;Autovettura privata;In marcia / fermata / arresto;Opel;Mokka;Passeggero;1965;F;Illeso;0;;;
3697675;10;23/02/2018 17:00:00;Strada Urbana;VIA APPIA NUOVA;in corrispondenza;;del civico n.;896;;Tamponamento Multiplo;Rettilineo;Due carreggiate;Bagnato (pioggia);Asfaltata;Verticale ed orizzontale;Pioggia in atto;Intenso;Buona;Ore Diurne;0;0;0;4;;;0;1;Autovettura privata;In marcia / fermata / arresto;Fiat;Panda;Conducente;1969;M;Illeso;0;;Non accertato;Inesploso
3697675;10;23/02/2018 17:00:00;Strada Urbana;VIA APPIA NUOVA;in corrispondenza;;del civico n.;896;;Tamponamento Multiplo;Rettilineo;Due carreggiate;Bagnato (pioggia);Asfaltata;Verticale ed orizzontale;Pioggia in atto;Intenso;Buona;Ore Diurne;0;0;0;4;;;0;1;Autovettura privata;In marcia / fermata / arresto;Fiat;Panda;Passeggero;1947;F;Illeso;0;;Non accertato;Inesploso
3697675;10;23/02/2018 17:00:00;Strada Urbana;VIA APPIA NUOVA;in corrispondenza;;del civico n.;896;;Tamponamento Multiplo;Rettilineo;Due carreggiate;Bagnato (pioggia);Asfaltata;Verticale ed orizzontale;Pioggia in atto;Intenso;Buona;Ore Diurne;0;0;0;4;;;0;2;Autovettura privata;In marcia / fermata / arresto;Ford;Fiesta;Conducente;1991;M;Illeso;0;;Non accertato;Inesploso
3697675;10;23/02/2018 17:00:00;Strada Urbana;VIA APPIA NUOVA;in corrispondenza;;del civico n.;896;;Tamponamento Multiplo;Rettilineo;Due carreggiate;Bagnato (pioggia);Asfaltata;Verticale ed orizzontale;Pioggia in atto;Intenso;Buona;Ore Diurne;0;0;0;4;;;0;3;Autovettura privata;In marcia / fermata / arresto;Fiat;Stilo SW;Conducente;1978;M;Illeso;0;;Non accertato;Inesploso
3697676;6;23/02/2018 15:00:00;Strada Urbana;VIA DELLA MARRANELLA;all'intersezione con;VIA VISCONTE MAGGIOLO;VIA VISCONTE MAGGIOLO;;;Scontro frontale/laterale SX fra veicoli in marcia;Incrocio;Una carreggiata a senso unico di marcia;Bagnato (pioggia);Asfaltata;Verticale;Pioggia in atto;Normale;Buona;Ore Diurne;0;0;0;2;;;0;1;Autocarro inferiore 35 q.;In marcia / fermata / arresto;Fiat;Fiorino;Conducente;1988;M;Illeso;0;;Non accertato;Esploso
3697676;6;23/02/2018 15:00:00;Strada Urbana;VIA DELLA MARRANELLA;all'intersezione con;VIA VISCONTE MAGGIOLO;VIA VISCONTE MAGGIOLO;;;Scontro frontale/laterale SX fra veicoli in marcia;Incrocio;Una carreggiata a senso unico di marcia;Bagnato (pioggia);Asfaltata;Verticale;Pioggia in atto;Normale;Buona;Ore Diurne;0;0;0;2;;;0;2;Autovettura privata;In marcia / fermata / arresto;Audi;A 3;Conducente;1994;M;Illeso;0;;Non accertato;Esploso
3697709;6;23/02/2018 16:15:00;Strada Urbana;VIA DI CENTOCELLE;in prossimità;;del civico n.;108;;Scontro frontale fra veicoli in marcia;Curva a visuale libera;Una carreggiata a senso unico di marcia;Bagnato (pioggia);Asfaltata;Orizzontale;Pioggia in atto;Normale;Buona;Ore Diurne;1;0;0;0;;;0;1;Motociclo a solo;In marcia / fermata / arresto;Honda;SH 150;Conducente;1976;M;Rimandato;0;NON DECEDUTO;;
3697720;15;23/02/2018 10:50:00;;VIA SILLANO;da specificare;;;;FRONTE CIVICO 1;Scontro frontale/laterale DX fra veicoli in marcia;;;;;;;;;;0;0;0;3;;;0;1;Autovettura privata;In marcia / fermata / arresto;Mitsubishi;Colt;Conducente;0;F;Illeso;0;;;
3697720;15;23/02/2018 10:50:00;;VIA SILLANO;da specificare;;;;FRONTE CIVICO 1;Scontro frontale/laterale DX fra veicoli in marcia;;;;;;;;;;0;0;0;3;;;0;2;Autovettura privata;In marcia / fermata / arresto;Suzuki;Alto;Conducente;0;F;Illeso;0;;;
3697720;15;23/02/2018 10:50:00;;VIA SILLANO;da specificare;;;;FRONTE CIVICO 1;Scontro frontale/laterale DX fra veicoli in marcia;;;;;;;;;;0;0;0;3;;;0;2;Autovettura privata;In marcia / fermata / arresto;Suzuki;Alto;Passeggero;0;M;Illeso;0;;;
3697769;15;23/02/2018 12:40:00;;VIA PIETRO MARONCELLI;in prossimità;;del civico n.;36;;Scontro frontale/laterale SX fra veicoli in marcia;;;;;;;;;;0;0;0;1;;;0;1;Autovettura privata;In marcia / fermata / arresto;Ford;Focus;Conducente;0;M;Illeso;0;;;
3697784;5;08/02/2018 18:10:00;Strada Urbana;VIA IGINO GIORDANI;in prossimità;;del civico n.;37;;Tamponamento;Rettilineo;Una carreggiata a doppio senso;Asciutto;Asfaltata;Orizzontale;Sereno;Normale;Sufficiente;Sufficiente;0;0;0;2;;;0;1;Autovettura privata;In marcia / fermata / arresto;Citroen;C 3 Picasso;Conducente;1959;M;Illeso;0;;Non accertato;Inesploso
3697784;5;08/02/2018 18:10:00;Strada Urbana;VIA IGINO GIORDANI;in prossimità;;del civico n.;37;;Tamponamento;Rettilineo;Una carreggiata a doppio senso;Asciutto;Asfaltata;Orizzontale;Sereno;Normale;Sufficiente;Sufficiente;0;0;0;2;;;0;1;Autovettura privata;In marcia / fermata / arresto;Citroen;C 3 Picasso;Passeggero;1962;M;Illeso;0;;Non accertato;Inesploso
3697804;10;23/02/2018 07:40:00;;VIA TUSCOLANA;da specificare;;;;altezza palo  ACEA n. 776;Tamponamento;;;;;;;;;;0;0;0;4;;;0;1;Autovettura privata;In marcia / fermata / arresto;Nissan;Micra;Conducente;1973;M;Illeso;0;;;
3697804;10;23/02/2018 07:40:00;;VIA TUSCOLANA;da specificare;;;;altezza palo  ACEA n. 776;Tamponamento;;;;;;;;;;0;0;0;4;;;0;1;Autovettura privata;In marcia / fermata / arresto;Nissan;Micra;Passeggero;2006;F;Illeso;0;;;
3697804;10;23/02/2018 07:40:00;;VIA TUSCOLANA;da specificare;;;;altezza palo  ACEA n. 776;Tamponamento;;;;;;;;;;0;0;0;4;;;0;1;Autovettura privata;In marcia / fermata / arresto;Nissan;Micra;Passeggero;2008;F;Illeso;0;;;
3697804;10;23/02/2018 07:40:00;;VIA TUSCOLANA;da specificare;;;;altezza palo  ACEA n. 776;Tamponamento;;;;;;;;;;0;0;0;4;;;0;2;Autocarro inferiore 35 q.;In marcia / fermata / arresto;Fiat;Iveco Magirus;Conducente;1989;M;Illeso;0;;;
3697813;6;23/02/2018;;VIALE DELLA SERENISSIMA;all'intersezione con;VIALE DELLA VENEZIA GIULIA;VIALE DELLA VENEZIA GIULIA;;;Investimento di pedone;;;;;;;;;;0;0;0;2;;;0;;;;;;Pedone;1997;F;Illeso;0;;;
3697813;6;23/02/2018;;VIALE DELLA SERENISSIMA;all'intersezione con;VIALE DELLA VENEZIA GIULIA;VIALE DELLA VENEZIA GIULIA;;;Investimento di pedone;;;;;;;;;;0;0;0;2;;;0;1;Autovettura privata;In marcia / fermata / arresto;Adam Opel;Zafira;Conducente;1959;M;Illeso;0;;;
3697833;20;23/02/2018 18:30:00;Regionale entro l'abitato;VIA CASSIA;in prossimità;;del civico n.;240;;Veicolo in marcia contro ostacolo accidentale;Curva a visuale libera;Una carreggiata a doppio senso;Bagnato (pioggia);Con buche;Verticale ed orizzontale;Pioggia in atto;Normale;Sufficiente;Sufficiente;0;0;0;1;12,46203;41,94957;0;1;Autovettura privata;In marcia / fermata / arresto;Fiat;500;Conducente;1989;M;Illeso;0;;Non accertato;Inesploso
3697860;10;23/02/2018 12:25:00;;VIA ANAGNINA;all'intersezione con;VIA ROGGIANO GRAVINA;VIA ROGGIANO GRAVINA;;;Veicolo in marcia contro ostacolo fisso;;;;;;;;;;0;0;0;1;;;0;1;Autovettura privata;In marcia / fermata / arresto;Volkswagen;Polo;Conducente;1934;M;Illeso;0;;;
3697884;16;23/02/2018 08:00:00;;VIA VINCENZO USSANI;all'intersezione con;VIA LORENZO ROCCI;VIA LORENZO ROCCI;;;Scontro frontale/laterale SX fra veicoli in marcia;;;;;;;;;;1;0;0;1;;;0;1;Autovettura privata;In marcia / fermata / arresto;Ford;KA;Conducente;0;M;Illeso;0;;;
3697884;16;23/02/2018 08:00:00;;VIA VINCENZO USSANI;all'intersezione con;VIA LORENZO ROCCI;VIA LORENZO ROCCI;;;Scontro frontale/laterale SX fra veicoli in marcia;;;;;;;;;;1;0;0;1;;;0;2;Motociclo a solo;In marcia / fermata / arresto;KTM;(non accertato);Conducente;0;F;Rimandato;0;NON DECEDUTO;;
3697990;19;23/02/2018 19:05:00;Strada Urbana;VIA DELLA STORTA;da specificare;;;;altezza civ. 622;Veicolo in marcia contro ostacolo fisso;Rettilineo;Una carreggiata a doppio senso;Bagnato (pioggia);Asfaltata;Orizzontale;Pioggia in atto;Scarso;Buona;Sufficiente;0;0;0;1;12,36674;41,97126;-1;1;Autovettura privata;In marcia / fermata / arresto;Alfa Lancia;Dedra;Conducente;1961;M;Illeso;0;;;
3698155;7;23/02/2018 20:40:00;Strada Urbana;VIA RAFFAELE COSTI;in prossimità;;del civico n.;34;;Scontro laterale fra veicoli in marcia;Rettilineo;Una carreggiata a doppio senso;Bagnato (pioggia);Asfaltata;Verticale ed orizzontale;Pioggia in atto;Scarso;Sufficiente;Sufficiente;1;0;0;2;;;0;1;Autovettura privata;In marcia / fermata / arresto;Fiat;Punto;Conducente;1995;M;Illeso;0;;;
3698155;7;23/02/2018 20:40:00;Strada Urbana;VIA RAFFAELE COSTI;in prossimità;;del civico n.;34;;Scontro laterale fra veicoli in marcia;Rettilineo;Una carreggiata a doppio senso;Bagnato (pioggia);Asfaltata;Verticale ed orizzontale;Pioggia in atto;Scarso;Sufficiente;Sufficiente;1;0;0;2;;;0;1;Autovettura privata;In marcia / fermata / arresto;Fiat;Punto;Passeggero;0;M;Illeso;0;;;
3698155;7;23/02/2018 20:40:00;Strada Urbana;VIA RAFFAELE COSTI;in prossimità;;del civico n.;34;;Scontro laterale fra veicoli in marcia;Rettilineo;Una carreggiata a doppio senso;Bagnato (pioggia);Asfaltata;Verticale ed orizzontale;Pioggia in atto;Scarso;Sufficiente;Sufficiente;1;0;0;2;;;0;2;Autovettura privata;In marcia / fermata / arresto;Nissan;Micra;Conducente;1972;M;Rimandato;0;NON DECEDUTO;Non accertato;Inesploso
3698170;7;23/02/2018 07:40:00;;VIA PRENESTINA;all'intersezione con;VIALE PALMIRO TOGLIATTI;VIALE PALMIRO TOGLIATTI;;;Scontro frontale/laterale SX fra veicoli in marcia;;;;;;;;;;0;0;0;5;;;0;1;Autocarro inferiore 35 q.;In marcia / fermata / arresto;Fiat;Ducato;Conducente;1975;M;Illeso;0;;;
3698170;7;23/02/2018 07:40:00;;VIA PRENESTINA;all'intersezione con;VIALE PALMIRO TOGLIATTI;VIALE PALMIRO TOGLIATTI;;;Scontro frontale/laterale SX fra veicoli in marcia;;;;;;;;;;0;0;0;5;;;0;1;Autocarro inferiore 35 q.;In marcia / fermata / arresto;Fiat;Ducato;Passeggero;0;F;Illeso;0;;;
3698170;7;23/02/2018 07:40:00;;VIA PRENESTINA;all'intersezione con;VIALE PALMIRO TOGLIATTI;VIALE PALMIRO TOGLIATTI;;;Scontro frontale/laterale SX fra veicoli in marcia;;;;;;;;;;0;0;0;5;;;0;1;Autocarro inferiore 35 q.;In marcia / fermata / arresto;Fiat;Ducato;Passeggero;1960;F;Illeso;0;;;
3698170;7;23/02/2018 07:40:00;;VIA PRENESTINA;all'intersezione con;VIALE PALMIRO TOGLIATTI;VIALE PALMIRO TOGLIATTI;;;Scontro frontale/laterale SX fra veicoli in marcia;;;;;;;;;;0;0;0;5;;;0;2;Autovettura privata;In marcia / fermata / arresto;Cherokee;Jeep;Conducente;1964;M;Illeso;0;;;
3698182;7;23/02/2018 17:00:00;;VIA CASILINA;all'intersezione con;PIAZZA SOR CAPANNA;PIAZZA SOR CAPANNA;;;Scontro frontale/laterale DX fra veicoli in marcia;;;;;;;;;;1;0;0;1;;;0;1;Autovettura privata;In marcia / fermata / arresto;Fiat;(ignoto);Conducente;1945;M;Illeso;0;;;
3698182;7;23/02/2018 17:00:00;;VIA CASILINA;all'intersezione con;PIAZZA SOR CAPANNA;PIAZZA SOR CAPANNA;;;Scontro frontale/laterale DX fra veicoli in marcia;;;;;;;;;;1;0;0;1;;;0;2;Motociclo a solo;In marcia / fermata / arresto;Piaggio;Beverly;Conducente;1964;M;Rimandato;0;NON DECEDUTO;;
3698325;11;23/02/2018 15:00:00;;VIALE DEL TINTORETTO;da specificare;;;;palo Acea n. 57;Veicolo in marcia contro ostacolo fisso;;;;;;;;;;0;0;0;1;;;0;1;Quadriciclo leggero;In marcia / fermata / arresto;JDM;.;Conducente;2002;M;Illeso;0;;;
3698333;11;23/02/2018 11:45:00;Strada Urbana;CIRCONVALLAZIONE OSTIENSE;all'intersezione con;VIA CAFFARO;VIA CAFFARO;;;Scontro frontale/laterale DX fra veicoli in marcia;Intersezione stradale segnalata;Più di due carreggiate;Bagnato (pioggia);Asfaltata;Verticale ed orizzontale;Nuvoloso;Normale;Buona;Ore Diurne;0;0;0;2;12,48587;41,86721;0;1;Autotreno;In marcia / fermata / arresto;Fiat;Iveco Magirus;Conducente;1968;M;Illeso;0;;;
3698333;11;23/02/2018 11:45:00;Strada Urbana;CIRCONVALLAZIONE OSTIENSE;all'intersezione con;VIA CAFFARO;VIA CAFFARO;;;Scontro frontale/laterale DX fra veicoli in marcia;Intersezione stradale segnalata;Più di due carreggiate;Bagnato (pioggia);Asfaltata;Verticale ed orizzontale;Nuvoloso;Normale;Buona;Ore Diurne;0;0;0;2;12,48587;41,86721;0;2;Autovettura privata;In marcia / fermata / arresto;Peugeot;206;Conducente;1928;M;Illeso;0;;;
3698343;11;23/02/2018 15:10:00;Strada Urbana;VIA COSTANTINO;da specificare;;;;prossimità civico 41;Tamponamento;Rettilineo;Una carreggiata a doppio senso;Bagnato (pioggia);Asfaltata;Verticale ed orizzontale;Pioggia in atto;Scarso;Buona;Ore Diurne;2;0;0;2;;;0;;;;;;Pedone;1967;M;Rimandato;0;NON DECEDUTO;;
3698343;11;23/02/2018 15:10:00;Strada Urbana;VIA COSTANTINO;da specificare;;;;prossimità civico 41;Tamponamento;Rettilineo;Una carreggiata a doppio senso;Bagnato (pioggia);Asfaltata;Verticale ed orizzontale;Pioggia in atto;Scarso;Buona;Ore Diurne;2;0;0;2;;;0;;;;;;Pedone;1988;F;Rimandato;0;NON DECEDUTO;;
3698343;11;23/02/2018 15:10:00;Strada Urbana;VIA COSTANTINO;da specificare;;;;prossimità civico 41;Tamponamento;Rettilineo;Una carreggiata a doppio senso;Bagnato (pioggia);Asfaltata;Verticale ed orizzontale;Pioggia in atto;Scarso;Buona;Ore Diurne;2;0;0;2;;;0;1;Motociclo a solo;In marcia / fermata / arresto;Peugeot;Tweet;Conducente;1987;M;Illeso;0;;;
3698343;11;23/02/2018 15:10:00;Strada Urbana;VIA COSTANTINO;da specificare;;;;prossimità civico 41;Tamponamento;Rettilineo;Una carreggiata a doppio senso;Bagnato (pioggia);Asfaltata;Verticale ed orizzontale;Pioggia in atto;Scarso;Buona;Ore Diurne;2;0;0;2;;;0;2;Autovettura privata;In marcia / fermata / arresto;Opel;Corsa;Conducente;1947;M;Illeso;0;;;
3698370;11;23/02/2018 15:30:00;Strada Urbana;VIA OSTIENSE;in corrispondenza;;del civico n.;142;;Scontro laterale fra veicoli in marcia;Rettilineo;Più di due carreggiate;Bagnato (pioggia);Asfaltata;Verticale ed orizzontale;Pioggia in atto;Normale;Buona;Ore Diurne;0;0;0;2;12,47876;41,86571;0;1;Autovettura privata;In marcia / fermata / arresto;Citroen;C 3;Conducente;1942;M;Illeso;0;;Non accertato;
3698370;11;23/02/2018 15:30:00;Strada Urbana;VIA OSTIENSE;in corrispondenza;;del civico n.;142;;Scontro laterale fra veicoli in marcia;Rettilineo;Più di due carreggiate;Bagnato (pioggia);Asfaltata;Verticale ed orizzontale;Pioggia in atto;Normale;Buona;Ore Diurne;0;0;0;2;12,47876;41,86571;0;1;Autovettura privata;In marcia / fermata / arresto;Citroen;C 3;Passeggero;1967;F;Illeso;0;;Non accertato;
3698376;8;23/02/2018 20:30:00;;VIA CASILINA;in corrispondenza;;del civico n.;1752;;Investimento di pedone;;;;;;;;;;1;0;0;1;;;0;;;;;;Pedone;1956;M;Rimandato;0;NON DECEDUTO;;
3698376;8;23/02/2018 20:30:00;;VIA CASILINA;in corrispondenza;;del civico n.;1752;;Investimento di pedone;;;;;;;;;;1;0;0;1;;;0;1;Autovettura privata;In marcia / fermata / arresto;Lancia;Ypsilon;Conducente;1984;F;Illeso;0;;Non accertato;Inesploso
3698381;20;23/02/2018 23:50:00;Strada Urbana;VIALE DI TOR DI QUINTO;all'intersezione con;VIA PIETRO LUPI;VIA PIETRO LUPI;;;Scontro frontale/laterale DX fra veicoli in marcia;Intersezione stradale segnalata;Una carreggiata a doppio senso;Bagnato (pioggia);Asfaltata;Verticale ed orizzontale;Pioggia in atto;Normale;;Insufficiente;0;0;0;3;12,4722;41,93733;0;1;Autovettura privata;In marcia / fermata / arresto;Toyota;Aygo;Conducente;1992;M;Illeso;0;;Non accertato;
3698381;20;23/02/2018 23:50:00;Strada Urbana;VIALE DI TOR DI QUINTO;all'intersezione con;VIA PIETRO LUPI;VIA PIETRO LUPI;;;Scontro frontale/laterale DX fra veicoli in marcia;Intersezione stradale segnalata;Una carreggiata a doppio senso;Bagnato (pioggia);Asfaltata;Verticale ed orizzontale;Pioggia in atto;Normale;;Insufficiente;0;0;0;3;12,4722;41,93733;0;2;Autovettura privata;In marcia / fermata / arresto;Daewoo;Matiz;Conducente;1997;M;Illeso;0;;Non accertato;Inesploso
3698381;20;23/02/2018 23:50:00;Strada Urbana;VIALE DI TOR DI QUINTO;all'intersezione con;VIA PIETRO LUPI;VIA PIETRO LUPI;;;Scontro frontale/laterale DX fra veicoli in marcia;Intersezione stradale segnalata;Una carreggiata a doppio senso;Bagnato (pioggia);Asfaltata;Verticale ed orizzontale;Pioggia in atto;Normale;;Insufficiente;0;0;0;3;12,4722;41,93733;0;2;Autovettura privata;In marcia / fermata / arresto;Daewoo;Matiz;Passeggero;1997;F;Illeso;0;;Non accertato;Inesploso
3698398;6;23/02/2018 20:00:00;Strada Urbana;VIA CASILINA;da specificare;;;;altezza Via Silicella;Tamponamento Multiplo;Rettilineo;Due carreggiate;Bagnato (pioggia);Asfaltata;Verticale ed orizzontale;Pioggia in atto;Scarso;Sufficiente;Sufficiente;1;0;0;1;;;0;1;Autovettura privata;In marcia / fermata / arresto;Mercedes;Smart Fortwo;Conducente;1993;M;Illeso;0;;;