Protocollo;Gruppo;DataOraIncidente;Localizzazione1;STRADA1;Localizzazione2;STRADA2;Strada02;Chilometrica;DaSpecificare;NaturaIncidente;particolaritastrade;TipoStrada;FondoStradale;Pavimentazione;Segnaletica;CondizioneAtmosferica;Traffico;Visibilita;Illuminazione;NUM_FERITI;NUM_RISERVATA;NUM_MORTI;NUM_ILLESI;Longitudine;Latitudine;Confermato;Progressivo;TipoVeicolo;StatoVeicolo;Marca;Modello;TipoPersona;AnnoNascita;Sesso;Tipolesione;Deceduto;DecedutoDopo;CinturaCascoUtilizzato;Airbag;
3698398;6;23/02/2018 20:00:00;Strada Urbana;VIA CASILINA;da specificare;;;;altezza Via Silicella;Tamponamento Multiplo;Rettilineo;Due carreggiate;Bagnato (pioggia);Asfaltata;Verticale ed orizzontale;Pioggia in atto;Scarso;Sufficiente;Sufficiente;1;0;0;1;;;0;2;Autovettura privata;In marcia / fermata / arresto;Ford;C-MAX;Conducente;1983;M;Rimandato;0;NON DECEDUTO;;
3698399;20;23/02/2018 16:15:00;Strada Urbana;CORSO DI FRANCIA;all'intersezione semaforizzata con;VIA DI VIGNA STELLUTI;VIA DI VIGNA STELLUTI;;;Scontro frontale fra veicoli in marcia;Intersezione semaforizzata;Una carreggiata a doppio senso;Bagnato (pioggia);Asfaltata;Verticale ed orizzontale;Pioggia in atto;Normale;Buona;Ore Diurne;0;0;0;2;12,4696;41,94692;0;1;Autovettura privata;In marcia / fermata / arresto;Honda;Insight;Conducente;1972;F;Illeso;0;;Non accertato;Inesploso
3698399;20;23/02/2018 16:15:00;Strada Urbana;CORSO DI FRANCIA;all'intersezione semaforizzata con;VIA DI VIGNA STELLUTI;VIA DI VIGNA STELLUTI;;;Scontro frontale fra veicoli in marcia;Intersezione semaforizzata;Una carreggiata a doppio senso;Bagnato (pioggia);Asfaltata;Verticale ed orizzontale;Pioggia in atto;Normale;Buona;Ore Diurne;0;0;0;2;12,4696;41,94692;0;2;Autovettura privata;In marcia / fermata / arresto;Nissan;QASHQAI;Conducente;1949;M;Illeso;0;;Non accertato;Inesploso
3698403;15;23/02/2018 18:25:00;;VIA USINI;da specificare;;;;prossimità Via di Ponte Galeria;Veicolo in marcia contro ostacolo accidentale;;;;;;;;;;0;0;0;1;;;0;1;Autocarro inferiore 35 q.;In marcia / fermata / arresto;Fiat;Panda  City Van;Conducente;0;F;Illeso;0;;;
3698413;20;23/02/2018 16:00:00;Strada Urbana;VIA VALDAGNO;in corrispondenza;;del civico n.;6;;Tamponamento;Rettilineo;Una carreggiata a doppio senso;Bagnato (pioggia);Asfaltata;Assente;Pioggia in atto;Normale;Sufficiente;Ore Diurne;0;0;0;1;;;0;2;Autovettura privata;In marcia / fermata / arresto;Peugeot;1007;Conducente;1946;F;Illeso;0;;Non accertato;Inesploso
3698426;15;23/02/2018 18:15:00;;VIA PIETRO FRATTINI;in corrispondenza;;del civico n.;217;;Investimento di pedone;;;;;;;;;;1;0;0;1;;;0;;;;;;Pedone;0;M;Rimandato;0;NON DECEDUTO;;
3698426;15;23/02/2018 18:15:00;;VIA PIETRO FRATTINI;in corrispondenza;;del civico n.;217;;Investimento di pedone;;;;;;;;;;1;0;0;1;;;0;1;Autovettura privata;In marcia / fermata / arresto;Ford;Fiesta;Conducente;0;F;Illeso;0;;;
3698433;20;23/02/2018 18:35:00;Strada Urbana;VIA CASSIA;in prossimità;;del civico n.;240;;Veicolo in marcia contro ostacolo accidentale;Curva a visuale libera;Una carreggiata a doppio senso;Bagnato (pioggia);Asfaltata;Verticale ed orizzontale;Nuvoloso;Intenso;Sufficiente;Sufficiente;0;0;0;1;12,46203;41,94957;0;1;Autovettura privata;In marcia / fermata / arresto;Fiat;500;Conducente;1974;M;Illeso;0;;Non accertato;Esploso
3698439;15;23/02/2018 17:50:00;;VIA DI PONTE GALERIA;da specificare;;;;prossimità VIA USINI;Veicolo in marcia contro ostacolo accidentale;;;;;;;;;;0;0;0;1;;;0;1;Autovettura privata;In marcia / fermata / arresto;Hyundai;Atos;Conducente;0;M;Illeso;0;;;
3698445;15;23/02/2018 18:00:00;;VIA DI PONTE GALERIA;da specificare;;;;VIA USINI;Veicolo in marcia contro ostacolo accidentale;;;;;;;;;;0;0;0;1;;;0;1;Autovettura privata;In marcia / fermata / arresto;Volkswagen;Passat;Conducente;0;M;Illeso;0;;;
3698457;20;23/02/2018 18:30:00;Strada Urbana;VIA CASSIA;in prossimità;;del civico n.;240;;Veicolo in marcia contro ostacolo fisso;Curva a visuale libera;Una carreggiata a doppio senso;Bagnato (pioggia);Con buche;Orizzontale;Nuvoloso;Normale;Sufficiente;Sufficiente;0;0;0;1;12,46203;41,94957;0;1;Autovettura privata;In marcia / fermata / arresto;Suzuki;Swift;Conducente;1975;F;Illeso;0;;Non accertato;
3698463;20;23/02/2018 18:45:00;Strada Urbana;VIA CASSIA;in prossimità;;del civico n.;240;;Veicolo in marcia contro ostacolo fisso;Curva a visuale libera;Una carreggiata a doppio senso;Bagnato (pioggia);Con buche;Orizzontale;Nuvoloso;Normale;Sufficiente;Sufficiente;0;0;0;2;12,46203;41,94957;0;1;Autovettura privata;In marcia / fermata / arresto;Fiat;500;Conducente;1993;F;Illeso;0;;Non accertato;
3698463;20;23/02/2018 18:45:00;Strada Urbana;VIA CASSIA;in prossimità;;del civico n.;240;;Veicolo in marcia contro ostacolo fisso;Curva a visuale libera;Una carreggiata a doppio senso;Bagnato (pioggia);Con buche;Orizzontale;Nuvoloso;Normale;Sufficiente;Sufficiente;0;0;0;2;12,46203;41,94957;0;1;Autovettura privata;In marcia / fermata / arresto;Fiat;500;Passeggero;1993;M;Illeso;0;;Non accertato;
3698479;20;23/02/2018 18:50:00;Strada Urbana;VIA CASSIA;in prossimità;;del civico n.;240;;Veicolo in marcia contro ostacolo fisso;Curva a visuale libera;Una carreggiata a doppio senso;Bagnato (pioggia);Con buche;Orizzontale;Nuvoloso;Normale;Sufficiente;Sufficiente;0;0;0;1;12,46203;41,94957;0;1;Autovettura privata;In marcia / fermata / arresto;Mazda;6;Conducente;1969;M;Illeso;0;;Non accertato;Inesploso
3698497;20;23/02/2018 18:40:00;Regionale entro l'abitato;VIA CASSIA;in prossimità;;del civico n.;240;;Veicolo in marcia contro ostacolo accidentale;Curva a visuale libera;Una carreggiata a doppio senso;Bagnato (pioggia);Con buche;Verticale ed orizzontale;Pioggia in atto;Intenso;Sufficiente;Sufficiente;0;0;0;1;12,46203;41,94957;0;1;Autovettura privata;In marcia / fermata / arresto;Volkswagen;Beattle;Conducente;1964;M;Illeso;0;;Non accertato;Inesploso
3698504;20;23/02/2018 16:40:00;Strada Urbana;VIA DI PRATO CORAZZA;da specificare;;;;pprossimità Vicolo Prato Corazza;Scontro frontale fra veicoli in marcia;Rettilineo;Una carreggiata a doppio senso;Bagnato (pioggia);Asfaltata;Assente;Pioggia in atto;Scarso;Sufficiente;Ore Diurne;1;0;0;3;12,33317;42,08172;0;1;Autocarro inferiore 35 q.;In marcia / fermata / arresto;Renault;V.I.;Conducente;1967;M;Illeso;0;;Non accertato;Inesistente
3698504;20;23/02/2018 16:40:00;Strada Urbana;VIA DI PRATO CORAZZA;da specificare;;;;pprossimità Vicolo Prato Corazza;Scontro frontale fra veicoli in marcia;Rettilineo;Una carreggiata a doppio senso;Bagnato (pioggia);Asfaltata;Assente;Pioggia in atto;Scarso;Sufficiente;Ore Diurne;1;0;0;3;12,33317;42,08172;0;1;Autocarro inferiore 35 q.;In marcia / fermata / arresto;Renault;V.I.;Passeggero;1969;M;Illeso;0;;Non accertato;Inesploso
3698504;20;23/02/2018 16:40:00;Strada Urbana;VIA DI PRATO CORAZZA;da specificare;;;;pprossimità Vicolo Prato Corazza;Scontro frontale fra veicoli in marcia;Rettilineo;Una carreggiata a doppio senso;Bagnato (pioggia);Asfaltata;Assente;Pioggia in atto;Scarso;Sufficiente;Ore Diurne;1;0;0;3;12,33317;42,08172;0;1;Autocarro inferiore 35 q.;In marcia / fermata / arresto;Renault;V.I.;Passeggero;1988;M;Illeso;0;;Non accertato;
3698504;20;23/02/2018 16:40:00;Strada Urbana;VIA DI PRATO CORAZZA;da specificare;;;;pprossimità Vicolo Prato Corazza;Scontro frontale fra veicoli in marcia;Rettilineo;Una carreggiata a doppio senso;Bagnato (pioggia);Asfaltata;Assente;Pioggia in atto;Scarso;Sufficiente;Ore Diurne;1;0;0;3;12,33317;42,08172;0;2;Autovettura privata;In marcia / fermata / arresto;Fiat;Panda;Conducente;1951;M;Rimandato;0;NON DECEDUTO;Non accertato;Esploso
3698527;15;23/02/2018 20:10:00;;VIA ENRICO FERMI;in corrispondenza;;del civico n.;161;;Investimento di pedone;;;;;;;;;;1;0;0;1;;;0;;;;;;Pedone;0;M;Rimandato;0;NON DECEDUTO;;
3698527;15;23/02/2018 20:10:00;;VIA ENRICO FERMI;in corrispondenza;;del civico n.;161;;Investimento di pedone;;;;;;;;;;1;0;0;1;;;0;1;Autovettura privata;In marcia / fermata / arresto;Fiat;Punto;Conducente;0;M;Illeso;0;;;
3698535;18;22/02/2018 09:15:00;Strada Urbana;VIA NUOVA DELLE FORNACI;all'intersezione con;VIA DELLA STAZIONE DI S. PIETRO;VIA DELLA STAZIONE DI S. PIETRO;;;Scontro laterale fra veicoli in marcia;Intersezione stradale segnalata;Una carreggiata a senso unico di marcia;Bagnato (pioggia);Asfaltata;Verticale ed orizzontale;Pioggia in atto;Normale;Buona;Ore Diurne;0;0;0;2;12,45844;41,89278;0;1;Autovettura privata;In marcia / fermata / arresto;Lexus; CT200H;Conducente;1941;M;Illeso;0;;Non accertato;Inesploso
3698535;18;22/02/2018 09:15:00;Strada Urbana;VIA NUOVA DELLE FORNACI;all'intersezione con;VIA DELLA STAZIONE DI S. PIETRO;VIA DELLA STAZIONE DI S. PIETRO;;;Scontro laterale fra veicoli in marcia;Intersezione stradale segnalata;Una carreggiata a senso unico di marcia;Bagnato (pioggia);Asfaltata;Verticale ed orizzontale;Pioggia in atto;Normale;Buona;Ore Diurne;0;0;0;2;12,45844;41,89278;0;2;Motociclo a solo;In marcia / fermata / arresto;Sym;Joy ride 200;Conducente;1961;M;Illeso;0;;Non accertato;
3698581;2;24/02/2018 08:40:00;;CIRCONVALLAZIONE SALARIA;all'intersezione con;VIA SALARIA;VIA SALARIA;;;Veicolo in marcia contro ostacolo accidentale;;;;;;;;;;0;0;0;1;;;0;1;Autovettura privata;In marcia / fermata / arresto;Fiat;500;Conducente;1982;M;Illeso;0;;;
3698607;2;24/02/2018 08:45:00;;CIRCONVALLAZIONE SALARIA;all'intersezione con;VIA SALARIA;VIA SALARIA;;;Veicolo in marcia contro ostacolo accidentale;;;;;;;;;;0;0;0;2;;;0;1;Autovettura privata;In marcia / fermata / arresto;Nissan;Micra;Conducente;1980;F;Illeso;0;;;
3698607;2;24/02/2018 08:45:00;;CIRCONVALLAZIONE SALARIA;all'intersezione con;VIA SALARIA;VIA SALARIA;;;Veicolo in marcia contro ostacolo accidentale;;;;;;;;;;0;0;0;2;;;0;1;Autovettura privata;In marcia / fermata / arresto;Nissan;Micra;Passeggero;2006;F;Illeso;0;;;
3698611;18;22/02/2018 12:40:00;Strada Urbana;VIA ALCIDE DE GASPERI;in prossimità;;del civico n.;37;;Veicolo in marcia contro ostacolo accidentale;Curva a visuale libera;Una carreggiata a senso unico di marcia;Bagnato (pioggia);Lastricata;Verticale ed orizzontale;Pioggia in atto;Normale;Buona;Ore Diurne;1;0;0;0;12,45529;41,89851;0;1;Motociclo a solo;In marcia / fermata / arresto;Peugeot;-;Conducente;1982;M;Rifiuta cure immediate;0;NON DECEDUTO;;
3698651;2;24/02/2018 08:42:00;;CIRCONVALLAZIONE SALARIA;da specificare;;;;altezza Salaria dir. S.Giovanni;Veicolo in marcia contro ostacolo accidentale;;;;;;;;;;0;0;0;1;;;0;1;Autovettura privata;In marcia / fermata / arresto;Toyota;Yaris;Conducente;1978;F;Illeso;0;;;
3698661;18;22/02/2018 20:30:00;Strada Urbana;VIA PIER DELLA FRANCESCA;in prossimità;;del civico n.;28;;Investimento di pedone;Rettilineo;Una carreggiata a doppio senso;Bagnato (pioggia);Asfaltata;Verticale ed orizzontale;Pioggia in atto;Scarso;Sufficiente;Sufficiente;1;0;0;1;12,464;41,92661;0;;;;;;Pedone;1964;F;Ricoverato;0;NON DECEDUTO;;
3698661;18;22/02/2018 20:30:00;Strada Urbana;VIA PIER DELLA FRANCESCA;in prossimità;;del civico n.;28;;Investimento di pedone;Rettilineo;Una carreggiata a doppio senso;Bagnato (pioggia);Asfaltata;Verticale ed orizzontale;Pioggia in atto;Scarso;Sufficiente;Sufficiente;1;0;0;1;12,464;41,92661;0;1;Motociclo a solo;In marcia / fermata / arresto;Honda;SH 125;Conducente;2000;M;Illeso;0;;;
3698666;23;24/02/2018 01:30:00;Strada Urbana;VIA DI MACCHIA SAPONARA;all'intersezione semaforizzata con;VIA ALBERICO CRESCITELLI;VIA ALBERICO CRESCITELLI;;;Scontro frontale/laterale SX fra veicoli in marcia;Intersezione semaforizzata;Una carreggiata a doppio senso;Bagnato (pioggia);Asfaltata;Verticale ed orizzontale;Pioggia in atto;Scarso;Buona;Sufficiente;0;0;0;2;;;0;1;Autobus di linea;In marcia / fermata / arresto;Evobus;(non accertato);Conducente;1980;M;Illeso;0;;;
3698666;23;24/02/2018 01:30:00;Strada Urbana;VIA DI MACCHIA SAPONARA;all'intersezione semaforizzata con;VIA ALBERICO CRESCITELLI;VIA ALBERICO CRESCITELLI;;;Scontro frontale/laterale SX fra veicoli in marcia;Intersezione semaforizzata;Una carreggiata a doppio senso;Bagnato (pioggia);Asfaltata;Verticale ed orizzontale;Pioggia in atto;Scarso;Buona;Sufficiente;0;0;0;2;;;0;2;Autovettura privata;In marcia / fermata / arresto;Peugeot;208;Conducente;1998;M;Illeso;0;;;
3698704;18;23/02/2018 09:30:00;;VIA DELLA PINETA SACCHETTI;in prossimità;;del civico n.;67;;Scontro laterale fra veicoli in marcia;;;;;;;;;;0;0;0;2;12,42341;41,91207;0;1;Autovettura privata;In marcia / fermata / arresto;Fiat;500 L;Conducente;1971;M;Illeso;0;;;
3698704;18;23/02/2018 09:30:00;;VIA DELLA PINETA SACCHETTI;in prossimità;;del civico n.;67;;Scontro laterale fra veicoli in marcia;;;;;;;;;;0;0;0;2;12,42341;41,91207;0;2;Motociclo a solo;In marcia / fermata / arresto;Honda;SH 125;Conducente;1981;M;Illeso;0;;;
3698712;2;24/02/2018 08:50:00;;CIRCONVALLAZIONE SALARIA;da specificare;;;;altezza salaria direzione san Giovanni;Veicolo in marcia contro ostacolo accidentale;;;;;;;;;;0;0;0;1;;;0;1;Autovettura privata;In marcia / fermata / arresto;Daimler;Chrysler Smart;Conducente;1965;M;Illeso;0;;Non accertato;
3698715;2;24/02/2018 10:00:00;Strada Urbana;VIA SALARIA;da specificare;;;;altezza fiume Aniene dir. GRA;Veicolo in marcia contro ostacolo accidentale;Rettilineo;Due carreggiate;Bagnato (pioggia);Con buche;Orizzontale;Pioggia in atto;Normale;Sufficiente;Ore Diurne;0;0;0;1;;;0;1;Autovettura privata;In marcia / fermata / arresto;Audi;A3;Conducente;1962;M;Illeso;0;;Non accertato;Inesploso
3698722;2;24/02/2018 01:45:00;;VIALE ETIOPIA;all'intersezione con;VIA TEMBIEN;VIA TEMBIEN;;;Scontro frontale/laterale SX fra veicoli in marcia;;;;;;;;;;0;0;0;2;;;0;1;Autovettura privata;In marcia / fermata / arresto;Ford;Fiesta;Conducente;1993;M;Illeso;0;;;
3698722;2;24/02/2018 01:45:00;;VIALE ETIOPIA;all'intersezione con;VIA TEMBIEN;VIA TEMBIEN;;;Scontro frontale/laterale SX fra veicoli in marcia;;;;;;;;;;0;0;0;2;;;0;2;Autovettura privata;In marcia / fermata / arresto;Ford;Fiesta;Conducente;1977;M;Illeso;0;;;
3698725;2;24/02/2018 01:30:00;;VIALE DEL MURO TORTO;da specificare;;;;alt. entrata Parcheggio dir. VIA VENETO;Veicolo in marcia contro ostacolo accidentale;;;;;;;;;;0;0;0;2;;;0;1;Autovettura privata;In marcia / fermata / arresto;Opel;ADAM;Conducente;1991;M;Illeso;0;;;
3698725;2;24/02/2018 01:30:00;;VIALE DEL MURO TORTO;da specificare;;;;alt. entrata Parcheggio dir. VIA VENETO;Veicolo in marcia contro ostacolo accidentale;;;;;;;;;;0;0;0;2;;;0;1;Autovettura privata;In marcia / fermata / arresto;Opel;ADAM;Passeggero;1995;F;Illeso;0;;;
3698732;2;24/02/2018 01:23:00;;VIALE DEL MURO TORTO;da specificare;;;;alt. entrata PARCHEGGIO dir. VIA VENETO;Veicolo in marcia contro ostacolo accidentale;;;;;;;;;;0;0;0;1;;;0;1;Autovettura privata;In marcia / fermata / arresto;Mercedes;Classe A;Conducente;1980;F;Illeso;0;;;
3698733;2;24/02/2018 00:15:00;;VIALE DEL MURO TORTO;da specificare;;;;alt. entrata PARCHEGGIO dir. VIA VENETO;Veicolo in marcia contro ostacolo accidentale;;;;;;;;;;0;0;0;1;;;0;1;Autovettura privata;In marcia / fermata / arresto;Mercedes;C220;Conducente;1986;M;Illeso;0;;;
3698736;2;24/02/2018 01:40:00;;VIALE DEL MURO TORTO;da specificare;;;;alt. PARCHEGGIO dir. VIA VENETO;Veicolo in marcia contro ostacolo accidentale;;;;;;;;;;0;0;0;1;;;0;1;Autovettura privata;In marcia / fermata / arresto;Jaguar;X-Type;Conducente;1976;M;Illeso;0;;;
3698738;2;23/02/2018 21:45:00;;VIA STIMIGLIANO;in prossimità;;del civico n.;FR. 36;;Veicolo in marcia contro veicolo fermo;;;;;;;;;;0;0;0;1;;;0;2;Autovettura privata;In marcia / fermata / arresto;Hyundai;i 10;Conducente;1958;M;Illeso;0;;;
3698743;2;23/02/2018 18:15:00;;CORSO D'ITALIA;in prossimità;;del civico n.;FR. 1;;Veicolo in marcia contro ostacolo fisso;;;;;;;;;;0;0;0;1;;;0;1;Autovettura privata;In marcia / fermata / arresto;Volkswagen;Polo;Conducente;1970;M;Illeso;0;;;
3698746;2;23/02/2018 17:20:00;;VIALE MARESCIALLO PILSUDSKI;all'intersezione semaforizzata con;VIA GUIDUBALDO DEL MONTE;VIA GUIDUBALDO DEL MONTE;;;Scontro laterale fra veicoli in marcia;;;;;;;;;;0;0;0;2;;;0;1;Autovettura privata;In marcia / fermata / arresto;Nissan;Micra;Conducente;1972;F;Illeso;0;;;
3698746;2;23/02/2018 17:20:00;;VIALE MARESCIALLO PILSUDSKI;all'intersezione semaforizzata con;VIA GUIDUBALDO DEL MONTE;VIA GUIDUBALDO DEL MONTE;;;Scontro laterale fra veicoli in marcia;;;;;;;;;;0;0;0;2;;;0;1;Autovettura privata;In marcia / fermata / arresto;Nissan;Micra;Passeggero;1972;M;Illeso;0;;;
3698748;2;23/02/2018 14:15:00;;CORSO DI FRANCIA;da specificare;;;;prox VIA URUGUAY - dir. VIALE PARIOLI;Tamponamento;;;;;;;;;;0;0;0;2;;;0;1;Autovettura privata;In marcia / fermata / arresto;Opel;Zafira;Conducente;1974;F;Illeso;0;;;
3698748;2;23/02/2018 14:15:00;;CORSO DI FRANCIA;da specificare;;;;prox VIA URUGUAY - dir. VIALE PARIOLI;Tamponamento;;;;;;;;;;0;0;0;2;;;0;2;Autovettura privata;In marcia / fermata / arresto;Audi;A8;Conducente;1949;M;Illeso;0;;;
3698751;2;23/02/2018 11:45:00;;VIA CHIANA;in corrispondenza;;del civico n.;112;;Tamponamento;;;;;;;;;;1;0;0;2;;;0;1;Autovettura privata;In marcia / fermata / arresto;Audi;(ignoto);Conducente;1981;M;Illeso;0;;;
3698751;2;23/02/2018 11:45:00;;VIA CHIANA;in corrispondenza;;del civico n.;112;;Tamponamento;;;;;;;;;;1;0;0;2;;;0;2;Autovettura privata;In marcia / fermata / arresto;Smart ;FORTWO;Conducente;1995;M;Rifiuta cure immediate;0;NON DECEDUTO;;
3698751;2;23/02/2018 11:45:00;;VIA CHIANA;in corrispondenza;;del civico n.;112;;Tamponamento;;;;;;;;;;1;0;0;2;;;0;4;Autovettura privata;In marcia / fermata / arresto;Fiat;Multipla;Conducente;1960;M;Illeso;0;;;
3698796;18;23/02/2018 18:15:00;;VIA DELLE FORNACI;in prossimità;;del civico n.;205;;Ribaltamento senza urto contro ostacolo fisso;;;;;;;;;;0;0;0;2;12,45732;41,89504;0;1;Ciclomotore;In marcia / fermata / arresto;(ignoto);(ignoto);Conducente;1970;M;Illeso;0;;;
3698796;18;23/02/2018 18:15:00;;VIA DELLE FORNACI;in prossimità;;del civico n.;205;;Ribaltamento senza urto contro ostacolo fisso;;;;;;;;;;0;0;0;2;12,45732;41,89504;0;1;Ciclomotore;In marcia / fermata / arresto;(ignoto);(ignoto);Passeggero;1971;F;Illeso;0;;;
3698829;6;23/02/2018 20:55:00;Strada Urbana;VIA DELLE PALME;all'intersezione con;VIA DEI CICLAMINI;VIA DEI CICLAMINI;;;Scontro laterale fra veicoli in marcia;Incrocio;Una carreggiata a doppio senso;Bagnato (pioggia);Asfaltata;Verticale ed orizzontale;Pioggia in atto;Normale;Sufficiente;Sufficiente;2;0;0;0;;;0;1;Motociclo a solo;In marcia / fermata / arresto;Honda;SH-300;Conducente;1992;M;Rimandato;0;NON DECEDUTO;;
3698829;6;23/02/2018 20:55:00;Strada Urbana;VIA DELLE PALME;all'intersezione con;VIA DEI CICLAMINI;VIA DEI CICLAMINI;;;Scontro laterale fra veicoli in marcia;Incrocio;Una carreggiata a doppio senso;Bagnato (pioggia);Asfaltata;Verticale ed orizzontale;Pioggia in atto;Normale;Sufficiente;Sufficiente;2;0;0;0;;;0;2;Motociclo a solo;In marcia / fermata / arresto;Kymco; K-xct;Conducente;1984;M;Rimandato;0;NON DECEDUTO;;
3698837;2;24/02/2018 11:30:00;Strada Urbana;VIALE DEL MURO TORTO;in corrispondenza;;del civico n.;6;;Veicolo in marcia contro veicolo in sosta;Curva a visuale libera;Due carreggiate;Bagnato (pioggia);Asfaltata;Orizzontale;Pioggia in atto;Normale;Sufficiente;Ore Diurne;0;0;0;1;;;0;1;Autovettura privata;In marcia / fermata / arresto;Fiat;Punto 5 porte;Conducente;1957;F;Illeso;0;;Non accertato;
3698995;1;24/02/2018 04:00:00;Strada Urbana;VIA CONTE VERDE;all'intersezione con;VIA BIXIO;VIA BIXIO;;;Veicolo in marcia contro ostacolo fisso;Incrocio;Una carreggiata a doppio senso;Bagnato (pioggia);Asfaltata;Verticale ed orizzontale;Pioggia in atto;Scarso;Buona;Sufficiente;1;0;0;0;;;0;1;Autovettura privata;In marcia / fermata / arresto;Mercedes;B 180;Conducente;1989;M;Rimandato;0;NON DECEDUTO;Non accertato;
3699061;1;23/02/2018 23:09:00;Strada Urbana;VIA DEI CERCHI;all'intersezione semaforizzata con;VIA DI S. GREGORIO;VIA DI S. GREGORIO;;;Scontro frontale/laterale DX fra veicoli in marcia;Intersezione semaforizzata;Una carreggiata a doppio senso;Bagnato (pioggia);Asfaltata;Verticale ed orizzontale;Pioggia in atto;Scarso;Sufficiente;Sufficiente;1;0;0;3;;;0;1;Autovettura privata;In marcia / fermata / arresto;Volkswagen;FOX;Conducente;1997;F;Illeso;0;;Non accertato;
3699061;1;23/02/2018 23:09:00;Strada Urbana;VIA DEI CERCHI;all'intersezione semaforizzata con;VIA DI S. GREGORIO;VIA DI S. GREGORIO;;;Scontro frontale/laterale DX fra veicoli in marcia;Intersezione semaforizzata;Una carreggiata a doppio senso;Bagnato (pioggia);Asfaltata;Verticale ed orizzontale;Pioggia in atto;Scarso;Sufficiente;Sufficiente;1;0;0;3;;;0;1;Autovettura privata;In marcia / fermata / arresto;Volkswagen;FOX;Passeggero;1997;F;Illeso;0;;Non accertato;
3699061;1;23/02/2018 23:09:00;Strada Urbana;VIA DEI CERCHI;all'intersezione semaforizzata con;VIA DI S. GREGORIO;VIA DI S. GREGORIO;;;Scontro frontale/laterale DX fra veicoli in marcia;Intersezione semaforizzata;Una carreggiata a doppio senso;Bagnato (pioggia);Asfaltata;Verticale ed orizzontale;Pioggia in atto;Scarso;Sufficiente;Sufficiente;1;0;0;3;;;0;1;Autovettura privata;In marcia / fermata / arresto;Volkswagen;FOX;Passeggero;1997;F;Rifiuta cure immediate;0;NON DECEDUTO;Non accertato;
3699061;1;23/02/2018 23:09:00;Strada Urbana;VIA DEI CERCHI;all'intersezione semaforizzata con;VIA DI S. GREGORIO;VIA DI S. GREGORIO;;;Scontro frontale/laterale DX fra veicoli in marcia;Intersezione semaforizzata;Una carreggiata a doppio senso;Bagnato (pioggia);Asfaltata;Verticale ed orizzontale;Pioggia in atto;Scarso;Sufficiente;Sufficiente;1;0;0;3;;;0;2;Autovettura pubblica;In marcia / fermata / arresto;Jaguar;X- Tipe;Conducente;1967;M;Illeso;0;;Non accertato;
3699077;4;23/02/2018 10:40:00;;VIADOTTO ANTONIO SEGNI;all'intersezione con;VIA AMALIA BETTINI;VIA AMALIA BETTINI;;;Tamponamento;;;;;;;;;;1;0;0;2;;;0;1;Autovettura privata;In marcia / fermata / arresto;Renault;Clio;Conducente;1983;F;Ricoverato;0;NON DECEDUTO;;
3699077;4;23/02/2018 10:40:00;;VIADOTTO ANTONIO SEGNI;all'intersezione con;VIA AMALIA BETTINI;VIA AMALIA BETTINI;;;Tamponamento;;;;;;;;;;1;0;0;2;;;0;2;Autocarro inferiore 35 q.;In marcia / fermata / arresto;Ford;Transit;Conducente;1987;M;Illeso;0;;;
3699077;4;23/02/2018 10:40:00;;VIADOTTO ANTONIO SEGNI;all'intersezione con;VIA AMALIA BETTINI;VIA AMALIA BETTINI;;;Tamponamento;;;;;;;;;;1;0;0;2;;;0;2;Autocarro inferiore 35 q.;In marcia / fermata / arresto;Ford;Transit;Passeggero;1980;M;Illeso;0;;;
3699111;4;23/02/2018 11:20:00;;VIA MONTE S. VICINO;all'intersezione con;VIA TONALE;VIA TONALE;;;Scontro laterale fra veicoli in marcia;;;;;;;;;;1;0;0;2;;;0;1;Autovettura privata;In marcia / fermata / arresto;Fiat;Punto;Conducente;0;M;Rimandato;0;NON DECEDUTO;;
3699111;4;23/02/2018 11:20:00;;VIA MONTE S. VICINO;all'intersezione con;VIA TONALE;VIA TONALE;;;Scontro laterale fra veicoli in marcia;;;;;;;;;;1;0;0;2;;;0;2;Autovettura privata;In marcia / fermata / arresto;Volkswagen;Golf;Conducente;1950;M;Illeso;0;;;
3699111;4;23/02/2018 11:20:00;;VIA MONTE S. VICINO;all'intersezione con;VIA TONALE;VIA TONALE;;;Scontro laterale fra veicoli in marcia;;;;;;;;;;1;0;0;2;;;0;2;Autovettura privata;In marcia / fermata / arresto;Volkswagen;Golf;Passeggero;1951;F;Illeso;0;;;
3699143;10;24/02/2018 01:00:00;;VIA PRENESTINA;in prossimità;;del civico n.;944;;Veicolo in marcia contro ostacolo accidentale;;;;;;;;;;0;0;0;4;;;0;1;Autovettura privata;In marcia / fermata / arresto;Lancia;Delta;Conducente;1972;M;Illeso;0;;;
3699143;10;24/02/2018 01:00:00;;VIA PRENESTINA;in prossimità;;del civico n.;944;;Veicolo in marcia contro ostacolo accidentale;;;;;;;;;;0;0;0;4;;;0;1;Autovettura privata;In marcia / fermata / arresto;Lancia;Delta;Passeggero;0;F;Illeso;0;;;
3699143;10;24/02/2018 01:00:00;;VIA PRENESTINA;in prossimità;;del civico n.;944;;Veicolo in marcia contro ostacolo accidentale;;;;;;;;;;0;0;0;4;;;0;1;Autovettura privata;In marcia / fermata / arresto;Lancia;Delta;Passeggero;0;M;Illeso;0;;;