Protocollo;Gruppo;DataOraIncidente;Localizzazione1;STRADA1;Localizzazione2;STRADA2;Strada02;Chilometrica;DaSpecificare;NaturaIncidente;particolaritastrade;TipoStrada;FondoStradale;Pavimentazione;Segnaletica;CondizioneAtmosferica;Traffico;Visibilita;Illuminazione;NUM_FERITI;NUM_RISERVATA;NUM_MORTI;NUM_ILLESI;Longitudine;Latitudine;Confermato;Progressivo;TipoVeicolo;StatoVeicolo;Marca;Modello;TipoPersona;AnnoNascita;Sesso;Tipolesione;Deceduto;DecedutoDopo;CinturaCascoUtilizzato;Airbag;
3699151;1;22/02/2018 12:30:00;Strada Urbana;LARGO DELL'AMBA ARADAM;all'intersezione semaforizzata con;VIA DRUSO;VIA DRUSO;;;Scontro laterale fra veicoli in marcia;Intersezione semaforizzata;Una carreggiata a doppio senso;Bagnato (pioggia);Asfaltata;Verticale ed orizzontale;Pioggia in atto;Intenso;Buona;Ore Diurne;0;0;0;3;;;0;1;Autovettura privata;In marcia / fermata / arresto;Renault;Kangoo;Conducente;1952;M;Illeso;0;;Non accertato;
3699151;1;22/02/2018 12:30:00;Strada Urbana;LARGO DELL'AMBA ARADAM;all'intersezione semaforizzata con;VIA DRUSO;VIA DRUSO;;;Scontro laterale fra veicoli in marcia;Intersezione semaforizzata;Una carreggiata a doppio senso;Bagnato (pioggia);Asfaltata;Verticale ed orizzontale;Pioggia in atto;Intenso;Buona;Ore Diurne;0;0;0;3;;;0;1;Autovettura privata;In marcia / fermata / arresto;Renault;Kangoo;Passeggero;1980;M;Illeso;0;;Non accertato;
3699151;1;22/02/2018 12:30:00;Strada Urbana;LARGO DELL'AMBA ARADAM;all'intersezione semaforizzata con;VIA DRUSO;VIA DRUSO;;;Scontro laterale fra veicoli in marcia;Intersezione semaforizzata;Una carreggiata a doppio senso;Bagnato (pioggia);Asfaltata;Verticale ed orizzontale;Pioggia in atto;Intenso;Buona;Ore Diurne;0;0;0;3;;;0;2;Autovettura privata;In marcia / fermata / arresto;Fiat;Panda;Conducente;1969;M;Illeso;0;;Non accertato;
3699155;4;23/02/2018 13:20:00;;VIA CAMERATA PICENA;da specificare;;;;in prossimità di Via Palmiano seconda curva sinist;Scontro laterale fra veicoli in marcia;;;;;;;;;;0;0;0;1;;;0;1;Autovettura privata;In marcia / fermata / arresto;Fiat;Uno;Conducente;1997;M;Illeso;0;;;
3699156;10;24/02/2018 01:30:00;;VIA DI CASAL MORENA;in corrispondenza;;del palo luce n.;6;;Veicolo in marcia contro ostacolo accidentale;;;;;;;;;;0;0;0;1;;;0;1;Autovettura privata;In marcia / fermata / arresto;Ford;Fiesta;Conducente;1993;M;Illeso;0;;;
3699174;1;22/02/2018 09:00:00;Strada Urbana;VIA DI PORTA S. LORENZO;da specificare;;;;SENZA NUMERO CIVICO;Veicolo in marcia contro ostacolo accidentale;Rettilineo;Una carreggiata a senso unico di marcia;Viscido da liquidi oleosi;In cubetti di porfido;Verticale ed orizzontale;Nuvoloso;Normale;Buona;Ore Diurne;1;0;0;0;;;0;1;Motociclo a solo;In marcia / fermata / arresto;Suzuki;Burgman;Conducente;1980;M;Rimandato;0;NON DECEDUTO;Non accertato;
3699187;1;23/02/2018 15:15:00;Strada Urbana;VIA EMANUELE FILIBERTO;in prossimità;;del civico n.;138;;Scontro frontale/laterale DX fra veicoli in marcia;Rettilineo;Una carreggiata a doppio senso;Bagnato (pioggia);Asfaltata;Verticale ed orizzontale;Pioggia in atto;Normale;Buona;Ore Diurne;1;0;0;0;;;0;1;Motociclo a solo;In marcia / fermata / arresto;Peugeot;Tweet;Conducente;1971;F;Rimandato;0;NON DECEDUTO;Non accertato;
3699188;4;23/02/2018 14:45:00;;VIA DON GIUSTINO MARIA RUSSOLILLO;in prossimità;;del civico n.;1;;Investimento di pedone;;;;;;;;;;1;0;0;0;;;0;;;;;;Pedone;1992;F;Rimandato;0;NON DECEDUTO;;
3699214;1;23/02/2018 19:30:00;Strada Urbana;LARGO MANLIO GELSOMINI;all'intersezione con;VIA MARMORATA;VIA MARMORATA;;;Investimento di pedone;Intersezione semaforizzata;Una carreggiata a doppio senso;Bagnato (pioggia);Acciotolata;Verticale ed orizzontale;Pioggia in atto;Normale;Sufficiente;Sufficiente;1;0;0;1;;;0;;;;;;Pedone;1996;F;Ricoverato;0;NON DECEDUTO;;
3699214;1;23/02/2018 19:30:00;Strada Urbana;LARGO MANLIO GELSOMINI;all'intersezione con;VIA MARMORATA;VIA MARMORATA;;;Investimento di pedone;Intersezione semaforizzata;Una carreggiata a doppio senso;Bagnato (pioggia);Acciotolata;Verticale ed orizzontale;Pioggia in atto;Normale;Sufficiente;Sufficiente;1;0;0;1;;;0;1;Autovettura pubblica;In marcia / fermata / arresto;Toyota;prius;Conducente;1985;M;Illeso;0;;Non accertato;
3699218;4;23/02/2018 16:45:00;;VIADOTTO GIOVANNI GRONCHI;da specificare;;;;tra distributore e corsia inversione per Fidene;Scontro laterale fra veicoli in marcia;;;;;;;;;;0;0;0;3;;;0;1;Autovettura privata;In marcia / fermata / arresto;Fiat;500;Conducente;1955;F;Illeso;0;;;
3699218;4;23/02/2018 16:45:00;;VIADOTTO GIOVANNI GRONCHI;da specificare;;;;tra distributore e corsia inversione per Fidene;Scontro laterale fra veicoli in marcia;;;;;;;;;;0;0;0;3;;;0;2;Autovettura privata;In marcia / fermata / arresto;Toyota;Yaris;Conducente;1970;F;Illeso;0;;;
3699218;4;23/02/2018 16:45:00;;VIADOTTO GIOVANNI GRONCHI;da specificare;;;;tra distributore e corsia inversione per Fidene;Scontro laterale fra veicoli in marcia;;;;;;;;;;0;0;0;3;;;0;2;Autovettura privata;In marcia / fermata / arresto;Toyota;Yaris;Passeggero;2004;F;Illeso;0;;Non accertato;
3699219;13;23/02/2018 07:00:00;Strada Urbana;VIA DI MACCHIA PALOCCO;in prossimità;;del civico n.;178;;Veicolo in marcia contro ostacolo accidentale;Rettilineo;Una carreggiata a doppio senso;Bagnato (umidità in atto);Con buche;Orizzontale;Nuvoloso;Normale;Buona;Ore Diurne;0;0;0;1;12,34442;41,76669;0;1;Autovettura privata;In marcia / fermata / arresto;Nissan;QASHQAI;Conducente;1975;M;Illeso;0;;;
3699228;13;23/02/2018 15:45:00;Strada Urbana;VIA DI MACCHIA PALOCCO;all'intersezione con;VIA FELICE GIANI;VIA FELICE GIANI;;;Veicolo in marcia contro ostacolo accidentale;Incrocio;Una carreggiata a doppio senso;Bagnato (pioggia);Asfaltata;Assente;Pioggia in atto;Normale;Buona;Ore Diurne;0;0;0;1;12,34158;41,76562;0;1;Autovettura privata;In marcia / fermata / arresto;Nissan;Micra;Conducente;1994;F;Illeso;0;;;
3699235;13;23/02/2018 15:50:00;Provinciale;VIA LITORANEA;in prossimità;;della chilometrica;3.1;;Veicolo in marcia contro ostacolo fisso;Rettilineo;Una carreggiata a doppio senso;Bagnato (pioggia);Asfaltata;Orizzontale;Pioggia in atto;Normale;Sufficiente;Ore Diurne;0;0;0;1;12,37343;41,6877;0;1;Autovettura privata;In marcia / fermata / arresto;Citroen;Berlingo;Conducente;1971;M;Illeso;0;;;
3699243;4;23/02/2018 17:15:00;;VIA NOMENTANA;all'intersezione semaforizzata con;VIA VAL BREMBANA;VIA VAL BREMBANA;;;Scontro laterale fra veicoli in marcia;;;;;;;;;;0;0;0;3;;;0;1;Autovettura privata;In marcia / fermata / arresto;Volkswagen;Golf;Conducente;1992;M;Illeso;0;;;
3699243;4;23/02/2018 17:15:00;;VIA NOMENTANA;all'intersezione semaforizzata con;VIA VAL BREMBANA;VIA VAL BREMBANA;;;Scontro laterale fra veicoli in marcia;;;;;;;;;;0;0;0;3;;;0;1;Autovettura privata;In marcia / fermata / arresto;Volkswagen;Golf;Passeggero;1991;F;Illeso;0;;;
3699243;4;23/02/2018 17:15:00;;VIA NOMENTANA;all'intersezione semaforizzata con;VIA VAL BREMBANA;VIA VAL BREMBANA;;;Scontro laterale fra veicoli in marcia;;;;;;;;;;0;0;0;3;;;0;2;Motociclo a solo;In marcia / fermata / arresto;Peugeot;Tweet;Conducente;1990;F;Illeso;0;;;
3699246;13;23/02/2018 16:15:00;Strada Urbana;VIA DI MACCHIA PALOCCO;all'intersezione con;VIA FELICE GIANI;VIA FELICE GIANI;;;Veicolo in marcia contro ostacolo accidentale;Incrocio;Una carreggiata a doppio senso;Bagnato (pioggia);Asfaltata;Assente;Pioggia in atto;Normale;Buona;Ore Diurne;0;0;0;4;12,34158;41,76562;0;1;Autovettura privata;In marcia / fermata / arresto;Opel;AGILA;Conducente;1993;M;Illeso;0;;;
3699246;13;23/02/2018 16:15:00;Strada Urbana;VIA DI MACCHIA PALOCCO;all'intersezione con;VIA FELICE GIANI;VIA FELICE GIANI;;;Veicolo in marcia contro ostacolo accidentale;Incrocio;Una carreggiata a doppio senso;Bagnato (pioggia);Asfaltata;Assente;Pioggia in atto;Normale;Buona;Ore Diurne;0;0;0;4;12,34158;41,76562;0;1;Autovettura privata;In marcia / fermata / arresto;Opel;AGILA;Passeggero;0;F;Illeso;0;;;
3699246;13;23/02/2018 16:15:00;Strada Urbana;VIA DI MACCHIA PALOCCO;all'intersezione con;VIA FELICE GIANI;VIA FELICE GIANI;;;Veicolo in marcia contro ostacolo accidentale;Incrocio;Una carreggiata a doppio senso;Bagnato (pioggia);Asfaltata;Assente;Pioggia in atto;Normale;Buona;Ore Diurne;0;0;0;4;12,34158;41,76562;0;1;Autovettura privata;In marcia / fermata / arresto;Opel;AGILA;Passeggero;1961;M;Illeso;0;;;
3699258;13;23/02/2018 16:15:00;Strada Urbana;VIA DELLA TOLDA;in corrispondenza;;del civico n.;26;;Scontro laterale fra veicoli in marcia;Rettilineo;Una carreggiata a doppio senso;Bagnato (pioggia);Asfaltata;Assente;Pioggia in atto;Normale;Sufficiente;Ore Diurne;0;0;0;2;12,29351;41,7259;0;1;Autovettura privata;In marcia / fermata / arresto;Alfa Lancia;Y;Conducente;1951;M;Illeso;0;;;
3699258;13;23/02/2018 16:15:00;Strada Urbana;VIA DELLA TOLDA;in corrispondenza;;del civico n.;26;;Scontro laterale fra veicoli in marcia;Rettilineo;Una carreggiata a doppio senso;Bagnato (pioggia);Asfaltata;Assente;Pioggia in atto;Normale;Sufficiente;Ore Diurne;0;0;0;2;12,29351;41,7259;0;2;Autovettura privata;In marcia / fermata / arresto;Mercedes;A180;Conducente;1974;M;Illeso;0;;;
3699293;13;23/02/2018 20:10:00;Strada Urbana;VIALE DEI ROMAGNOLI;in prossimità;;del civico n.;2105;;Veicolo in marcia contro ostacolo accidentale;Rettilineo;Una carreggiata a senso unico di marcia;Bagnato (pioggia);Con buche;Assente;Pioggia in atto;Normale;Sufficiente;Sufficiente;0;0;0;1;12,36281;41,78506;0;1;Autovettura privata;In marcia / fermata / arresto;Mercedes;Smart Fortwo Coupè;Conducente;1990;F;Illeso;0;;;
3699319;4;24/02/2018 08:15:00;Provinciale entro l'abitato;VIA NOMENTANA;all'intersezione con;VIALE DEL POGGIO FIORITO;VIALE DEL POGGIO FIORITO;;;Scontro frontale fra veicoli in marcia;Incrocio;Una carreggiata a doppio senso;Bagnato (pioggia);Asfaltata;Verticale ed orizzontale;Pioggia in atto;Normale;Buona;Ore Diurne;2;0;0;1;12,55901;41,9438;0;1;Autovettura privata;In marcia / fermata / arresto;Renault;Captur;Conducente;1943;F;Illeso;0;;;
3699319;4;24/02/2018 08:15:00;Provinciale entro l'abitato;VIA NOMENTANA;all'intersezione con;VIALE DEL POGGIO FIORITO;VIALE DEL POGGIO FIORITO;;;Scontro frontale fra veicoli in marcia;Incrocio;Una carreggiata a doppio senso;Bagnato (pioggia);Asfaltata;Verticale ed orizzontale;Pioggia in atto;Normale;Buona;Ore Diurne;2;0;0;1;12,55901;41,9438;0;2;Autovettura privata;In marcia / fermata / arresto;Opel;AGILA;Conducente;1972;F;Rifiuta cure immediate;0;NON DECEDUTO;;
3699319;4;24/02/2018 08:15:00;Provinciale entro l'abitato;VIA NOMENTANA;all'intersezione con;VIALE DEL POGGIO FIORITO;VIALE DEL POGGIO FIORITO;;;Scontro frontale fra veicoli in marcia;Incrocio;Una carreggiata a doppio senso;Bagnato (pioggia);Asfaltata;Verticale ed orizzontale;Pioggia in atto;Normale;Buona;Ore Diurne;2;0;0;1;12,55901;41,9438;0;3;Autocarro inferiore 35 q.;In marcia / fermata / arresto;Fiat;Ducato;Conducente;1987;M;Rimandato;0;NON DECEDUTO;;
3699334;10;24/02/2018 11:20:00;;VIA QUINTO PUBLICIO;all'intersezione semaforizzata con;VIALE PALMIRO TOGLIATTI;VIALE PALMIRO TOGLIATTI;;;Scontro frontale/laterale SX fra veicoli in marcia;;;;;;;;;;0;0;0;1;;;0;1;Autovettura privata;In marcia / fermata / arresto;Toyota;Yaris;Conducente;1984;M;Illeso;0;;;
3699350;10;24/02/2018 11:45:00;;VIA SPADOLA;all'intersezione con;VIA FABRIZIA;VIA FABRIZIA;;;Scontro laterale fra veicoli in marcia;;;;;;;;;;0;0;0;1;;;0;1;Autovettura privata;In marcia / fermata / arresto;Jaguar;(non accertato);Conducente;1950;M;Illeso;0;;;
3699350;10;24/02/2018 11:45:00;;VIA SPADOLA;all'intersezione con;VIA FABRIZIA;VIA FABRIZIA;;;Scontro laterale fra veicoli in marcia;;;;;;;;;;0;0;0;1;;;0;2;Autovettura privata;In marcia / fermata / arresto;Fiat;Punto;Conducente;1940;;Illeso;0;;;
3699355;1;23/02/2018 23:40:00;Strada Urbana;VIA TORINO;all'intersezione con;VIA DEL VIMINALE;VIA DEL VIMINALE;;;Investimento di pedone;Incrocio;Una carreggiata a senso unico di marcia;Bagnato (pioggia);Asfaltata;Orizzontale;Pioggia in atto;Scarso;Sufficiente;Sufficiente;2;0;0;2;;;0;;;;;;Pedone;1935;F;Rimandato;0;NON DECEDUTO;;
3699355;1;23/02/2018 23:40:00;Strada Urbana;VIA TORINO;all'intersezione con;VIA DEL VIMINALE;VIA DEL VIMINALE;;;Investimento di pedone;Incrocio;Una carreggiata a senso unico di marcia;Bagnato (pioggia);Asfaltata;Orizzontale;Pioggia in atto;Scarso;Sufficiente;Sufficiente;2;0;0;2;;;0;;;;;;Pedone;1944;F;Rimandato;0;NON DECEDUTO;;
3699355;1;23/02/2018 23:40:00;Strada Urbana;VIA TORINO;all'intersezione con;VIA DEL VIMINALE;VIA DEL VIMINALE;;;Investimento di pedone;Incrocio;Una carreggiata a senso unico di marcia;Bagnato (pioggia);Asfaltata;Orizzontale;Pioggia in atto;Scarso;Sufficiente;Sufficiente;2;0;0;2;;;0;1;Autovettura privata;In marcia / fermata / arresto;Fiat;Punto;Conducente;1984;;Illeso;0;;;
3699355;1;23/02/2018 23:40:00;Strada Urbana;VIA TORINO;all'intersezione con;VIA DEL VIMINALE;VIA DEL VIMINALE;;;Investimento di pedone;Incrocio;Una carreggiata a senso unico di marcia;Bagnato (pioggia);Asfaltata;Orizzontale;Pioggia in atto;Scarso;Sufficiente;Sufficiente;2;0;0;2;;;0;1;Autovettura privata;In marcia / fermata / arresto;Fiat;Punto;Passeggero;1991;M;Illeso;0;;Non accertato;
3699360;10;24/02/2018 14:00:00;;VIA TUSCOLANA;in prossimità;;del civico n.;1413;;Veicolo in marcia contro ostacolo accidentale;;;;;;;;;;0;0;0;2;;;0;1;Autovettura privata;In marcia / fermata / arresto;Fiat;500;Passeggero;0;F;Illeso;0;;;
3699365;13;24/02/2018 07:40:00;Strada Urbana;VIA DI CASTEL FUSANO;in prossimità;;del civico n.;13;;Veicolo in marcia contro ostacolo fisso;Rettilineo;Una carreggiata a doppio senso;Bagnato (pioggia);Asfaltata;Orizzontale;Pioggia in atto;Scarso;Insufficiente;Ore Diurne;0;0;0;1;12,30641;41,75668;0;1;Autovettura privata;In marcia / fermata / arresto;Kia;Sorento;Conducente;1977;M;Illeso;0;;;
3699366;10;24/02/2018 14:30:00;;VIA TUSCOLANA;in prossimità;;del civico n.;1413;;Veicolo in marcia contro ostacolo accidentale;;;;;;;;;;0;0;0;1;;;0;1;Autovettura privata;In marcia / fermata / arresto;Citroen;C1;Conducente;1985;M;Illeso;0;;;
3699376;1;23/02/2018 20:35:00;Strada Urbana;VIA VITTORIO VENETO;all'intersezione con;VIA MOLISE;VIA MOLISE;;;Infortunio per sola frenata improvvisa;Incrocio;Una carreggiata a doppio senso;Bagnato (pioggia);Asfaltata;Verticale ed orizzontale;Pioggia in atto;Scarso;Buona;Sufficiente;1;0;0;0;12,48954;41,90612;0;1;Motociclo a solo;In marcia / fermata / arresto;Honda;-;Conducente;1974;M;Rifiuta cure immediate;0;NON DECEDUTO;Non accertato;
3699379;2;24/02/2018 14:45:00;;VIA PIEDILUCO;da specificare;;;;alt. Piazza San Saturnino;Investimento di pedone;;;;;;;;;;1;0;0;1;;;0;;;;;;Pedone;1949;F;Rimandato;0;NON DECEDUTO;;
3699379;2;24/02/2018 14:45:00;;VIA PIEDILUCO;da specificare;;;;alt. Piazza San Saturnino;Investimento di pedone;;;;;;;;;;1;0;0;1;;;0;1;Autovettura privata;In marcia / fermata / arresto;Fiat;Qubo;Conducente;1955;M;Illeso;0;;;
3699382;15;24/02/2018 11:00:00;;VIA PORTUENSE;da specificare;;;;fronte civico 317;Veicolo in marcia contro ostacolo accidentale;;;;;;;;;;0;0;0;1;;;0;1;Autovettura privata;In marcia / fermata / arresto;Alfa Romeo;MITO;Conducente;0;M;Illeso;0;;;
3699390;15;24/02/2018 07:45:00;;AUTOSTRADA ROMA AEROPORTO DI FIUMICINO;da specificare;;;;rampa di uscita  direzione Fiera di Roma  nord;Veicolo in marcia contro ostacolo fisso;;;;;;;;;;0;0;0;1;;;0;1;Autovettura privata;In marcia / fermata / arresto;Fiat;600;Conducente;0;M;Illeso;0;;;
3699395;13;24/02/2018 10:15:00;;VIALE DEI ROMAGNOLI;all'intersezione con;VIA DEL MARE;VIA DEL MARE;;;Fuoriuscita dalla sede stradale;;;;;;;;;;0;0;0;1;12,32241;41,76913;0;1;Autovettura privata;In marcia / fermata / arresto;Fiat;Panda;Conducente;1934;M;Illeso;0;;;
3699399;6;24/02/2018 17:00:00;;VIA DI ACQUA BULLICANTE;in corrispondenza;;del civico n.;21;;Scontro laterale fra veicoli in marcia;;;;;;;;;;0;0;0;3;;;0;1;Autovettura privata;In marcia / fermata / arresto;Mercedes;ML;Conducente;1969;M;Illeso;0;;;
3699399;6;24/02/2018 17:00:00;;VIA DI ACQUA BULLICANTE;in corrispondenza;;del civico n.;21;;Scontro laterale fra veicoli in marcia;;;;;;;;;;0;0;0;3;;;0;1;Autovettura privata;In marcia / fermata / arresto;Mercedes;ML;Passeggero;0;M;Illeso;0;;;
3699399;6;24/02/2018 17:00:00;;VIA DI ACQUA BULLICANTE;in corrispondenza;;del civico n.;21;;Scontro laterale fra veicoli in marcia;;;;;;;;;;0;0;0;3;;;0;2;Autovettura privata;In marcia / fermata / arresto;Renault;Clio;Conducente;1942;M;Illeso;0;;;
3699411;13;24/02/2018 12:20:00;;VIA MAR DEI CORALLI;da specificare;;;;in pross. v. passeroni;Veicolo in marcia contro ostacolo accidentale;;;;;;;;;;0;0;0;1;12,30154;41,72973;0;1;Autovettura privata;In marcia / fermata / arresto;Audi;A 3;Conducente;1985;M;Illeso;0;;;
3699420;13;24/02/2018 12:30:00;;VIA MAR DEI CORALLI;da specificare;;;;in pross. via passeroni;Veicolo in marcia contro ostacolo accidentale;;;;;;;;;;0;0;0;1;12,30154;41,72973;0;1;Autovettura privata;In marcia / fermata / arresto;Citroen;C 1;Conducente;1967;M;Illeso;0;;;
3699431;13;24/02/2018 12:40:00;;VIA MAR DEI CORALLI;da specificare;;;;in pross. via passeroni;Veicolo in marcia contro ostacolo accidentale;;;;;;;;;;0;0;0;1;12,30154;41,72973;0;1;Autovettura privata;In marcia / fermata / arresto;Fiat;Scudo;Conducente;1977;M;Illeso;0;;;
3699445;13;24/02/2018 15:40:00;;VIA DELLE GONDOLE;all'intersezione con;VIA DEI PANFILI;VIA DEI PANFILI;;;Scontro frontale/laterale DX fra veicoli in marcia;;;;;;;;;;0;0;0;2;12,27655;41,73537;0;1;Autovettura privata;In marcia / fermata / arresto;Kia;Rio;Conducente;1995;M;Illeso;0;;;
3699445;13;24/02/2018 15:40:00;;VIA DELLE GONDOLE;all'intersezione con;VIA DEI PANFILI;VIA DEI PANFILI;;;Scontro frontale/laterale DX fra veicoli in marcia;;;;;;;;;;0;0;0;2;12,27655;41,73537;0;2;Autovettura privata;In marcia / fermata / arresto;Nissan;Juke;Conducente;1966;F;Illeso;0;;;
3699824;17;24/02/2018 20:40:00;Strada Urbana;PIAZZA DEL RISORGIMENTO;da specificare;;;;fronte civico 2;Investimento di pedone;Rotatoria;Più di due carreggiate;Bagnato (pioggia);Asfaltata;Verticale ed orizzontale;Nuvoloso;Normale;Sufficiente;Sufficiente;0;0;1;1;;;0;;;;;;Pedone;1959;M;Deceduto sul posto;-1;;;
3699824;17;24/02/2018 20:40:00;Strada Urbana;PIAZZA DEL RISORGIMENTO;da specificare;;;;fronte civico 2;Investimento di pedone;Rotatoria;Più di due carreggiate;Bagnato (pioggia);Asfaltata;Verticale ed orizzontale;Nuvoloso;Normale;Sufficiente;Sufficiente;0;0;1;1;;;0;1;Autobus di linea;In marcia / fermata / arresto;Fiat;Iveco;Conducente;1976;M;Illeso;0;;;
3699941;9;23/02/2018 23:20:00;;VIA TUSCOLANA;in prossimità;;del civico n.;710;;Veicolo in marcia contro ostacolo accidentale;;;;;;;;;;0;0;0;2;12,54281;41,86568;0;1;Autovettura privata;In marcia / fermata / arresto;Fiat;Punto;Conducente;1971;M;Illeso;0;;;
3699941;9;23/02/2018 23:20:00;;VIA TUSCOLANA;in prossimità;;del civico n.;710;;Veicolo in marcia contro ostacolo accidentale;;;;;;;;;;0;0;0;2;12,54281;41,86568;0;1;Autovettura privata;In marcia / fermata / arresto;Fiat;Punto;Passeggero;0;F;Illeso;0;;;
3699956;9;24/02/2018 03:55:00;;VIA LATINA;in prossimità;;del civico n.;72;;Veicolo in marcia contro veicoli in sosta;;;;;;;;;;1;0;0;0;12,5106;41,87395;0;1;Autovettura privata;In marcia / fermata / arresto;Seat;Ibiza;Conducente;1973;M;Rimandato;0;NON DECEDUTO;;
3699960;20;24/02/2018 07:45:00;Provinciale;VIA BRACCIANENSE;in prossimità;;della chilometrica;7;;Veicolo in marcia contro ostacolo accidentale;Curva senza visuale libera;Una carreggiata a doppio senso;Bagnato (pioggia);Asfaltata;Verticale ed orizzontale;Nuvoloso;Scarso;Buona;Ore Diurne;0;0;0;1;;;0;1;Autovettura privata;In marcia / fermata / arresto;Mercedes;Smart;Conducente;1978;M;Illeso;0;;Non accertato;Inesploso
3699961;20;24/02/2018 20:20:00;Strada Urbana;VIA DEI DUE PONTI;in corrispondenza;;del civico n.;172;;Veicolo in marcia contro ostacolo accidentale;Rettilineo;Una carreggiata a doppio senso;Bagnato (pioggia);Asfaltata;Verticale ed orizzontale;Pioggia in atto;Normale;Buona;Sufficiente;0;0;0;2;;;0;1;Autovettura privata;In marcia / fermata / arresto;Alfa Romeo;Giulietta;Conducente;1988;M;Illeso;0;;Non accertato;
3699961;20;24/02/2018 20:20:00;Strada Urbana;VIA DEI DUE PONTI;in corrispondenza;;del civico n.;172;;Veicolo in marcia contro ostacolo accidentale;Rettilineo;Una carreggiata a doppio senso;Bagnato (pioggia);Asfaltata;Verticale ed orizzontale;Pioggia in atto;Normale;Buona;Sufficiente;0;0;0;2;;;0;1;Autovettura privata;In marcia / fermata / arresto;Alfa Romeo;Giulietta;Passeggero;2003;F;Illeso;0;;Non accertato;Inesploso
3699968;1;24/02/2018 07:30:00;Strada Urbana;PASSEGGIATA DI RIPETTA;in prossimità;;del palo luce n.;8;;Veicolo in marcia contro veicoli in sosta;Pendenza;Una carreggiata a senso unico di marcia;Bagnato (pioggia);In cubetti di porfido;Verticale ed orizzontale;Pioggia in atto;Scarso;Buona;Ore Diurne;1;0;0;0;;;0;1;Autovettura privata;In marcia / fermata / arresto;Fiat;600;Conducente;1984;F;Rimandato;0;NON DECEDUTO;Non accertato;
3699979;20;24/02/2018 13:00:00;Strada Urbana;VIA DI MONTE S. ANDREA;da specificare;;;;in prossimità di Via di Monte di Pineta;Scontro frontale/laterale SX fra veicoli in marcia;Curva senza visuale libera;Una carreggiata a doppio senso;Bagnato (pioggia);Asfaltata;Verticale ed orizzontale;Pioggia in atto;Scarso;Buona;Ore Diurne;0;0;0;2;;;0;1;Autovettura privata;In marcia / fermata / arresto;Lancia;Ypsilon;Conducente;1961;M;Illeso;0;;;
3699979;20;24/02/2018 13:00:00;Strada Urbana;VIA DI MONTE S. ANDREA;da specificare;;;;in prossimità di Via di Monte di Pineta;Scontro frontale/laterale SX fra veicoli in marcia;Curva senza visuale libera;Una carreggiata a doppio senso;Bagnato (pioggia);Asfaltata;Verticale ed orizzontale;Pioggia in atto;Scarso;Buona;Ore Diurne;0;0;0;2;;;0;2;Autocarro inferiore 35 q.;In marcia / fermata / arresto;Fiat;Ducato;Conducente;1973;M;Illeso;0;;Non accertato;Inesploso
3699980;13;24/02/2018 17:50:00;;VIA GIACOMO OREFICE;da specificare;;;;fr. palo illuminazione pubblica 2;Veicolo in marcia contro ostacolo accidentale;;;;;;;;;;0;0;0;1;;;0;1;Autovettura privata;In marcia / fermata / arresto;Fiat;500 X;Conducente;1973;F;Illeso;0;;Non accertato;Inesploso
3699983;13;24/02/2018 18:30:00;;VIA TANCREDI CHIARALUCE;in corrispondenza;;del civico n.;40;;Veicolo in marcia contro ostacolo accidentale;;;;;;;;;;0;0;0;1;;;0;1;Autovettura privata;In marcia / fermata / arresto;BMW;X1;Conducente;1977;M;Illeso;0;;Non accertato;Inesploso
3699994;20;24/02/2018 22:10:00;;VIA FLAMINIA;da specificare;;;;sottovia G.R.A.;Veicolo in marcia contro ostacolo fisso;;;;;;;;;;2;1;0;0;;;0;1;Autovettura privata;In marcia / fermata / arresto;Volkswagen;Polo;Conducente;1996;M;Ricoverato;0;NON DECEDUTO;Non utilizzato;Esploso
3699994;20;24/02/2018 22:10:00;;VIA FLAMINIA;da specificare;;;;sottovia G.R.A.;Veicolo in marcia contro ostacolo fisso;;;;;;;;;;2;1;0;0;;;0;1;Autovettura privata;In marcia / fermata / arresto;Volkswagen;Polo;Passeggero;1999;F;Rimandato;0;NON DECEDUTO;Utilizzato;Esploso
3699994;20;24/02/2018 22:10:00;;VIA FLAMINIA;da specificare;;;;sottovia G.R.A.;Veicolo in marcia contro ostacolo fisso;;;;;;;;;;2;1;0;0;;;0;1;Autovettura privata;In marcia / fermata / arresto;Volkswagen;Polo;Passeggero;2000;M;Prognosi riservata;0;NON DECEDUTO;Non utilizzato;Inesploso
3699997;1;23/02/2018 17:30:00;Strada Urbana;VIA MARMORATA;in prossimità;;del civico n.;95;;Tamponamento Multiplo;Rettilineo;Una carreggiata a doppio senso;Bagnato (pioggia);Asfaltata;Verticale ed orizzontale;Pioggia in atto;Normale;Sufficiente;Sufficiente;1;0;0;3;;;0;1;Autovettura privata;In marcia / fermata / arresto;Ford;Fiesta;Conducente;1992;M;Illeso;0;;Non accertato;Inesploso