Protocollo;Gruppo;DataOraIncidente;Localizzazione1;STRADA1;Localizzazione2;STRADA2;Strada02;Chilometrica;DaSpecificare;NaturaIncidente;particolaritastrade;TipoStrada;FondoStradale;Pavimentazione;Segnaletica;CondizioneAtmosferica;Traffico;Visibilita;Illuminazione;NUM_FERITI;NUM_RISERVATA;NUM_MORTI;NUM_ILLESI;Longitudine;Latitudine;Confermato;Progressivo;TipoVeicolo;StatoVeicolo;Marca;Modello;TipoPersona;AnnoNascita;Sesso;Tipolesione;Deceduto;DecedutoDopo;CinturaCascoUtilizzato;Airbag;
3699997;1;23/02/2018 17:30:00;Strada Urbana;VIA MARMORATA;in prossimità;;del civico n.;95;;Tamponamento Multiplo;Rettilineo;Una carreggiata a doppio senso;Bagnato (pioggia);Asfaltata;Verticale ed orizzontale;Pioggia in atto;Normale;Sufficiente;Sufficiente;1;0;0;3;;;0;2;Autovettura privata;In marcia / fermata / arresto;Citroen;C 4;Conducente;1961;M;Illeso;0;;Non accertato;
3699997;1;23/02/2018 17:30:00;Strada Urbana;VIA MARMORATA;in prossimità;;del civico n.;95;;Tamponamento Multiplo;Rettilineo;Una carreggiata a doppio senso;Bagnato (pioggia);Asfaltata;Verticale ed orizzontale;Pioggia in atto;Normale;Sufficiente;Sufficiente;1;0;0;3;;;0;3;Autovettura privata;In marcia / fermata / arresto;Alfa Lancia;Y;Conducente;1967;M;Rifiuta cure immediate;0;NON DECEDUTO;Non accertato;
3699997;1;23/02/2018 17:30:00;Strada Urbana;VIA MARMORATA;in prossimità;;del civico n.;95;;Tamponamento Multiplo;Rettilineo;Una carreggiata a doppio senso;Bagnato (pioggia);Asfaltata;Verticale ed orizzontale;Pioggia in atto;Normale;Sufficiente;Sufficiente;1;0;0;3;;;0;3;Autovettura privata;In marcia / fermata / arresto;Alfa Lancia;Y;Passeggero;2006;M;Illeso;0;;Non accertato;
3700021;1;23/02/2018 15:45:00;Strada Urbana;PIAZZA DI PORTA MAGGIORE;in prossimità;;del civico n.;8;;Scontro laterale fra veicoli in marcia;Rettilineo;Una carreggiata a senso unico di marcia;Bagnato (pioggia);Asfaltata;Verticale ed orizzontale;Pioggia in atto;Normale;Buona;Ore Diurne;0;0;0;3;;;0;1;Autovettura privata;In marcia / fermata / arresto;Renault;Megane;Conducente;1966;F;Illeso;0;;Non accertato;
3700021;1;23/02/2018 15:45:00;Strada Urbana;PIAZZA DI PORTA MAGGIORE;in prossimità;;del civico n.;8;;Scontro laterale fra veicoli in marcia;Rettilineo;Una carreggiata a senso unico di marcia;Bagnato (pioggia);Asfaltata;Verticale ed orizzontale;Pioggia in atto;Normale;Buona;Ore Diurne;0;0;0;3;;;0;2;Autovettura privata;In marcia / fermata / arresto;Seat;Ibiza;Conducente;1981;M;Illeso;0;;Non accertato;
3700021;1;23/02/2018 15:45:00;Strada Urbana;PIAZZA DI PORTA MAGGIORE;in prossimità;;del civico n.;8;;Scontro laterale fra veicoli in marcia;Rettilineo;Una carreggiata a senso unico di marcia;Bagnato (pioggia);Asfaltata;Verticale ed orizzontale;Pioggia in atto;Normale;Buona;Ore Diurne;0;0;0;3;;;0;2;Autovettura privata;In marcia / fermata / arresto;Seat;Ibiza;Passeggero;1977;F;Illeso;0;;Non accertato;
3700039;20;24/02/2018 14:00:00;Comunale extraurbana;VIA FLAMINIA NUOVA;da specificare;;;;prossimità fronte civico 821;Tamponamento;Rettilineo;Due carreggiate;Bagnato (pioggia);Asfaltata;Orizzontale;Nuvoloso;Intenso;Buona;Ore Diurne;1;0;0;1;;;0;1;Autovettura privata;In marcia / fermata / arresto;Opel;AGILA;Conducente;1964;M;Rimandato;0;NON DECEDUTO;Non accertato;Inesploso
3700039;20;24/02/2018 14:00:00;Comunale extraurbana;VIA FLAMINIA NUOVA;da specificare;;;;prossimità fronte civico 821;Tamponamento;Rettilineo;Due carreggiate;Bagnato (pioggia);Asfaltata;Orizzontale;Nuvoloso;Intenso;Buona;Ore Diurne;1;0;0;1;;;0;2;Autovettura pubblica;In marcia / fermata / arresto;Ford;Focus;Conducente;1966;M;Illeso;0;;Non accertato;Inesploso
3700059;1;24/02/2018 14:40:00;Strada Urbana;LUNGOTEVERE RIPA;all'intersezione con;VIA RIPENSE;VIA RIPENSE;;;Scontro frontale/laterale DX fra veicoli in marcia;Incrocio;Una carreggiata a senso unico di marcia;Bagnato (pioggia);Asfaltata;Verticale ed orizzontale;Nuvoloso;Normale;Buona;Ore Diurne;0;0;0;3;;;0;1;Autovettura privata;In marcia / fermata / arresto;Mini;Cooper;Conducente;1991;M;Illeso;0;;Non accertato;
3700059;1;24/02/2018 14:40:00;Strada Urbana;LUNGOTEVERE RIPA;all'intersezione con;VIA RIPENSE;VIA RIPENSE;;;Scontro frontale/laterale DX fra veicoli in marcia;Incrocio;Una carreggiata a senso unico di marcia;Bagnato (pioggia);Asfaltata;Verticale ed orizzontale;Nuvoloso;Normale;Buona;Ore Diurne;0;0;0;3;;;0;1;Autovettura privata;In marcia / fermata / arresto;Mini;Cooper;Passeggero;1992;F;Illeso;0;;Non accertato;
3700059;1;24/02/2018 14:40:00;Strada Urbana;LUNGOTEVERE RIPA;all'intersezione con;VIA RIPENSE;VIA RIPENSE;;;Scontro frontale/laterale DX fra veicoli in marcia;Incrocio;Una carreggiata a senso unico di marcia;Bagnato (pioggia);Asfaltata;Verticale ed orizzontale;Nuvoloso;Normale;Buona;Ore Diurne;0;0;0;3;;;0;2;Autovettura privata;In marcia / fermata / arresto;Jeep;Renegade;Conducente;1979;F;Illeso;0;;Non accertato;
3700098;20;24/02/2018 04:00:00;Strada Urbana;VIA DEL FORO ITALICO;in prossimità;;del palo luce n.;24;;Veicolo in marcia contro ostacolo fisso;Rettilineo;Due carreggiate;Bagnato (pioggia);Asfaltata;Verticale ed orizzontale;Pioggia in atto;Scarso;Sufficiente;Sufficiente;0;0;0;1;;;0;1;Autovettura privata;In marcia / fermata / arresto;Jaguar;S-Type;Conducente;1988;M;Illeso;0;;Non accertato;Esploso
3700220;10;24/02/2018 19:20:00;;VIA VIGNE DI PASSO LOMBARDO;da specificare;;;;tra i civici 20-51 ;Veicolo in marcia contro ostacolo fisso;;;;;;;;;;0;0;0;1;;;0;1;Autovettura privata;In marcia / fermata / arresto;Opel;AGILA;Conducente;1982;F;Illeso;0;;;
3700348;26;24/02/2018 07:00:00;Strada Urbana;VIA DELLA CONSOLAZIONE;all'intersezione con;FORO ROMANO;FORO ROMANO;;;Veicolo in marcia contro veicolo in sosta;Incrocio;Una carreggiata a senso unico di marcia;Bagnato (pioggia);Acciotolata;Verticale ed orizzontale;Pioggia in atto;Scarso;Buona;Ore Diurne;0;0;0;2;12,48331;41,89166;0;1;Altro;In marcia / fermata / arresto;Land Rover;(non accertato);Conducente;1995;M;Illeso;0;;;
3700348;26;24/02/2018 07:00:00;Strada Urbana;VIA DELLA CONSOLAZIONE;all'intersezione con;FORO ROMANO;FORO ROMANO;;;Veicolo in marcia contro veicolo in sosta;Incrocio;Una carreggiata a senso unico di marcia;Bagnato (pioggia);Acciotolata;Verticale ed orizzontale;Pioggia in atto;Scarso;Buona;Ore Diurne;0;0;0;2;12,48331;41,89166;0;1;Altro;In marcia / fermata / arresto;Land Rover;(non accertato);Passeggero;1979;M;Illeso;0;;;
3700436;7;24/02/2018 08:20:00;Strada Urbana;VIALE ALESSANDRINO;all'intersezione con;VIA GIOVANNI FABER;VIA GIOVANNI FABER;;;Scontro laterale fra veicoli in marcia;Incrocio;Una carreggiata a doppio senso;Bagnato (pioggia);Asfaltata;Orizzontale;Pioggia in atto;Normale;Buona;Ore Diurne;0;0;0;2;12,57718;41,88251;0;1;Autovettura privata;In marcia / fermata / arresto;Fiat;Punto;Conducente;1980;M;Illeso;0;;Non accertato;Inesploso
3700436;7;24/02/2018 08:20:00;Strada Urbana;VIALE ALESSANDRINO;all'intersezione con;VIA GIOVANNI FABER;VIA GIOVANNI FABER;;;Scontro laterale fra veicoli in marcia;Incrocio;Una carreggiata a doppio senso;Bagnato (pioggia);Asfaltata;Orizzontale;Pioggia in atto;Normale;Buona;Ore Diurne;0;0;0;2;12,57718;41,88251;0;2;Autocarro inferiore 35 q.;In marcia / fermata / arresto;Fiat;Scudo;Conducente;1978;M;Illeso;0;;Non accertato;Inesploso
3700482;11;25/02/2018 04:30:00;;VIA OSTIENSE;all'intersezione con;VIA DELLA STAZIONE DI OSTIA ANTICA;VIA DELLA STAZIONE DI OSTIA ANTICA;;;Scontro frontale/laterale SX fra veicoli in marcia;;;;;;;;;;2;1;0;0;;;0;1;Autovettura privata;In marcia / fermata / arresto;Fiat;500;Conducente;0;M;Rimandato;0;NON DECEDUTO;;
3700482;11;25/02/2018 04:30:00;;VIA OSTIENSE;all'intersezione con;VIA DELLA STAZIONE DI OSTIA ANTICA;VIA DELLA STAZIONE DI OSTIA ANTICA;;;Scontro frontale/laterale SX fra veicoli in marcia;;;;;;;;;;2;1;0;0;;;0;1;Autovettura privata;In marcia / fermata / arresto;Fiat;500;Passeggero;0;M;Ricoverato;0;NON DECEDUTO;;
3700482;11;25/02/2018 04:30:00;;VIA OSTIENSE;all'intersezione con;VIA DELLA STAZIONE DI OSTIA ANTICA;VIA DELLA STAZIONE DI OSTIA ANTICA;;;Scontro frontale/laterale SX fra veicoli in marcia;;;;;;;;;;2;1;0;0;;;0;2;Autovettura privata;In marcia / fermata / arresto;Mercedes;Smart Fortwo;Conducente;1994;M;Prognosi riservata;0;NON DECEDUTO;;
3700483;7;24/02/2018 11:20:00;Strada Urbana;VIALE PALMIRO TOGLIATTI;da specificare;;;;su rampa sopraelevata direzione Prenestina;Veicolo in marcia contro ostacolo accidentale;Rettilineo;Una carreggiata a senso unico di marcia;Bagnato (pioggia);Asfaltata;Verticale ed orizzontale;Nuvoloso;Normale;Buona;Ore Diurne;0;0;0;1;12,57409;41,90138;0;1;Autovettura privata;In marcia / fermata / arresto;Volkswagen;UP;Conducente;1991;F;Illeso;0;;Non accertato;Inesploso
3700549;15;24/02/2018 19:10:00;;VIA DELLA PISANA;in prossimità;;del palo luce n.;230;;Veicolo in marcia contro ostacolo accidentale;;;;;;;;;;0;0;0;1;;;0;1;Autovettura privata;In marcia / fermata / arresto;Ford;S - MAX;Conducente;0;M;Illeso;0;;;
3700556;7;24/02/2018 19:20:00;Strada Urbana;VIA DI TOR TRE TESTE;in corrispondenza;;del civico n.;245;;Veicolo in marcia contro ostacolo accidentale;Rettilineo;Una carreggiata a doppio senso;Bagnato (pioggia);Con buche;Assente;Nuvoloso;Normale;Sufficiente;Sufficiente;1;0;0;0;12,59078;41,88879;0;1;Motociclo con passeggero;In marcia / fermata / arresto;Honda;SH 150;Conducente;1980;F;Rimandato;0;NON DECEDUTO;Non accertato;
3700558;15;24/02/2018 23:00:00;;VIA DEL TRULLO;da specificare;;;;fronte civico 132;Veicolo in marcia contro ostacolo accidentale;;;;;;;;;;0;0;0;1;;;0;1;Autovettura privata;In marcia / fermata / arresto;Volkswagen;Lupo;Conducente;0;M;Illeso;0;;;
3700587;15;24/02/2018 23:30:00;;VIA ARDEATINA;in corrispondenza;;della chilometrica;16.5;;Veicolo in marcia contro ostacolo accidentale;;;;;;;;;;0;0;0;1;;;0;1;Autovettura privata;In marcia / fermata / arresto;Opel;Corsa;Conducente;0;F;Illeso;0;;;
3700605;19;23/02/2018 16:30:00;Strada Urbana;VIA DI CASAL DEL MARMO;in corrispondenza;;del civico n.;15;;Veicolo in marcia contro ostacolo accidentale;Rettilineo;Una carreggiata a senso unico di marcia;Bagnato (pioggia);Asfaltata;Assente;Pioggia in atto;Normale;Sufficiente;Ore Diurne;0;0;0;1;12,41193;41,95854;0;1;Autobus di linea;In marcia / fermata / arresto;Breda;Menarinibus N321/1;Conducente;1965;M;Illeso;0;;;
3700618;19;23/02/2018 19:30:00;Strada Urbana;VIA DELLA STORTA;da specificare;;;;200 mt prima del civ. 622 direzione Cassia;Veicolo in marcia contro ostacolo fisso;Rettilineo;Una carreggiata a doppio senso;Bagnato (pioggia);Asfaltata;Orizzontale;Pioggia in atto;Scarso;Buona;Sufficiente;0;0;0;1;12,36674;41,97126;-1;1;Autovettura privata;In marcia / fermata / arresto;Fiat;500;Conducente;1995;F;Illeso;0;;;
3700625;10;25/02/2018 17:55:00;Strada Urbana;VIA DEI SETTE METRI;all'intersezione con;VIA DELLA TENUTA DEL CASALOTTO;VIA DELLA TENUTA DEL CASALOTTO;;;Investimento di pedone;Intersezione non regolata/non segnalata;Una carreggiata a doppio senso;Bagnato (pioggia);Asfaltata;Verticale ed orizzontale;Pioggia in atto;Normale;Sufficiente;Sufficiente;1;0;0;1;;;0;;;;;;Pedone;1998;F;Rimandato;0;NON DECEDUTO;;
3700625;10;25/02/2018 17:55:00;Strada Urbana;VIA DEI SETTE METRI;all'intersezione con;VIA DELLA TENUTA DEL CASALOTTO;VIA DELLA TENUTA DEL CASALOTTO;;;Investimento di pedone;Intersezione non regolata/non segnalata;Una carreggiata a doppio senso;Bagnato (pioggia);Asfaltata;Verticale ed orizzontale;Pioggia in atto;Normale;Sufficiente;Sufficiente;1;0;0;1;;;0;1;Autovettura privata;In marcia / fermata / arresto;Mercedes;Smart Forfour;Conducente;1973;F;Illeso;0;;Non accertato;Inesploso
3700634;19;24/02/2018 09:45:00;;VIA PROBA PETRONIA;in corrispondenza;;del civico n.;8;;Veicolo in marcia contro veicolo in sosta;;;;;;;;;;0;0;0;1;;;0;1;Autocarro inferiore 35 q.;In marcia / fermata / arresto;Fiat;Iveco;Conducente;1965;M;Illeso;0;;;
3700646;19;24/02/2018 09:30:00;;VIA DI SELVA NERA;in prossimità;;del civico n.;222;;Tamponamento;;;;;;;;;;0;0;0;1;;;0;1;Autovettura privata;In marcia / fermata / arresto;Ford;Max SX;Conducente;1967;M;Illeso;0;;;
3700651;19;24/02/2018 19:25:00;;VIA TRIONFALE;in corrispondenza;;del civico n.;8241;;Scontro frontale/laterale SX fra veicoli in marcia;;;;;;;;;;0;0;0;2;;;0;1;Motociclo a solo;In marcia / fermata / arresto;Yamaha;Majestic;Conducente;0;M;Illeso;0;;;
3700651;19;24/02/2018 19:25:00;;VIA TRIONFALE;in corrispondenza;;del civico n.;8241;;Scontro frontale/laterale SX fra veicoli in marcia;;;;;;;;;;0;0;0;2;;;0;2;Autovettura privata;In marcia / fermata / arresto;Daimler Smart;(ignoto);Conducente;0;M;Illeso;0;;;
3700666;19;24/02/2018 15:40:00;Strada Urbana;VIA DELLA PINETA SACCHETTI;all'intersezione con;VIA TRIONFALE;VIA TRIONFALE;;;Scontro frontale/laterale DX fra veicoli in marcia;Incrocio;Una carreggiata a senso unico di marcia;Bagnato (pioggia);Asfaltata;Verticale;Pioggia in atto;Normale;Buona;Ore Diurne;0;0;0;2;12,42441;41,92313;0;1;Autovettura privata;In marcia / fermata / arresto;Volkswagen;Golf;Conducente;1994;M;Illeso;0;;Non accertato;Inesploso
3700666;19;24/02/2018 15:40:00;Strada Urbana;VIA DELLA PINETA SACCHETTI;all'intersezione con;VIA TRIONFALE;VIA TRIONFALE;;;Scontro frontale/laterale DX fra veicoli in marcia;Incrocio;Una carreggiata a senso unico di marcia;Bagnato (pioggia);Asfaltata;Verticale;Pioggia in atto;Normale;Buona;Ore Diurne;0;0;0;2;12,42441;41,92313;0;2;Autovettura privata;In marcia / fermata / arresto;Renault;Clio;Conducente;1960;M;Illeso;0;;Non accertato;Inesploso
3700679;7;24/02/2018 20:00:00;Strada Urbana;PIAZZA DEI GERANI;in corrispondenza;;del civico n.;18;;Veicolo in marcia contro ostacolo accidentale;Rettilineo;Una carreggiata a senso unico di marcia;Bagnato (pioggia);Asfaltata;Verticale ed orizzontale;Pioggia in atto;Normale;Buona;Sufficiente;0;0;0;1;12,56636;41,88577;0;1;Autovettura privata;In marcia / fermata / arresto;Fiat;500 L;Conducente;1969;M;Illeso;0;;Non accertato;Inesploso
3700861;7;25/02/2018 01:20:00;;VIA DEMETRIADE;all'intersezione con;VIA GROTTAFERRATA;VIA GROTTAFERRATA;;;Scontro frontale/laterale DX fra veicoli in marcia;;;;;;;;;;0;0;0;3;;;0;1;Autovettura privata;In marcia / fermata / arresto;Nissan;Micra;Conducente;1981;M;Illeso;0;;;
3700861;7;25/02/2018 01:20:00;;VIA DEMETRIADE;all'intersezione con;VIA GROTTAFERRATA;VIA GROTTAFERRATA;;;Scontro frontale/laterale DX fra veicoli in marcia;;;;;;;;;;0;0;0;3;;;0;2;Autovettura privata;In marcia / fermata / arresto;Fiat;16;Conducente;1963;F;Illeso;0;;;
3700861;7;25/02/2018 01:20:00;;VIA DEMETRIADE;all'intersezione con;VIA GROTTAFERRATA;VIA GROTTAFERRATA;;;Scontro frontale/laterale DX fra veicoli in marcia;;;;;;;;;;0;0;0;3;;;0;2;Autovettura privata;In marcia / fermata / arresto;Fiat;16;Passeggero;1962;M;Illeso;0;;;
3700878;7;25/02/2018 04:00:00;;VIA TUSCOLANA;all'intersezione con;VIA DEMETRIADE;VIA DEMETRIADE;;;Veicolo in marcia contro ostacolo fisso;;;;;;;;;;0;0;0;3;;;0;1;Autovettura privata;In marcia / fermata / arresto;Volkswagen;Polo;Conducente;1994;F;Illeso;0;;;
3700878;7;25/02/2018 04:00:00;;VIA TUSCOLANA;all'intersezione con;VIA DEMETRIADE;VIA DEMETRIADE;;;Veicolo in marcia contro ostacolo fisso;;;;;;;;;;0;0;0;3;;;0;1;Autovettura privata;In marcia / fermata / arresto;Volkswagen;Polo;Passeggero;1995;F;Illeso;0;;;
3701149;11;24/02/2018 10:30:00;Strada Urbana;VIALE GUGLIELMO MARCONI;da specificare;;;;in prossimità di via sernesi;Tamponamento;Rettilineo;Due carreggiate;Bagnato (pioggia);Asfaltata;Verticale ed orizzontale;Pioggia in atto;Normale;Buona;Ore Diurne;0;0;0;3;;;0;1;Autovettura privata;In marcia / fermata / arresto;Volkswagen;Golf;Conducente;1941;M;Illeso;0;;;
3701149;11;24/02/2018 10:30:00;Strada Urbana;VIALE GUGLIELMO MARCONI;da specificare;;;;in prossimità di via sernesi;Tamponamento;Rettilineo;Due carreggiate;Bagnato (pioggia);Asfaltata;Verticale ed orizzontale;Pioggia in atto;Normale;Buona;Ore Diurne;0;0;0;3;;;0;1;Autovettura privata;In marcia / fermata / arresto;Volkswagen;Golf;Passeggero;1939;F;Illeso;0;;;
3701149;11;24/02/2018 10:30:00;Strada Urbana;VIALE GUGLIELMO MARCONI;da specificare;;;;in prossimità di via sernesi;Tamponamento;Rettilineo;Due carreggiate;Bagnato (pioggia);Asfaltata;Verticale ed orizzontale;Pioggia in atto;Normale;Buona;Ore Diurne;0;0;0;3;;;0;2;Autovettura privata;In marcia / fermata / arresto;Hyundai;Athos;Conducente;0;M;Illeso;0;;;
3701155;15;25/02/2018 02:30:00;;VIA DELLA PISANA;in prossimità;;del civico n.;1441;;Veicolo in marcia contro ostacolo accidentale;;;;;;;;;;0;0;0;1;;;0;1;Autovettura privata;In marcia / fermata / arresto;Ford;W GMBH DM2;Conducente;0;M;Illeso;0;;;
3701181;6;25/02/2018 22:30:00;Strada Urbana;VIA DI TOR VERGATA;da specificare;;;;sottovia prima di Via Francesco Terzi;Veicolo in marcia contro ostacolo accidentale;Rettilineo;Due carreggiate;Bagnato (pioggia);Asfaltata;Verticale ed orizzontale;Pioggia in atto;Scarso;Insufficiente;Insufficiente;0;0;0;1;;;0;1;Autovettura privata;In marcia / fermata / arresto;Ford;Fiesta;Conducente;1964;M;Illeso;0;;;
3701182;9;24/02/2018 08:45:00;;VIA IMERA;in corrispondenza;;del civico n.;11;;Scontro frontale/laterale SX fra veicoli in marcia;;;;;;;;;;2;0;0;0;12,51026;41,87676;0;1;Autovettura privata;In marcia / fermata / arresto;Opel;Corsa;Conducente;1981;F;Rimandato;0;NON DECEDUTO;Non accertato;Inesploso
3701182;9;24/02/2018 08:45:00;;VIA IMERA;in corrispondenza;;del civico n.;11;;Scontro frontale/laterale SX fra veicoli in marcia;;;;;;;;;;2;0;0;0;12,51026;41,87676;0;2;Autovettura privata;In marcia / fermata / arresto;Fiat;Punto;Conducente;1985;M;Rimandato;0;NON DECEDUTO;Non accertato;Inesploso
3701190;1;23/02/2018 22:50:00;Strada Urbana;PIAZZA DI PORTA MAGGIORE;da specificare;;;;archi di via Eleniana;Tamponamento;Rettilineo;Una carreggiata a senso unico di marcia;Bagnato (pioggia);Asfaltata;Verticale ed orizzontale;Pioggia in atto;Normale;Sufficiente;Sufficiente;0;0;0;2;;;0;1;Autovettura privata;In marcia / fermata / arresto;Peugeot; 2008;Conducente;1972;M;Illeso;0;;;
3701190;1;23/02/2018 22:50:00;Strada Urbana;PIAZZA DI PORTA MAGGIORE;da specificare;;;;archi di via Eleniana;Tamponamento;Rettilineo;Una carreggiata a senso unico di marcia;Bagnato (pioggia);Asfaltata;Verticale ed orizzontale;Pioggia in atto;Normale;Sufficiente;Sufficiente;0;0;0;2;;;0;2;Autovettura privata;In marcia / fermata / arresto;Mercedes;Smart Fortwo Coupè;Conducente;1976;M;Illeso;0;;;
3701200;9;24/02/2018 11:20:00;;VIA TUSCOLANA;da specificare;;;;prossimità LARGO VOLUMNIA;Scontro laterale fra veicoli in marcia;;;;;;;;;;0;0;0;3;12,5337;41,87175;0;1;Autovettura privata;In marcia / fermata / arresto;Citroen;C 3;Conducente;1991;M;Illeso;0;;Non accertato;Inesploso
3701200;9;24/02/2018 11:20:00;;VIA TUSCOLANA;da specificare;;;;prossimità LARGO VOLUMNIA;Scontro laterale fra veicoli in marcia;;;;;;;;;;0;0;0;3;12,5337;41,87175;0;1;Autovettura privata;In marcia / fermata / arresto;Citroen;C 3;Passeggero;1997;F;Illeso;0;;Non accertato;Inesploso
3701200;9;24/02/2018 11:20:00;;VIA TUSCOLANA;da specificare;;;;prossimità LARGO VOLUMNIA;Scontro laterale fra veicoli in marcia;;;;;;;;;;0;0;0;3;12,5337;41,87175;0;2;Motociclo a solo;In marcia / fermata / arresto;Honda;(non accertato);Conducente;1996;M;Illeso;0;;Non accertato;
3701201;9;24/02/2018 18:00:00;;VIA APPIA NUOVA;in corrispondenza;;del civico n.;670;;Scontro laterale fra veicoli in marcia;;;;;;;;;;0;0;0;3;12,53134;41,86436;0;1;Autovettura privata;In marcia / fermata / arresto;Renault;Clio;Conducente;1996;F;Illeso;0;;Non accertato;Inesploso
3701201;9;24/02/2018 18:00:00;;VIA APPIA NUOVA;in corrispondenza;;del civico n.;670;;Scontro laterale fra veicoli in marcia;;;;;;;;;;0;0;0;3;12,53134;41,86436;0;1;Autovettura privata;In marcia / fermata / arresto;Renault;Clio;Passeggero;1996;F;Illeso;0;;Non accertato;Inesploso
3701201;9;24/02/2018 18:00:00;;VIA APPIA NUOVA;in corrispondenza;;del civico n.;670;;Scontro laterale fra veicoli in marcia;;;;;;;;;;0;0;0;3;12,53134;41,86436;0;2;Autovettura privata;In marcia / fermata / arresto;Ford;C Max;Conducente;1940;M;Illeso;0;;Non accertato;Inesploso
3701204;11;24/02/2018 17:50:00;Strada Urbana;VIA GIACINTO PULLINO;da specificare;;;;ALTEZZA VIA BADOERO;Scontro laterale fra veicoli in marcia;Rettilineo;Una carreggiata a doppio senso;Bagnato (pioggia);Asfaltata;Verticale ed orizzontale;Pioggia in atto;Normale;Sufficiente;Sufficiente;1;0;0;2;12,48444;41,86589;0;1;Motociclo a solo;In marcia / fermata / arresto;Honda;SH 300;Conducente;1991;M;Illeso;0;;;
3701204;11;24/02/2018 17:50:00;Strada Urbana;VIA GIACINTO PULLINO;da specificare;;;;ALTEZZA VIA BADOERO;Scontro laterale fra veicoli in marcia;Rettilineo;Una carreggiata a doppio senso;Bagnato (pioggia);Asfaltata;Verticale ed orizzontale;Pioggia in atto;Normale;Sufficiente;Sufficiente;1;0;0;2;12,48444;41,86589;0;1;Motociclo a solo;In marcia / fermata / arresto;Honda;SH 300;Passeggero;1991;M;Rifiuta cure immediate;0;NON DECEDUTO;;
3701204;11;24/02/2018 17:50:00;Strada Urbana;VIA GIACINTO PULLINO;da specificare;;;;ALTEZZA VIA BADOERO;Scontro laterale fra veicoli in marcia;Rettilineo;Una carreggiata a doppio senso;Bagnato (pioggia);Asfaltata;Verticale ed orizzontale;Pioggia in atto;Normale;Sufficiente;Sufficiente;1;0;0;2;12,48444;41,86589;0;2;Autovettura privata;In marcia / fermata / arresto;Volkswagen;TIGUAN;Conducente;1978;M;Illeso;0;;;
3701226;9;24/02/2018 19:10:00;;VIA TUSCOLANA;in corrispondenza;;del civico n.;2112;;Veicolo in marcia contro ostacolo fisso;;;;;;;;;;0;0;0;1;12,6248;41,82736;0;1;Autovettura privata;In marcia / fermata / arresto;Toyota;Aygo;Conducente;1977;M;Illeso;0;;Non accertato;Inesploso
3701230;9;24/02/2018 19:30:00;;VIA TUSCOLANA;in corrispondenza;;del civico n.;2112;;Veicolo in marcia contro ostacolo fisso;;;;;;;;;;0;0;0;1;12,6248;41,82736;0;1;Autovettura privata;In marcia / fermata / arresto;Toyota;Rav 4;Conducente;1951;M;Illeso;0;;Non accertato;Inesploso
3701247;9;24/02/2018 19:35:00;;VIA TUSCOLANA;in corrispondenza;;del civico n.;2112;;Veicolo in marcia contro ostacolo fisso;;;;;;;;;;0;0;0;1;12,6248;41,82736;0;1;Autovettura privata;In marcia / fermata / arresto;Volkswagen;Golf;Conducente;1955;M;Illeso;0;;Non accertato;Inesploso
3701248;9;24/02/2018 19:40:00;;VIA TUSCOLANA;in corrispondenza;;del civico n.;2112;;Veicolo in marcia contro ostacolo fisso;;;;;;;;;;0;0;0;1;12,6248;41,82736;0;1;Autovettura privata;In marcia / fermata / arresto;Volkswagen;Polo;Conducente;1977;M;Illeso;0;;Non accertato;Inesploso
3701253;9;24/02/2018 19:55:00;;VIA TUSCOLANA;in corrispondenza;;del civico n.;2112;;Veicolo in marcia contro ostacolo fisso;;;;;;;;;;0;0;0;1;12,6248;41,82736;0;1;Autovettura privata;In marcia / fermata / arresto;Citroen;C 1;Conducente;1979;F;Illeso;0;;Non accertato;Inesploso
3701258;9;24/02/2018 20:46:00;;VIA TUSCOLANA;in corrispondenza;;del civico n.;2112;;Veicolo in marcia contro ostacolo fisso;;;;;;;;;;0;0;0;1;12,6248;41,82736;0;1;Autovettura privata;In marcia / fermata / arresto;Mercedes;A 180;Conducente;1986;F;Illeso;0;;Non accertato;Inesploso
3701264;9;24/02/2018 21:00:00;;VIA TUSCOLANA;in corrispondenza;;del civico n.;2112;;Veicolo in marcia contro ostacolo fisso;;;;;;;;;;0;0;0;1;12,6248;41,82736;0;1;Autovettura privata;In marcia / fermata / arresto;Citroen;C 1;Conducente;1968;M;Illeso;0;;Non accertato;Inesploso
3701269;4;24/02/2018 16:15:00;;VIA LUIGI CAPUANA;in corrispondenza;;del civico n.;22;;Veicolo in marcia contro veicolo fermo;;;;;;;;;;0;0;0;2;;;0;1;Autovettura privata;In marcia / fermata / arresto;Alfa Romeo;147;Conducente;1988;M;Illeso;0;;Non accertato;Inesploso
3701269;4;24/02/2018 16:15:00;;VIA LUIGI CAPUANA;in corrispondenza;;del civico n.;22;;Veicolo in marcia contro veicolo fermo;;;;;;;;;;0;0;0;2;;;0;2;Autovettura privata;In marcia / fermata / arresto;Renault;Clio;Conducente;1992;M;Illeso;0;;;
3701271;9;24/02/2018 21:05:00;;VIA TUSCOLANA;in corrispondenza;;del civico n.;2112;;Veicolo in marcia contro ostacolo fisso;;;;;;;;;;0;0;0;1;12,6248;41,82736;0;1;Autovettura privata;In marcia / fermata / arresto;BMW;SERIE 1;Conducente;1977;M;Illeso;0;;;