Protocollo;Gruppo;DataOraIncidente;Localizzazione1;STRADA1;Localizzazione2;STRADA2;Strada02;Chilometrica;DaSpecificare;NaturaIncidente;particolaritastrade;TipoStrada;FondoStradale;Pavimentazione;Segnaletica;CondizioneAtmosferica;Traffico;Visibilita;Illuminazione;NUM_FERITI;NUM_RISERVATA;NUM_MORTI;NUM_ILLESI;Longitudine;Latitudine;Confermato;Progressivo;TipoVeicolo;StatoVeicolo;Marca;Modello;TipoPersona;AnnoNascita;Sesso;Tipolesione;Deceduto;DecedutoDopo;CinturaCascoUtilizzato;Airbag;
3705544;16;28/02/2018 07:30:00;;PIAZZA CARLO ALBERTO SCOTTI;in prossimità;;del civico n.;18;;Veicoli in marcia contro veicolo fermo;;;;;;;;;;0;0;0;2;;;0;1;Autovettura privata;In marcia / fermata / arresto;Mercedes;C220;Passeggero;1970;F;Illeso;0;;Non accertato;
3705707;20;28/02/2018 12:55:00;Strada Urbana;VIA BRACCIANENSE;da specificare;;;;km 11400;Scontro frontale/laterale DX fra veicoli in marcia;Rettilineo;Una carreggiata a doppio senso;Asciutto;Asfaltata;Verticale ed orizzontale;Nuvoloso;Normale;Buona;Ore Diurne;0;0;0;2;;;0;1;Autovettura privata;In marcia / fermata / arresto;Alfa Lancia;Mito;Conducente;1992;M;Illeso;0;;;
3705707;20;28/02/2018 12:55:00;Strada Urbana;VIA BRACCIANENSE;da specificare;;;;km 11400;Scontro frontale/laterale DX fra veicoli in marcia;Rettilineo;Una carreggiata a doppio senso;Asciutto;Asfaltata;Verticale ed orizzontale;Nuvoloso;Normale;Buona;Ore Diurne;0;0;0;2;;;0;2;Autovettura privata;In marcia / fermata / arresto;Peugeot;206;Conducente;1958;F;Illeso;0;;;
3705725;1;27/02/2018 11:40:00;Strada Urbana;LARGO GIOVANNI BATTISTA MARZI;all'intersezione con;PONTE TESTACCIO;PONTE TESTACCIO;;;Scontro frontale/laterale SX fra veicoli in marcia;Intersezione non regolata/non segnalata;Una carreggiata a doppio senso;Asciutto;Asfaltata;Verticale ed orizzontale;Sereno;Normale;Sufficiente;Ore Diurne;0;0;0;3;;;0;1;Autovettura privata;In marcia / fermata / arresto;Fiat;Punto;Conducente;1963;M;Illeso;0;;Non accertato;Inesploso
3705725;1;27/02/2018 11:40:00;Strada Urbana;LARGO GIOVANNI BATTISTA MARZI;all'intersezione con;PONTE TESTACCIO;PONTE TESTACCIO;;;Scontro frontale/laterale SX fra veicoli in marcia;Intersezione non regolata/non segnalata;Una carreggiata a doppio senso;Asciutto;Asfaltata;Verticale ed orizzontale;Sereno;Normale;Sufficiente;Ore Diurne;0;0;0;3;;;0;1;Autovettura privata;In marcia / fermata / arresto;Fiat;Punto;Passeggero;1961;M;Illeso;0;;Non accertato;Inesploso
3705725;1;27/02/2018 11:40:00;Strada Urbana;LARGO GIOVANNI BATTISTA MARZI;all'intersezione con;PONTE TESTACCIO;PONTE TESTACCIO;;;Scontro frontale/laterale SX fra veicoli in marcia;Intersezione non regolata/non segnalata;Una carreggiata a doppio senso;Asciutto;Asfaltata;Verticale ed orizzontale;Sereno;Normale;Sufficiente;Ore Diurne;0;0;0;3;;;0;2;Autovettura privata;In marcia / fermata / arresto;Citroen;C 1;Conducente;1964;M;Illeso;0;;Non accertato;Inesploso
3705730;18;27/02/2018 14:15:00;;VIA DI BOCCEA;in prossimità;;del civico n.;561;;Veicolo in marcia contro ostacolo fisso;;;;;;;;;;0;0;0;1;;;0;1;Autovettura privata;In marcia / fermata / arresto;Volkswagen;Golf;Conducente;1995;M;Illeso;0;;;
3705865;11;28/02/2018 14:45:00;Strada Urbana;VIA GIOVANNI GENOCCHI;in prossimità;;del civico n.;28;;Investimento di pedone;Rettilineo;Una carreggiata a doppio senso;Asciutto;Asfaltata;Verticale ed orizzontale;Nuvoloso;Normale;Buona;Ore Diurne;1;0;0;3;;;0;;;;;;Pedone;1953;M;Rimandato;0;NON DECEDUTO;;
3705865;11;28/02/2018 14:45:00;Strada Urbana;VIA GIOVANNI GENOCCHI;in prossimità;;del civico n.;28;;Investimento di pedone;Rettilineo;Una carreggiata a doppio senso;Asciutto;Asfaltata;Verticale ed orizzontale;Nuvoloso;Normale;Buona;Ore Diurne;1;0;0;3;;;0;1;Autovettura privata;In marcia / fermata / arresto;Toyota;Aygo;Conducente;1997;F;Illeso;0;;Non accertato;Inesploso
3705865;11;28/02/2018 14:45:00;Strada Urbana;VIA GIOVANNI GENOCCHI;in prossimità;;del civico n.;28;;Investimento di pedone;Rettilineo;Una carreggiata a doppio senso;Asciutto;Asfaltata;Verticale ed orizzontale;Nuvoloso;Normale;Buona;Ore Diurne;1;0;0;3;;;0;1;Autovettura privata;In marcia / fermata / arresto;Toyota;Aygo;Passeggero;1997;M;Illeso;0;;Non accertato;Inesploso
3705865;11;28/02/2018 14:45:00;Strada Urbana;VIA GIOVANNI GENOCCHI;in prossimità;;del civico n.;28;;Investimento di pedone;Rettilineo;Una carreggiata a doppio senso;Asciutto;Asfaltata;Verticale ed orizzontale;Nuvoloso;Normale;Buona;Ore Diurne;1;0;0;3;;;0;2;Autobus di linea;In marcia / fermata / arresto;Irisbus;491E.12;Conducente;1983;M;Illeso;0;;Non accertato;Inesistente
3705903;13;27/02/2018 08:40:00;;VIA DI DRAGONE;in corrispondenza;;del civico n.;349;;Veicolo in marcia contro ostacolo fisso;;;;;;;;;;0;0;0;1;12,33122;41,78482;0;1;Autovettura privata;In marcia / fermata / arresto;Kia;Rio;Conducente;1992;M;Illeso;0;;;
3706017;1;28/02/2018 14:20:00;Strada Urbana;PIAZZALE OSTIENSE;all'intersezione con;VIALE GIOTTO;VIALE GIOTTO;;;Scontro frontale/laterale DX fra veicoli in marcia;Incrocio;Una carreggiata a doppio senso;Asciutto;Asfaltata;Verticale ed orizzontale;Nuvoloso;Normale;Buona;Ore Diurne;0;0;0;3;;;0;1;Autocarro inferiore 35 q.;In marcia / fermata / arresto;Fiat;Doblo';Conducente;1986;M;Illeso;0;;Non accertato;Inesploso
3706017;1;28/02/2018 14:20:00;Strada Urbana;PIAZZALE OSTIENSE;all'intersezione con;VIALE GIOTTO;VIALE GIOTTO;;;Scontro frontale/laterale DX fra veicoli in marcia;Incrocio;Una carreggiata a doppio senso;Asciutto;Asfaltata;Verticale ed orizzontale;Nuvoloso;Normale;Buona;Ore Diurne;0;0;0;3;;;0;1;Autocarro inferiore 35 q.;In marcia / fermata / arresto;Fiat;Doblo';Passeggero;1998;F;Illeso;0;;Non accertato;Inesploso
3706017;1;28/02/2018 14:20:00;Strada Urbana;PIAZZALE OSTIENSE;all'intersezione con;VIALE GIOTTO;VIALE GIOTTO;;;Scontro frontale/laterale DX fra veicoli in marcia;Incrocio;Una carreggiata a doppio senso;Asciutto;Asfaltata;Verticale ed orizzontale;Nuvoloso;Normale;Buona;Ore Diurne;0;0;0;3;;;0;2;Autovettura privata;In marcia / fermata / arresto;Nissan;Micra;Conducente;1971;F;Illeso;0;;Non accertato;Inesploso
3706021;6;28/02/2018 16:55:00;;VIA PRENESTINA;in corrispondenza;;del civico n.;357/O;;Investimento di pedone;;;;;;;;;;1;0;0;1;;;0;;;;;;Pedone;2008;M;Rimandato;0;NON DECEDUTO;;
3706021;6;28/02/2018 16:55:00;;VIA PRENESTINA;in corrispondenza;;del civico n.;357/O;;Investimento di pedone;;;;;;;;;;1;0;0;1;;;0;1;Autovettura privata;In marcia / fermata / arresto;Daimler AG;Smart Fortwo coupè;Conducente;1980;M;Illeso;0;;Non accertato;
3706067;11;28/02/2018 15:45:00;Strada Urbana;VIA ARDEATINA;in prossimità;;del civico n.;5890;;Tamponamento;Rettilineo;Una carreggiata a doppio senso;Asciutto;Asfaltata;Verticale ed orizzontale;Sereno;Normale;Buona;Ore Diurne;0;0;0;2;;;0;1;Autovettura privata;In marcia / fermata / arresto;Chevrolet;Matiz;Conducente;1964;M;Illeso;0;;Non accertato;Inesploso
3706067;11;28/02/2018 15:45:00;Strada Urbana;VIA ARDEATINA;in prossimità;;del civico n.;5890;;Tamponamento;Rettilineo;Una carreggiata a doppio senso;Asciutto;Asfaltata;Verticale ed orizzontale;Sereno;Normale;Buona;Ore Diurne;0;0;0;2;;;0;2;Autovettura pubblica;In marcia / fermata / arresto;Kia;Niro;Conducente;1975;M;Illeso;0;;Non accertato;Inesploso
3706155;15;28/02/2018 10:30:00;;VIA ANTONIO PACINOTTI;in prossimità;;del civico n.;83;;Veicolo in marcia contro ostacolo accidentale;;;;;;;;;;0;0;0;1;;;0;1;Autovettura privata;In marcia / fermata / arresto;Fiat;Punto;Conducente;0;M;Illeso;0;;;
3706166;15;28/02/2018 11:30:00;;VIA VINCENZO BRUNACCI;all'intersezione con;LUNGOTEVERE DEGLI INVENTORI;LUNGOTEVERE DEGLI INVENTORI;;;Scontro laterale fra veicoli in marcia;;;;;;;;;;0;0;0;3;;;0;1;Autocarro inferiore 35 q.;In marcia / fermata / arresto;Renault; makity;Conducente;0;M;Illeso;0;;;
3706166;15;28/02/2018 11:30:00;;VIA VINCENZO BRUNACCI;all'intersezione con;LUNGOTEVERE DEGLI INVENTORI;LUNGOTEVERE DEGLI INVENTORI;;;Scontro laterale fra veicoli in marcia;;;;;;;;;;0;0;0;3;;;0;1;Autocarro inferiore 35 q.;In marcia / fermata / arresto;Renault; makity;Passeggero;0;M;Illeso;0;;;
3706166;15;28/02/2018 11:30:00;;VIA VINCENZO BRUNACCI;all'intersezione con;LUNGOTEVERE DEGLI INVENTORI;LUNGOTEVERE DEGLI INVENTORI;;;Scontro laterale fra veicoli in marcia;;;;;;;;;;0;0;0;3;;;0;2;Autovettura privata;In marcia / fermata / arresto;Audi;A 3;Conducente;0;F;Illeso;0;;;
3706183;1;27/02/2018 20:00:00;Strada Urbana;PIAZZA DI PORTA PORTESE;da specificare;;;;fronte chiosco bar;Investimento di pedone;Rettilineo;Una carreggiata a doppio senso;Asciutto;In cubetti di porfido;Verticale ed orizzontale;Sereno;Normale;Sufficiente;Sufficiente;1;0;0;2;;;0;;;;;;Pedone;0;F;Rimandato;0;NON DECEDUTO;;
3706183;1;27/02/2018 20:00:00;Strada Urbana;PIAZZA DI PORTA PORTESE;da specificare;;;;fronte chiosco bar;Investimento di pedone;Rettilineo;Una carreggiata a doppio senso;Asciutto;In cubetti di porfido;Verticale ed orizzontale;Sereno;Normale;Sufficiente;Sufficiente;1;0;0;2;;;0;1;Autovettura privata;In marcia / fermata / arresto;Ford;C - MAX;Conducente;1983;;Illeso;0;;;
3706183;1;27/02/2018 20:00:00;Strada Urbana;PIAZZA DI PORTA PORTESE;da specificare;;;;fronte chiosco bar;Investimento di pedone;Rettilineo;Una carreggiata a doppio senso;Asciutto;In cubetti di porfido;Verticale ed orizzontale;Sereno;Normale;Sufficiente;Sufficiente;1;0;0;2;;;0;1;Autovettura privata;In marcia / fermata / arresto;Ford;C - MAX;Passeggero;1981;F;Illeso;0;;Non accertato;Inesploso
3706184;15;28/02/2018 13:50:00;;VIA ODERISI DA GUBBIO;all'intersezione con;VIA FRANCESCO GRIMALDI;VIA FRANCESCO GRIMALDI;;;Scontro laterale fra veicoli in marcia;;;;;;;;;;0;0;0;2;;;0;1;Autovettura privata;In marcia / fermata / arresto;Mercedes;E 220;Conducente;0;M;Illeso;0;;;
3706184;15;28/02/2018 13:50:00;;VIA ODERISI DA GUBBIO;all'intersezione con;VIA FRANCESCO GRIMALDI;VIA FRANCESCO GRIMALDI;;;Scontro laterale fra veicoli in marcia;;;;;;;;;;0;0;0;2;;;0;2;Autovettura privata;In marcia / fermata / arresto;Audi;A 4 Avant;Conducente;0;M;Illeso;0;;;
3706196;1;28/02/2018 17:50:00;Strada Urbana;VIA PIEMONTE;all'intersezione con;VIA SALLUSTIANA;VIA SALLUSTIANA;;;Scontro frontale/laterale DX fra veicoli in marcia;Incrocio;Una carreggiata a senso unico di marcia;Asciutto;Asfaltata;Verticale ed orizzontale;Sereno;Normale;Buona;Ore Diurne;0;0;0;2;;;0;1;Autovettura privata;In marcia / fermata / arresto;Fiat;Panda;Conducente;1976;M;Illeso;0;;Non accertato;Inesploso
3706196;1;28/02/2018 17:50:00;Strada Urbana;VIA PIEMONTE;all'intersezione con;VIA SALLUSTIANA;VIA SALLUSTIANA;;;Scontro frontale/laterale DX fra veicoli in marcia;Incrocio;Una carreggiata a senso unico di marcia;Asciutto;Asfaltata;Verticale ed orizzontale;Sereno;Normale;Buona;Ore Diurne;0;0;0;2;;;0;2;Autovettura privata;In marcia / fermata / arresto;Volvo;(ignoto);Conducente;1957;M;Illeso;0;;Non accertato;Inesploso
3706367;12;28/02/2018 17:07:00;Strada Urbana;VIALE AMERICA;in corrispondenza;;del civico n.;221;;Investimento di pedone;Rettilineo;Una carreggiata a doppio senso;Asciutto;Asfaltata;Verticale ed orizzontale;Nuvoloso;Normale;Buona;Ore Diurne;0;0;1;4;;;0;;;;;;Pedone;1960;M;Deceduto durante prime cure;-1;;;
3706367;12;28/02/2018 17:07:00;Strada Urbana;VIALE AMERICA;in corrispondenza;;del civico n.;221;;Investimento di pedone;Rettilineo;Una carreggiata a doppio senso;Asciutto;Asfaltata;Verticale ed orizzontale;Nuvoloso;Normale;Buona;Ore Diurne;0;0;1;4;;;0;1;Autovettura privata;In marcia / fermata / arresto;Mini;Cooper;Conducente;2000;M;Illeso;0;;;Inesploso
3706367;12;28/02/2018 17:07:00;Strada Urbana;VIALE AMERICA;in corrispondenza;;del civico n.;221;;Investimento di pedone;Rettilineo;Una carreggiata a doppio senso;Asciutto;Asfaltata;Verticale ed orizzontale;Nuvoloso;Normale;Buona;Ore Diurne;0;0;1;4;;;0;1;Autovettura privata;In marcia / fermata / arresto;Mini;Cooper;Passeggero;0;F;Illeso;0;;;
3706367;12;28/02/2018 17:07:00;Strada Urbana;VIALE AMERICA;in corrispondenza;;del civico n.;221;;Investimento di pedone;Rettilineo;Una carreggiata a doppio senso;Asciutto;Asfaltata;Verticale ed orizzontale;Nuvoloso;Normale;Buona;Ore Diurne;0;0;1;4;;;0;1;Autovettura privata;In marcia / fermata / arresto;Mini;Cooper;Passeggero;0;M;Illeso;0;;;
3706410;9;28/02/2018 08:10:00;;VIA ROCCAPRIORA;all'intersezione con;VIA GENZANO;VIA GENZANO;;;Scontro frontale/laterale DX fra veicoli in marcia;;;;;;;;;;0;0;0;1;;;0;1;Autovettura privata;In marcia / fermata / arresto;Volkswagen;UP;Conducente;1999;M;Illeso;0;;Non accertato;Inesploso
3706475;9;28/02/2018 09:15:00;;PIAZZA DI VILLA FIORELLI;in corrispondenza;;del civico n.;13/a;;Scontro laterale fra veicoli in marcia;;;;;;;;;;1;0;0;2;;;0;1;Autovettura di polizia;In marcia / fermata / arresto;Fiat;Bravo;Conducente;1988;F;Illeso;0;;;
3706475;9;28/02/2018 09:15:00;;PIAZZA DI VILLA FIORELLI;in corrispondenza;;del civico n.;13/a;;Scontro laterale fra veicoli in marcia;;;;;;;;;;1;0;0;2;;;0;1;Autovettura di polizia;In marcia / fermata / arresto;Fiat;Bravo;Passeggero;0;M;Illeso;0;;;
3706475;9;28/02/2018 09:15:00;;PIAZZA DI VILLA FIORELLI;in corrispondenza;;del civico n.;13/a;;Scontro laterale fra veicoli in marcia;;;;;;;;;;1;0;0;2;;;0;2;Motociclo a solo;In marcia / fermata / arresto;Honda;Silver Wing;Conducente;1978;M;Rimandato;0;NON DECEDUTO;;
3706560;9;28/02/2018 20:30:00;;VIA APPIA NUOVA;in prossimità;;del civico n.;803;;Scontro laterale fra veicoli in marcia;;;;;;;;;;0;0;0;3;12,54441;41,85473;0;1;Autocarro inferiore 35 q.;In marcia / fermata / arresto;Iveco;75 E;Conducente;1985;M;Illeso;0;;Non accertato;Inesploso
3706560;9;28/02/2018 20:30:00;;VIA APPIA NUOVA;in prossimità;;del civico n.;803;;Scontro laterale fra veicoli in marcia;;;;;;;;;;0;0;0;3;12,54441;41,85473;0;1;Autocarro inferiore 35 q.;In marcia / fermata / arresto;Iveco;75 E;Passeggero;1977;M;Illeso;0;;Non accertato;Inesploso
3706560;9;28/02/2018 20:30:00;;VIA APPIA NUOVA;in prossimità;;del civico n.;803;;Scontro laterale fra veicoli in marcia;;;;;;;;;;0;0;0;3;12,54441;41,85473;0;2;Autovettura privata;In marcia / fermata / arresto;Mercedes;A180;Conducente;1945;M;Illeso;0;;Non accertato;Inesploso
3706562;15;28/02/2018 21:15:00;;VIA ENRICO FERMI;all'intersezione con;VIA LUCA VALERIO;VIA LUCA VALERIO;;;Scontro frontale/laterale SX fra veicoli in marcia;;;;;;;;;;0;0;0;2;12,47207;41,86469;0;1;Autovettura privata;In marcia / fermata / arresto;Opel;Corsa;Conducente;0;M;Illeso;0;;;
3706562;15;28/02/2018 21:15:00;;VIA ENRICO FERMI;all'intersezione con;VIA LUCA VALERIO;VIA LUCA VALERIO;;;Scontro frontale/laterale SX fra veicoli in marcia;;;;;;;;;;0;0;0;2;12,47207;41,86469;0;2;Autovettura privata;In marcia / fermata / arresto;Peugeot;1007;Conducente;0;M;Illeso;0;;;
3706567;13;28/02/2018 17:30:00;;VIA DEL MARE;da specificare;;;;dir. Roma - altezza svincolo per Fiumicino;Tamponamento;;;;;;;;;;0;0;0;3;;;0;1;Autovettura privata;In marcia / fermata / arresto;Citroen;C 3;Conducente;1977;F;Illeso;0;;Non accertato;Inesploso
3706567;13;28/02/2018 17:30:00;;VIA DEL MARE;da specificare;;;;dir. Roma - altezza svincolo per Fiumicino;Tamponamento;;;;;;;;;;0;0;0;3;;;0;1;Autovettura privata;In marcia / fermata / arresto;Citroen;C 3;Passeggero;1973;M;Illeso;0;;Non accertato;Inesploso
3706567;13;28/02/2018 17:30:00;;VIA DEL MARE;da specificare;;;;dir. Roma - altezza svincolo per Fiumicino;Tamponamento;;;;;;;;;;0;0;0;3;;;0;2;Autovettura privata;In marcia / fermata / arresto;Lancia;Ypsilon;Conducente;1981;F;Illeso;0;;Non accertato;Esploso
3706568;15;28/02/2018 18:55:00;;VIA DELLA MAGLIANA;all'intersezione con;VIA ERNESTO NATHAN;VIA ERNESTO NATHAN;;;Veicolo in marcia contro ostacolo fisso;;;;;;;;;;0;0;0;1;12,4243;41,83404;0;1;Autovettura privata;In marcia / fermata / arresto;Ford;Fiesta;Conducente;0;M;Illeso;0;;;
3706570;13;28/02/2018 09:50:00;Strada Urbana;VIALE DELLE REPUBBLICHE MARINARE;all'intersezione con;VIA DOMENICO BONAMICO;VIA DOMENICO BONAMICO;;;Scontro frontale/laterale SX fra veicoli in marcia;Incrocio;Due carreggiate;Asciutto;Asfaltata;Verticale;Sereno;Scarso;Buona;Ore Diurne;0;0;0;2;12,26828;41,73521;0;1;Autovettura privata;In marcia / fermata / arresto;Suzuki;Swift;Conducente;1947;M;Illeso;0;;Non accertato;Inesploso
3706570;13;28/02/2018 09:50:00;Strada Urbana;VIALE DELLE REPUBBLICHE MARINARE;all'intersezione con;VIA DOMENICO BONAMICO;VIA DOMENICO BONAMICO;;;Scontro frontale/laterale SX fra veicoli in marcia;Incrocio;Due carreggiate;Asciutto;Asfaltata;Verticale;Sereno;Scarso;Buona;Ore Diurne;0;0;0;2;12,26828;41,73521;0;2;Autovettura privata;In marcia / fermata / arresto;Ford;Fiesta;Conducente;1986;F;Illeso;0;;;
3706573;13;28/02/2018 19:45:00;;VIA LITORANEA;da specificare;;;;altezza circa 150 m prima del VII cancello;Veicolo in marcia contro ostacolo accidentale;;;;;;;;;;0;0;0;1;;;0;1;Autovettura privata;In marcia / fermata / arresto;Mercedes;C200;Conducente;1976;M;Illeso;0;;;
3706577;1;28/02/2018 23:00:00;Strada Urbana;PIAZZALE GIUSEPPE GARIBALDI;da specificare;;;;a mt 20,00 dopo Passeggiata del Gianicolo;Investimento di pedone;Rettilineo;Una carreggiata a senso unico di marcia;Bagnato (pioggia);In cubetti di porfido;Verticale ed orizzontale;Pioggia in atto;Scarso;Sufficiente;Sufficiente;1;0;0;1;;;0;;;;;;Pedone;2001;M;Rimandato;0;NON DECEDUTO;;
3706577;1;28/02/2018 23:00:00;Strada Urbana;PIAZZALE GIUSEPPE GARIBALDI;da specificare;;;;a mt 20,00 dopo Passeggiata del Gianicolo;Investimento di pedone;Rettilineo;Una carreggiata a senso unico di marcia;Bagnato (pioggia);In cubetti di porfido;Verticale ed orizzontale;Pioggia in atto;Scarso;Sufficiente;Sufficiente;1;0;0;1;;;0;1;Autobus turistico;In marcia / fermata / arresto;(ignoto);(non accertato);Conducente;1977;M;Illeso;0;;Non accertato;Inesploso
3706587;8;28/02/2018 16:20:00;;VIA PRENESTINA NUOVA;all'intersezione con;VIA DI ROCCA CENCIA;VIA DI ROCCA CENCIA;;;Scontro frontale/laterale SX fra veicoli in marcia;;;;;;;;;;0;0;0;4;;;0;1;Autovettura privata;In marcia / fermata / arresto;Opel;AGILA;Conducente;1988;M;Illeso;0;;Non accertato;Inesploso
3706587;8;28/02/2018 16:20:00;;VIA PRENESTINA NUOVA;all'intersezione con;VIA DI ROCCA CENCIA;VIA DI ROCCA CENCIA;;;Scontro frontale/laterale SX fra veicoli in marcia;;;;;;;;;;0;0;0;4;;;0;1;Autovettura privata;In marcia / fermata / arresto;Opel;AGILA;Passeggero;1983;F;Illeso;0;;Non accertato;Inesploso
3706587;8;28/02/2018 16:20:00;;VIA PRENESTINA NUOVA;all'intersezione con;VIA DI ROCCA CENCIA;VIA DI ROCCA CENCIA;;;Scontro frontale/laterale SX fra veicoli in marcia;;;;;;;;;;0;0;0;4;;;0;1;Autovettura privata;In marcia / fermata / arresto;Opel;AGILA;Passeggero;2014;F;Illeso;0;;Non accertato;Inesploso
3706587;8;28/02/2018 16:20:00;;VIA PRENESTINA NUOVA;all'intersezione con;VIA DI ROCCA CENCIA;VIA DI ROCCA CENCIA;;;Scontro frontale/laterale SX fra veicoli in marcia;;;;;;;;;;0;0;0;4;;;0;2;Autovettura privata;In marcia / fermata / arresto;Fiat;Punto;Conducente;1981;M;Illeso;0;;Non accertato;Inesploso
3706593;8;28/02/2018 17:35:00;Strada Urbana;VIA MAGLIE;all'intersezione con;VIA SQUINZANO;VIA SQUINZANO;;;Scontro frontale/laterale DX fra veicoli in marcia;Incrocio;Una carreggiata a doppio senso;Asciutto;Asfaltata;Verticale;Sereno;Normale;Buona;Ore Diurne;1;0;0;1;12,61598;41,8835;0;1;Autovettura privata;In marcia / fermata / arresto;Renault;Twingo;Conducente;1973;F;Rimandato;0;NON DECEDUTO;Non accertato;Esploso
3706593;8;28/02/2018 17:35:00;Strada Urbana;VIA MAGLIE;all'intersezione con;VIA SQUINZANO;VIA SQUINZANO;;;Scontro frontale/laterale DX fra veicoli in marcia;Incrocio;Una carreggiata a doppio senso;Asciutto;Asfaltata;Verticale;Sereno;Normale;Buona;Ore Diurne;1;0;0;1;12,61598;41,8835;0;2;Autocarro inferiore 35 q.;In marcia / fermata / arresto;Fiat;Iveco;Conducente;1981;M;Illeso;0;;Non accertato;Inesploso
3706596;8;28/02/2018 18:00:00;Provinciale entro l'abitato;VIA SICULIANA;da specificare;;;;prossimità VIA GIARRATANA;Scontro laterale fra veicoli in marcia;Rettilineo;Una carreggiata a doppio senso;Asciutto;Con buche;Verticale ed orizzontale;Sereno;Normale;Buona;Sufficiente;0;0;0;2;;;0;1;Autovettura privata;In marcia / fermata / arresto;Peugeot;307;Conducente;1980;M;Illeso;0;;Non accertato;Inesploso
3706596;8;28/02/2018 18:00:00;Provinciale entro l'abitato;VIA SICULIANA;da specificare;;;;prossimità VIA GIARRATANA;Scontro laterale fra veicoli in marcia;Rettilineo;Una carreggiata a doppio senso;Asciutto;Con buche;Verticale ed orizzontale;Sereno;Normale;Buona;Sufficiente;0;0;0;2;;;0;2;Autovettura privata;In marcia / fermata / arresto;Peugeot;306;Conducente;1983;M;Illeso;0;;Non accertato;Inesploso
3706598;11;28/02/2018 08:50:00;;VIA DI CASAL ROTONDO;in prossimità;;del civico n.;24;;Veicolo in marcia contro veicolo fermo;;;;;;;;;;0;0;0;2;;;0;1;Autovettura privata;In marcia / fermata / arresto;Fiat;Panda;Conducente;1995;F;Illeso;0;;;
3706598;11;28/02/2018 08:50:00;;VIA DI CASAL ROTONDO;in prossimità;;del civico n.;24;;Veicolo in marcia contro veicolo fermo;;;;;;;;;;0;0;0;2;;;0;2;Autovettura privata;In marcia / fermata / arresto;Fiat;600;Conducente;1988;F;Illeso;0;;;
3706619;11;28/02/2018 08:55:00;;VIA DI CASAL ROTONDO;in prossimità;;del civico n.;24;;Tamponamento;;;;;;;;;;0;0;0;2;;;0;1;Autovettura privata;In marcia / fermata / arresto;Renault;Clio;Conducente;1989;M;Illeso;0;;;
3706619;11;28/02/2018 08:55:00;;VIA DI CASAL ROTONDO;in prossimità;;del civico n.;24;;Tamponamento;;;;;;;;;;0;0;0;2;;;0;2;Autovettura privata;In marcia / fermata / arresto;Opel;Meriva;Conducente;1988;F;Illeso;0;;;
3706640;19;28/02/2018 06:30:00;;VIA DI TORREVECCHIA;da specificare;;;;fronte civ. 106;Veicolo in marcia contro veicolo in sosta;;;;;;;;;;0;0;0;2;;;0;1;Autovettura privata;In marcia / fermata / arresto;Fiat;Doblò;Conducente;1967;M;Illeso;0;;;
3706640;19;28/02/2018 06:30:00;;VIA DI TORREVECCHIA;da specificare;;;;fronte civ. 106;Veicolo in marcia contro veicolo in sosta;;;;;;;;;;0;0;0;2;;;0;2;Autovettura privata;In marcia / fermata / arresto;Fiat;500;Passeggero;1973;M;Illeso;0;;;
3706664;19;28/02/2018 07:45:00;Strada Urbana;LARGO INES BEDESCHI;all'intersezione con;VIA DI SELVA NERA;VIA DI SELVA NERA;;;Scontro laterale fra veicoli in marcia;Incrocio;Una carreggiata a doppio senso;Asciutto;Asfaltata;Verticale ed orizzontale;Nuvoloso;Scarso;Buona;Ore Diurne;0;0;0;2;;;0;1;Autovettura privata;In marcia / fermata / arresto;Renault;Twingo;Conducente;1971;F;Illeso;0;;Non accertato;Inesploso
3706664;19;28/02/2018 07:45:00;Strada Urbana;LARGO INES BEDESCHI;all'intersezione con;VIA DI SELVA NERA;VIA DI SELVA NERA;;;Scontro laterale fra veicoli in marcia;Incrocio;Una carreggiata a doppio senso;Asciutto;Asfaltata;Verticale ed orizzontale;Nuvoloso;Scarso;Buona;Ore Diurne;0;0;0;2;;;0;2;Autovettura privata;In marcia / fermata / arresto;Renault;Clio;Conducente;1997;M;Illeso;0;;Non accertato;Inesploso
3706669;17;28/02/2018 21:25:00;Strada Urbana;VIALE ANGELICO;all'intersezione semaforizzata con;VIALE GIUSEPPE MAZZINI;VIALE GIUSEPPE MAZZINI;;;Scontro frontale/laterale DX fra veicoli in marcia;Intersezione semaforizzata;Più di due carreggiate;Bagnato (umidità in atto);Asfaltata;Verticale ed orizzontale;Pioggia in atto;Normale;Buona;Sufficiente;0;0;0;2;;;0;1;Motociclo a solo;In marcia / fermata / arresto;Honda;Chiocciola;Conducente;1958;M;Illeso;0;;;
3706669;17;28/02/2018 21:25:00;Strada Urbana;VIALE ANGELICO;all'intersezione semaforizzata con;VIALE GIUSEPPE MAZZINI;VIALE GIUSEPPE MAZZINI;;;Scontro frontale/laterale DX fra veicoli in marcia;Intersezione semaforizzata;Più di due carreggiate;Bagnato (umidità in atto);Asfaltata;Verticale ed orizzontale;Pioggia in atto;Normale;Buona;Sufficiente;0;0;0;2;;;0;2;Motociclo a solo;In marcia / fermata / arresto;Honda;sh300;Conducente;1974;M;Illeso;0;;;