Protocollo;Gruppo;DataOraIncidente;Localizzazione1;STRADA1;Localizzazione2;STRADA2;Strada02;Chilometrica;DaSpecificare;NaturaIncidente;particolaritastrade;TipoStrada;FondoStradale;Pavimentazione;Segnaletica;CondizioneAtmosferica;Traffico;Visibilita;Illuminazione;NUM_FERITI;NUM_RISERVATA;NUM_MORTI;NUM_ILLESI;Longitudine;Latitudine;Confermato;Progressivo;TipoVeicolo;StatoVeicolo;Marca;Modello;TipoPersona;AnnoNascita;Sesso;Tipolesione;Deceduto;DecedutoDopo;CinturaCascoUtilizzato;Airbag;
3706677;6;28/02/2018 20:50:00;Strada Urbana;VIA PRENESTINA;all'intersezione con;VIA GIROLAMO COCCONI;VIA GIROLAMO COCCONI;;;Scontro frontale/laterale DX fra veicoli in marcia;Intersezione semaforizzata;Due carreggiate;Asciutto;Asfaltata;Verticale ed orizzontale;Nuvoloso;Normale;Buona;Sufficiente;0;0;0;1;;;0;2;Autovettura privata;In marcia / fermata / arresto;Chevrolet;Matiz;Conducente;1981;M;Illeso;0;;;
3706687;19;28/02/2018 18:45:00;;VIA DELLA PINETA SACCHETTI;da specificare;;;;prossimità VIA SERELLE MARCHISIO;Tamponamento Multiplo;;;;;;;;;;1;0;0;3;;;0;1;Autovettura privata;In marcia / fermata / arresto;Ford;FOCUS C - MAX;Conducente;1965;M;Illeso;0;;;
3706687;19;28/02/2018 18:45:00;;VIA DELLA PINETA SACCHETTI;da specificare;;;;prossimità VIA SERELLE MARCHISIO;Tamponamento Multiplo;;;;;;;;;;1;0;0;3;;;0;2;Autovettura privata;In marcia / fermata / arresto;Mercedes;B180;Conducente;1956;M;Illeso;0;;;
3706687;19;28/02/2018 18:45:00;;VIA DELLA PINETA SACCHETTI;da specificare;;;;prossimità VIA SERELLE MARCHISIO;Tamponamento Multiplo;;;;;;;;;;1;0;0;3;;;0;2;Autovettura privata;In marcia / fermata / arresto;Mercedes;B180;Passeggero;1961;F;Rimandato;0;NON DECEDUTO;;
3706687;19;28/02/2018 18:45:00;;VIA DELLA PINETA SACCHETTI;da specificare;;;;prossimità VIA SERELLE MARCHISIO;Tamponamento Multiplo;;;;;;;;;;1;0;0;3;;;0;3;Autovettura privata;In marcia / fermata / arresto;Renault;Captur;Conducente;1959;M;Illeso;0;;;
3706710;1;28/02/2018 20:10:00;Strada Urbana;VIA DEI LATERANI;all'intersezione semaforizzata con;VIA DELL'AMBA ARADAM;VIA DELL'AMBA ARADAM;;;Scontro laterale fra veicoli in marcia;Intersezione semaforizzata;Una carreggiata a senso unico di marcia;Asciutto;Asfaltata;Verticale ed orizzontale;Nuvoloso;Normale;Sufficiente;Sufficiente;0;0;0;3;;;0;1;Autovettura privata;In marcia / fermata / arresto;Lancia;Ypsilon;Conducente;1994;F;Illeso;0;;Non accertato;Inesploso
3706710;1;28/02/2018 20:10:00;Strada Urbana;VIA DEI LATERANI;all'intersezione semaforizzata con;VIA DELL'AMBA ARADAM;VIA DELL'AMBA ARADAM;;;Scontro laterale fra veicoli in marcia;Intersezione semaforizzata;Una carreggiata a senso unico di marcia;Asciutto;Asfaltata;Verticale ed orizzontale;Nuvoloso;Normale;Sufficiente;Sufficiente;0;0;0;3;;;0;2;Autovettura privata;In marcia / fermata / arresto;Lancia;Ypsilon;Conducente;1991;M;Illeso;0;;Non accertato;Inesploso
3706710;1;28/02/2018 20:10:00;Strada Urbana;VIA DEI LATERANI;all'intersezione semaforizzata con;VIA DELL'AMBA ARADAM;VIA DELL'AMBA ARADAM;;;Scontro laterale fra veicoli in marcia;Intersezione semaforizzata;Una carreggiata a senso unico di marcia;Asciutto;Asfaltata;Verticale ed orizzontale;Nuvoloso;Normale;Sufficiente;Sufficiente;0;0;0;3;;;0;2;Autovettura privata;In marcia / fermata / arresto;Lancia;Ypsilon;Passeggero;1957;F;Illeso;0;;Non accertato;Inesploso
3706718;19;28/02/2018 18:55:00;Strada Urbana;VIALE DELLE MEDAGLIE D'ORO;in prossimità;;del civico n.;84;;Veicolo in marcia contro veicolo in sosta;Rettilineo;Una carreggiata a doppio senso;Asciutto;Asfaltata;Assente;Sereno;Scarso;Buona;Sufficiente;0;0;0;1;12,44483;41,9113;0;1;Quadriciclo leggero;In marcia / fermata / arresto;Ligier;JS 50;Conducente;2002;F;Illeso;0;;Non accertato;
3706743;11;28/02/2018 19:00:00;;VIA DI FIORANELLO;in prossimità;;del civico n.;101;;Veicolo in marcia contro ostacolo fisso;;;;;;;;;;0;0;0;1;;;0;1;Autovettura privata;In marcia / fermata / arresto;Lancia;Ypsilon;Conducente;1981;F;Illeso;0;;Non accertato;
3706751;17;28/02/2018 23:57:00;Strada Urbana;PIAZZALE MARESCIALLO GIARDINO;da specificare;;;;in prossimità Viale Angelico;Scontro frontale/laterale SX fra veicoli in marcia;Rettilineo;Una carreggiata a doppio senso;Bagnato (pioggia);Asfaltata;Verticale ed orizzontale;Pioggia in atto;Normale;Buona;Sufficiente;0;0;0;1;12,45929;41,92357;0;1;Autovettura privata;In marcia / fermata / arresto;Mercedes;E200;Conducente;1968;M;Illeso;0;;;
3706753;18;28/02/2018 07:00:00;;VIA DI CASALOTTI;da specificare;;;;ROTATORIA IN PROSS. VIA  U. HOEPLI;Fuoriuscita dalla sede stradale;;;;;;;;;;0;0;0;1;12,36849;41,91586;0;1;Autovettura privata;In marcia / fermata / arresto;Toyota;Rav 4;Conducente;0;M;Illeso;0;;;
3706756;1;28/02/2018 22:30:00;Strada Urbana;VIALE AVENTINO;all'intersezione semaforizzata con;PIAZZA DI PORTA CAPENA;PIAZZA DI PORTA CAPENA;;;Tamponamento;Intersezione semaforizzata;Due carreggiate;Bagnato (pioggia);Asfaltata;Verticale ed orizzontale;Pioggia in atto;Scarso;Sufficiente;Sufficiente;0;0;0;2;;;0;1;Autovettura pubblica;In marcia / fermata / arresto;Toyota;prius;Conducente;1955;M;Illeso;0;;Non accertato;Inesploso
3706756;1;28/02/2018 22:30:00;Strada Urbana;VIALE AVENTINO;all'intersezione semaforizzata con;PIAZZA DI PORTA CAPENA;PIAZZA DI PORTA CAPENA;;;Tamponamento;Intersezione semaforizzata;Due carreggiate;Bagnato (pioggia);Asfaltata;Verticale ed orizzontale;Pioggia in atto;Scarso;Sufficiente;Sufficiente;0;0;0;2;;;0;2;Autovettura privata;In marcia / fermata / arresto;Opel;Corsa;Conducente;1988;M;Illeso;0;;Non accertato;Inesploso
3706764;7;28/02/2018 14:45:00;Strada Urbana;VIA DEI GELSI;all'intersezione con;VIA DEI CICLAMINI;VIA DEI CICLAMINI;;;Scontro frontale/laterale DX fra veicoli in marcia;Incrocio;Una carreggiata a doppio senso;Asciutto;Asfaltata;Verticale ed orizzontale;Sereno;Scarso;Buona;Ore Diurne;0;0;0;3;12,56721;41,88888;0;1;Autocarro inferiore 35 q.;In marcia / fermata / arresto;Fiat;Doblo';Conducente;1989;M;Illeso;0;;Non accertato;Inesploso
3706764;7;28/02/2018 14:45:00;Strada Urbana;VIA DEI GELSI;all'intersezione con;VIA DEI CICLAMINI;VIA DEI CICLAMINI;;;Scontro frontale/laterale DX fra veicoli in marcia;Incrocio;Una carreggiata a doppio senso;Asciutto;Asfaltata;Verticale ed orizzontale;Sereno;Scarso;Buona;Ore Diurne;0;0;0;3;12,56721;41,88888;0;1;Autocarro inferiore 35 q.;In marcia / fermata / arresto;Fiat;Doblo';Passeggero;1990;F;Illeso;0;;Non accertato;Inesploso
3706764;7;28/02/2018 14:45:00;Strada Urbana;VIA DEI GELSI;all'intersezione con;VIA DEI CICLAMINI;VIA DEI CICLAMINI;;;Scontro frontale/laterale DX fra veicoli in marcia;Incrocio;Una carreggiata a doppio senso;Asciutto;Asfaltata;Verticale ed orizzontale;Sereno;Scarso;Buona;Ore Diurne;0;0;0;3;12,56721;41,88888;0;2;Autovettura privata;In marcia / fermata / arresto;Renault;Clio;Conducente;1994;M;Illeso;0;;Non accertato;Inesploso
3706798;10;28/02/2018 09:40:00;;VIA BERNARDINO ALIMENA;in corrispondenza;;del civico n.;105;;Ribaltamento senza urto contro ostacolo fisso;;;;;;;;;;0;0;0;1;;;0;1;Autovettura privata;In marcia / fermata / arresto;Toyota;Yaris;Conducente;1955;M;Illeso;0;;;
3706851;10;28/02/2018 16:20:00;;VIA SCRIBONIO CURIONE;all'intersezione con;VIA AURELIO COTTA;VIA AURELIO COTTA;;;Veicolo in marcia contro veicolo arresto;;;;;;;;;;0;0;0;2;;;0;1;Autovettura privata;In marcia / fermata / arresto;Opel;Corsa;Conducente;1992;M;Illeso;0;;;
3706851;10;28/02/2018 16:20:00;;VIA SCRIBONIO CURIONE;all'intersezione con;VIA AURELIO COTTA;VIA AURELIO COTTA;;;Veicolo in marcia contro veicolo arresto;;;;;;;;;;0;0;0;2;;;0;2;Autovettura privata;In marcia / fermata / arresto;Mercedes;C220 CDI;Conducente;1968;M;Illeso;0;;;
3706863;3;25/02/2018 19:15:00;;CIRCONVALLAZIONE TIBURTINA;da specificare;;;;altezza ingressi Università proc civico 4;Scontro laterale fra veicoli in marcia;;;;;;;;;;1;0;0;1;;;0;1;Autovettura privata;In marcia / fermata / arresto;Opel;Zafira;Conducente;0;M;Illeso;0;;;
3706863;3;25/02/2018 19:15:00;;CIRCONVALLAZIONE TIBURTINA;da specificare;;;;altezza ingressi Università proc civico 4;Scontro laterale fra veicoli in marcia;;;;;;;;;;1;0;0;1;;;0;2;Motociclo a solo;In marcia / fermata / arresto;Honda;SH 300i;Conducente;0;M;Rifiuta cure immediate;0;NON DECEDUTO;;
3706920;3;27/02/2018 10:00:00;Strada Urbana;VIA TIBURTINA;da specificare;;;;altezza fronte civico 261;Scontro laterale fra veicoli in marcia;Rettilineo;Più di due carreggiate;Asciutto;Asfaltata;Verticale;Sereno;Normale;Buona;Ore Diurne;0;0;0;2;12,52361;41,90725;0;1;Autovettura privata;In marcia / fermata / arresto;Audi;Q5;Conducente;1967;F;Illeso;0;;Non accertato;
3706920;3;27/02/2018 10:00:00;Strada Urbana;VIA TIBURTINA;da specificare;;;;altezza fronte civico 261;Scontro laterale fra veicoli in marcia;Rettilineo;Più di due carreggiate;Asciutto;Asfaltata;Verticale;Sereno;Normale;Buona;Ore Diurne;0;0;0;2;12,52361;41,90725;0;2;Autobus di linea;In marcia / fermata / arresto;Evobus;GMBH;Conducente;1981;M;Illeso;0;;Non accertato;
3706927;10;28/02/2018 23:00:00;;VIA DI TOR VERGATA;da specificare;;;;fronte civico 464;Veicolo in marcia contro ostacolo accidentale;;;;;;;;;;0;0;0;1;;;0;1;Autovettura privata;In marcia / fermata / arresto;Opel;Corsa;Conducente;1993;M;Illeso;0;;;
3706952;3;27/02/2018 11:50:00;;CIRCONVALLAZIONE NOMENTANA;in prossimità;;del civico n.;546;;Scontro frontale fra veicoli in marcia;;;;;;;;;;0;0;0;1;;;0;1;Autovettura privata;In marcia / fermata / arresto;Volkswagen;Passat;Conducente;0;M;Illeso;0;;;
3706962;3;27/02/2018 12:00:00;;CIRCONVALLAZIONE NOMENTANA;in corrispondenza;;del civico n.;546;;Scontro laterale fra veicoli in marcia;;;;;;;;;;0;0;0;1;;;0;1;Autovettura privata;In marcia / fermata / arresto;Dacia;Duster;Conducente;0;M;Illeso;0;;;
3706971;3;27/02/2018 12:55:00;;LARGO SETTIMIO PASSAMONTI;da specificare;;;;ALT. PROX F. AREA PARCHEGGIO VERANO;Veicolo in marcia contro ostacolo accidentale;;;;;;;;;;0;0;0;1;;;0;1;Autovettura privata;In marcia / fermata / arresto;Alfa Romeo;MITO;Conducente;0;M;Illeso;0;;;
3707013;5;28/02/2018 07:50:00;;VIA DEI DURANTINI;da specificare;;;;all'altezza di VIA LUIGI LODI;Ribaltamento senza urto contro ostacolo fisso;;;;;;;;;;1;0;0;0;;;0;1;Motociclo a solo;In marcia / fermata / arresto;Yamaha;T- MAX;Conducente;0;M;Rimandato;0;NON DECEDUTO;;
3707023;5;20/02/2018 08:00:00;;PIAZZA TOMMASO DE CRISTOFORIS;all'intersezione con;VIA GIOVANNI PITTALUGA;VIA GIOVANNI PITTALUGA;;;Scontro laterale fra veicoli in marcia;;;;;;;;;;0;0;0;2;;;0;1;Autovettura privata;In marcia / fermata / arresto;Fiat;Panda;Conducente;0;M;Illeso;0;;;
3707023;5;20/02/2018 08:00:00;;PIAZZA TOMMASO DE CRISTOFORIS;all'intersezione con;VIA GIOVANNI PITTALUGA;VIA GIOVANNI PITTALUGA;;;Scontro laterale fra veicoli in marcia;;;;;;;;;;0;0;0;2;;;0;2;Autovettura privata;In marcia / fermata / arresto;Renault;Clio;Conducente;0;M;Illeso;0;;;
3707029;5;28/02/2018 10:30:00;;VIA TIBURTINA;in prossimità;;del civico n.;1210;;Scontro laterale fra veicoli in marcia;;;;;;;;;;0;0;0;2;;;0;1;Autocarro superiore 35 q.;In marcia / fermata / arresto;Iveco;stralis;Conducente;0;M;Illeso;0;;;
3707029;5;28/02/2018 10:30:00;;VIA TIBURTINA;in prossimità;;del civico n.;1210;;Scontro laterale fra veicoli in marcia;;;;;;;;;;0;0;0;2;;;0;2;Autovettura privata;In marcia / fermata / arresto;Ford;Fiesta;Conducente;0;M;Illeso;0;;;
3707037;5;28/02/2018 10:40:00;;VIA PIETRO ARETINO;in corrispondenza;;del civico n.;61/63;;Veicolo in marcia contro veicolo fermo;;;;;;;;;;0;0;0;2;;;0;1;Autovettura di polizia;In marcia / fermata / arresto;Peugeot;208;Conducente;0;M;Illeso;0;;;
3707037;5;28/02/2018 10:40:00;;VIA PIETRO ARETINO;in corrispondenza;;del civico n.;61/63;;Veicolo in marcia contro veicolo fermo;;;;;;;;;;0;0;0;2;;;0;2;Autovettura privata;In marcia / fermata / arresto;Fiat;Bravo;Conducente;0;M;Illeso;0;;;
3707047;5;28/02/2018 17:30:00;;VIA DEI MONTI TIBURTINI;in prossimità;;del civico n.;500;;Scontro laterale fra veicoli in marcia;;;;;;;;;;0;0;0;2;;;0;1;Motociclo a solo;In marcia / fermata / arresto;Honda;SH 150;Conducente;0;M;Illeso;0;;;
3707047;5;28/02/2018 17:30:00;;VIA DEI MONTI TIBURTINI;in prossimità;;del civico n.;500;;Scontro laterale fra veicoli in marcia;;;;;;;;;;0;0;0;2;;;0;2;Autovettura privata;In marcia / fermata / arresto;Renault;Megane;Conducente;0;F;Illeso;0;;;
3707064;12;24/02/2018 19:10:00;Strada Urbana;VIA RICCARDO FORSTER;da specificare;;;;via Edgardo Maddalena;Scontro laterale fra veicoli in marcia;Rettilineo;Due carreggiate;Bagnato (pioggia);Asfaltata;Verticale ed orizzontale;Pioggia in atto;Normale;Buona;Sufficiente;0;0;0;2;;;0;1;Autobus turistico;In marcia / fermata / arresto;Irisbus;(ignoto);Conducente;1986;M;Illeso;0;;Utilizzato;Inesploso
3707064;12;24/02/2018 19:10:00;Strada Urbana;VIA RICCARDO FORSTER;da specificare;;;;via Edgardo Maddalena;Scontro laterale fra veicoli in marcia;Rettilineo;Due carreggiate;Bagnato (pioggia);Asfaltata;Verticale ed orizzontale;Pioggia in atto;Normale;Buona;Sufficiente;0;0;0;2;;;0;2;Autovettura privata;In marcia / fermata / arresto;BMW;Mini One D;Conducente;1992;M;Illeso;0;;;
3707106;12;28/02/2018 13:00:00;Strada Urbana;VIA DI TOR PAGNOTTA;all'intersezione semaforizzata con;VIA DEI FUCILIERI;VIA DEI FUCILIERI;;;Veicolo in marcia contro ostacolo accidentale;Intersezione semaforizzata;Una carreggiata a doppio senso;Asciutto;Con buche;Verticale;Nuvoloso;Normale;Buona;Ore Diurne;0;0;0;1;;;0;1;Autovettura privata;In marcia / fermata / arresto;Opel;Meriva;Conducente;1970;M;Illeso;0;;Utilizzato;Inesploso
3707125;2;28/02/2018 16:40:00;;VIALE ETIOPIA;da specificare;;;;alt. via Adua;Investimento di pedone;;;;;;;;;;1;0;0;3;;;0;;;;;;Pedone;1963;F;Rimandato;0;NON DECEDUTO;;
3707125;2;28/02/2018 16:40:00;;VIALE ETIOPIA;da specificare;;;;alt. via Adua;Investimento di pedone;;;;;;;;;;1;0;0;3;;;0;1;Autovettura privata;In marcia / fermata / arresto;Toyota;Yaris;Conducente;1971;M;Illeso;0;;;
3707125;2;28/02/2018 16:40:00;;VIALE ETIOPIA;da specificare;;;;alt. via Adua;Investimento di pedone;;;;;;;;;;1;0;0;3;;;0;1;Autovettura privata;In marcia / fermata / arresto;Toyota;Yaris;Passeggero;2001;F;Illeso;0;;;
3707125;2;28/02/2018 16:40:00;;VIALE ETIOPIA;da specificare;;;;alt. via Adua;Investimento di pedone;;;;;;;;;;1;0;0;3;;;0;1;Autovettura privata;In marcia / fermata / arresto;Toyota;Yaris;Passeggero;2002;F;Illeso;0;;;
3707128;2;28/02/2018 18:20:00;;VIALE PARIOLI;da specificare;;;;alt. via U. Boccioni;Scontro frontale/laterale SX fra veicoli in marcia;;;;;;;;;;1;0;0;1;;;0;1;Autovettura privata;In marcia / fermata / arresto;Fiat;124;Conducente;1983;M;Illeso;0;;;
3707128;2;28/02/2018 18:20:00;;VIALE PARIOLI;da specificare;;;;alt. via U. Boccioni;Scontro frontale/laterale SX fra veicoli in marcia;;;;;;;;;;1;0;0;1;;;0;2;Motociclo a solo;In marcia / fermata / arresto;Betamotor;(ignoto);Conducente;1947;M;Rimandato;0;NON DECEDUTO;;
3707133;2;28/02/2018 19:00:00;;CIRCONVALLAZIONE SALARIA;da specificare;;;;rampa di accesso via Salaria GRA;Scontro laterale fra veicoli in marcia;;;;;;;;;;0;0;0;2;;;0;1;Autovettura privata;In marcia / fermata / arresto;Fiat;500;Conducente;1959;M;Illeso;0;;;
3707133;2;28/02/2018 19:00:00;;CIRCONVALLAZIONE SALARIA;da specificare;;;;rampa di accesso via Salaria GRA;Scontro laterale fra veicoli in marcia;;;;;;;;;;0;0;0;2;;;0;2;Autovettura privata;In marcia / fermata / arresto;Volkswagen;Golf;Conducente;1969;M;Illeso;0;;;
3707168;1;23/02/2018 20:20:00;Strada Urbana;VIA DELLA FERRATELLA IN LATERANO;in prossimità;;del palo luce n.;1;;Veicolo in marcia contro ostacolo fisso;Curva a visuale libera;Una carreggiata a senso unico di marcia;Asciutto;Asfaltata;Orizzontale;Sereno;Normale;Sufficiente;Sufficiente;0;0;0;1;;;0;1;Autovettura privata;In marcia / fermata / arresto;Mercedes;GLK;Conducente;1977;M;Illeso;0;;;
3707205;4;28/02/2018 10:05:00;;VIALE CARMELO BENE;in prossimità;;del civico n.;50;;Tamponamento;;;;;;;;;;0;0;0;2;;;0;1;Autovettura privata;In marcia / fermata / arresto;Opel;Astra;Conducente;1942;M;Illeso;0;;;
3707205;4;28/02/2018 10:05:00;;VIALE CARMELO BENE;in prossimità;;del civico n.;50;;Tamponamento;;;;;;;;;;0;0;0;2;;;0;2;Autovettura privata;In marcia / fermata / arresto;Citroen;C3;Conducente;1990;M;Illeso;0;;;
3707212;4;28/02/2018 19:30:00;;VIA SALARIA;in corrispondenza;;del civico n.;1021;;Veicolo in marcia contro ostacolo accidentale;;;;;;;;;;0;0;0;1;;;0;1;Autovettura privata;In marcia / fermata / arresto;Fiat;500;Conducente;1987;M;Illeso;0;;;
3707225;4;28/02/2018 11:30:00;;VIADOTTO SANDRO PERTINI;da specificare;;;;prossimità fronte via G. Pederzini;Veicolo in marcia contro ostacolo accidentale;;;;;;;;;;0;0;0;1;;;0;1;Autocarro inferiore 35 q.;In marcia / fermata / arresto;Ford;Transit;Conducente;1976;M;Illeso;0;;;
3707253;16;28/02/2018 12:45:00;;VIA FERDINANDO PALASCIANO;all'intersezione con;VIA STEFANO BOCCAPADULI;VIA STEFANO BOCCAPADULI;;;Scontro frontale/laterale DX fra veicoli in marcia;;;;;;;;;;0;0;0;2;;;0;1;Autovettura privata;In marcia / fermata / arresto;Mitsubishi;(non accertato);Conducente;0;M;Illeso;0;;;
3707253;16;28/02/2018 12:45:00;;VIA FERDINANDO PALASCIANO;all'intersezione con;VIA STEFANO BOCCAPADULI;VIA STEFANO BOCCAPADULI;;;Scontro frontale/laterale DX fra veicoli in marcia;;;;;;;;;;0;0;0;2;;;0;2;Autovettura privata;In marcia / fermata / arresto;Fiat;Tipo;Conducente;0;M;Illeso;0;;;
3707263;16;28/02/2018 15:30:00;;VIA DEL CASALETTO;in corrispondenza;;del civico n.;260;;Investimento di pedone;;;;;;;;;;0;0;0;2;;;0;;;;;;Pedone;0;M;Illeso;0;;;
3707263;16;28/02/2018 15:30:00;;VIA DEL CASALETTO;in corrispondenza;;del civico n.;260;;Investimento di pedone;;;;;;;;;;0;0;0;2;;;0;1;Autovettura privata;In marcia / fermata / arresto;Lancia;Ypsilon;Conducente;0;F;Illeso;0;;;
3707273;16;28/02/2018 19:10:00;;LARGO CARDINAL DOMENICO FERRATA;da specificare;;;;.;Scontro laterale fra veicoli in marcia;;;;;;;;;;0;0;0;3;;;0;1;Autovettura privata;In marcia / fermata / arresto;Smart ;(non accertato);Conducente;0;M;Illeso;0;;;
3707273;16;28/02/2018 19:10:00;;LARGO CARDINAL DOMENICO FERRATA;da specificare;;;;.;Scontro laterale fra veicoli in marcia;;;;;;;;;;0;0;0;3;;;0;1;Autovettura privata;In marcia / fermata / arresto;Smart ;(non accertato);Passeggero;0;F;Illeso;0;;;
3707273;16;28/02/2018 19:10:00;;LARGO CARDINAL DOMENICO FERRATA;da specificare;;;;.;Scontro laterale fra veicoli in marcia;;;;;;;;;;0;0;0;3;;;0;2;Autovettura privata;In marcia / fermata / arresto;Ford;Fiesta;Conducente;0;M;Illeso;0;;;
3707290;16;28/02/2018 23:20:00;;VIA ADELAIDE BONO CAIROLI;all'intersezione con;VIA ROSA GUARNIERI CARDUCCI;VIA ROSA GUARNIERI CARDUCCI;;;Scontro frontale/laterale SX fra veicoli in marcia;;;;;;;;;;0;0;0;3;;;0;1;Autovettura privata;In marcia / fermata / arresto;Opel;Corsa;Conducente;0;M;Illeso;0;;;
3707290;16;28/02/2018 23:20:00;;VIA ADELAIDE BONO CAIROLI;all'intersezione con;VIA ROSA GUARNIERI CARDUCCI;VIA ROSA GUARNIERI CARDUCCI;;;Scontro frontale/laterale SX fra veicoli in marcia;;;;;;;;;;0;0;0;3;;;0;2;Autovettura privata;In marcia / fermata / arresto;Mercedes;180;Conducente;0;M;Illeso;0;;;
3707290;16;28/02/2018 23:20:00;;VIA ADELAIDE BONO CAIROLI;all'intersezione con;VIA ROSA GUARNIERI CARDUCCI;VIA ROSA GUARNIERI CARDUCCI;;;Scontro frontale/laterale SX fra veicoli in marcia;;;;;;;;;;0;0;0;3;;;0;2;Autovettura privata;In marcia / fermata / arresto;Mercedes;180;Passeggero;0;M;Illeso;0;;;
3707320;23;28/02/2018 18:35:00;Comunale extraurbana;VIA CRISTOFORO COLOMBO;all'intersezione semaforizzata con;VIA LIDO DI CASTEL PORZIANO;VIA LIDO DI CASTEL PORZIANO;;;Scontro frontale/laterale DX fra veicoli in marcia;Intersezione semaforizzata;Più di due carreggiate;Bagnato (umidità in atto);Asfaltata;Verticale ed orizzontale;Pioggia in atto;Normale;Buona;Sufficiente;0;0;0;2;;;0;1;Autovettura privata;In marcia / fermata / arresto;Hyundai;Santafè;Conducente;1964;M;Illeso;0;;Non accertato;Inesploso
3707320;23;28/02/2018 18:35:00;Comunale extraurbana;VIA CRISTOFORO COLOMBO;all'intersezione semaforizzata con;VIA LIDO DI CASTEL PORZIANO;VIA LIDO DI CASTEL PORZIANO;;;Scontro frontale/laterale DX fra veicoli in marcia;Intersezione semaforizzata;Più di due carreggiate;Bagnato (umidità in atto);Asfaltata;Verticale ed orizzontale;Pioggia in atto;Normale;Buona;Sufficiente;0;0;0;2;;;0;2;Autovettura privata;In marcia / fermata / arresto;Daewoo;Kalos;Conducente;1943;M;Illeso;0;;Non accertato;Inesploso
3707414;23;27/02/2018 04:00:00;;VIA DELL'ARCADIA;in corrispondenza;;del civico n.;60;;Veicolo in marcia contro ostacolo fisso;;;;;;;;;;0;0;0;1;;;0;1;Autoarticolato;In marcia / fermata / arresto;Scania;CV R 113;Conducente;1966;M;Illeso;0;;;
3707781;1;27/02/2018 17:30:00;Strada Urbana;VIA CRISTOFORO COLOMBO;da specificare;;;;ALTEZZA CAVALCAVIA VIALE MARCO POLO;Veicolo in marcia contro ostacolo accidentale;Rettilineo;Più di due carreggiate;Asciutto;Con buche;Verticale ed orizzontale;Sereno;Intenso;Buona;Sufficiente;0;0;0;1;;;0;1;Autovettura privata;In marcia / fermata / arresto;Ford;Fiesta;Conducente;1997;F;Illeso;0;;Non accertato;
3707823;1;28/02/2018 10:00:00;Strada Urbana;PIAZZA S. FRANCESCO D'ASSISI;in prossimità;;del civico n.;91;;Scontro frontale fra veicoli in marcia;Rettilineo;Una carreggiata a doppio senso;Asciutto;In cubetti di porfido;Verticale ed orizzontale;Grandine in atto;Scarso;Buona;Ore Diurne;0;0;0;3;;;0;1;Autovettura privata;In marcia / fermata / arresto;Opel;Vivaro;Conducente;1977;M;Illeso;0;;Non accertato;
3707823;1;28/02/2018 10:00:00;Strada Urbana;PIAZZA S. FRANCESCO D'ASSISI;in prossimità;;del civico n.;91;;Scontro frontale fra veicoli in marcia;Rettilineo;Una carreggiata a doppio senso;Asciutto;In cubetti di porfido;Verticale ed orizzontale;Grandine in atto;Scarso;Buona;Ore Diurne;0;0;0;3;;;0;1;Autovettura privata;In marcia / fermata / arresto;Opel;Vivaro;Passeggero;1970;M;Illeso;0;;Non accertato;
3707823;1;28/02/2018 10:00:00;Strada Urbana;PIAZZA S. FRANCESCO D'ASSISI;in prossimità;;del civico n.;91;;Scontro frontale fra veicoli in marcia;Rettilineo;Una carreggiata a doppio senso;Asciutto;In cubetti di porfido;Verticale ed orizzontale;Grandine in atto;Scarso;Buona;Ore Diurne;0;0;0;3;;;0;2;Autovettura privata;In marcia / fermata / arresto;Kia;SOUL;Conducente;1968;M;Illeso;0;;Non accertato;
3708591;1;27/02/2018 11:00:00;;PIAZZA DI PORTA CAPENA;all'intersezione con;VIA DEI CERCHI;VIA DEI CERCHI;;;Veicolo in marcia contro ostacolo fisso;;;;;;;;;;0;0;0;1;;;0;1;Autovettura privata;In marcia / fermata / arresto;Fiat;Panda;Conducente;1969;F;Illeso;0;;;
3708673;3;28/02/2018 09:00:00;;VIA TIBURTINA;in corrispondenza;;del civico n.;221;;Scontro frontale/laterale DX fra veicoli in marcia;;;;;;;;;;0;0;0;1;;;0;1;Autovettura privata;In marcia / fermata / arresto;Lancia;Ypsilon;Conducente;0;M;Illeso;0;;;
3708686;3;28/02/2018 17:50:00;;VIALE DEL POLICLINICO;in corrispondenza;;del civico n.;147;;Veicolo in marcia contro ostacolo accidentale;;;;;;;;;;0;0;0;1;;;0;1;Motociclo a solo;In marcia / fermata / arresto;Yamaha;(non accertato);Conducente;0;M;Illeso;0;;;
3708688;3;28/02/2018 18:00:00;;VIA DEI RAMNI;in prossimità;;del civico n.;16;;Veicolo in marcia contro ostacolo accidentale;;;;;;;;;;1;0;0;0;;;0;1;Motociclo a solo;In marcia / fermata / arresto;Sym;city com 300;Conducente;0;M;Rifiuta cure immediate;0;NON DECEDUTO;;
3708696;3;28/02/2018 19:50:00;;VIA GIULIO ROMANO;all'intersezione con;VIA ANDREA SACCHI;VIA ANDREA SACCHI;;;Investimento di pedone;;;;;;;;;;1;0;0;2;;;0;;;;;;Pedone;0;M;Rifiuta cure immediate;0;NON DECEDUTO;;
3708696;3;28/02/2018 19:50:00;;VIA GIULIO ROMANO;all'intersezione con;VIA ANDREA SACCHI;VIA ANDREA SACCHI;;;Investimento di pedone;;;;;;;;;;1;0;0;2;;;0;1;Autovettura privata;In marcia / fermata / arresto;Daimler;Chrysler;Conducente;0;M;Illeso;0;;;
3708696;3;28/02/2018 19:50:00;;VIA GIULIO ROMANO;all'intersezione con;VIA ANDREA SACCHI;VIA ANDREA SACCHI;;;Investimento di pedone;;;;;;;;;;1;0;0;2;;;0;1;Autovettura privata;In marcia / fermata / arresto;Daimler;Chrysler;Passeggero;0;M;Illeso;0;;;